{
    "Defaults": {
        "IndividualAttributes": {
            "AgeDistribution": {
                "AxisScaleFactors": 1,
                "DistributionValues": [
                    0,
                    0.12628108381668385,
                    0.24245431233900344,
                    0.3533023698148885,
                    0.4587584996242828,
                    0.557384099978679,
                    0.6481370714343669,
                    0.7306390095049238,
                    0.8040651709710617,
                    0.8670652470543984,
                    0.9181632280919444,
                    0.9560119417766363,
                    0.9804847953391446,
                    0.9934261223619331,
                    0.9984747158750049,
                    0.9997865927361987,
                    0.9999846911625759,
                    0.9999995444498708,
                    0.999999996688638,
                    0.9999999999967927,
                    0.9999999999999996,
                    0.9999999999999998
                ],
                "NumDistributionAxes": 0,
                "ResultScaleFactor": 365,
                "ResultUnits": "years",
                "ResultValues": [
                    0,
                    5,
                    10,
                    15,
                    20,
                    25,
                    30,
                    35,
                    40,
                    45,
                    50,
                    55,
                    60,
                    65,
                    70,
                    75,
                    80,
                    85,
                    90,
                    95,
                    100,
                    105
                ]
            },
            "AgeDistribution1": 9.89079880935995e-05,
            "AgeDistribution2": 0,
            "AgeDistributionFlag": 3,
            "FertilityDistribution": {
                "AxisNames": [
                    "age",
                    "year"
                ],
                "AxisScaleFactors": [
                    365,
                    1
                ],
                "AxisUnits": [
                    "years",
                    "years"
                ],
                "NumDistributionAxes": 2,
                "NumPopulationGroups": [
                    2,
                    1
                ],
                "PopulationGroups": [
                    [
                        0,
                        15
                    ],
                    [
                        0
                    ]
                ],
                "ResultScaleFactor": 2.739726027397e-06,
                "ResultUnits": "annual births per 1000 individuals",
                "ResultValues": [
                    [
                        14
                    ],
                    [
                        14
                    ]
                ]
            },
            "HIVTBCoinfMortalityDistribution": {
                "AxisNames": [
                    "age",
                    "year"
                ],
                "AxisScaleFactors": [
                    365,
                    1
                ],
                "AxisUnits": [
                    "years",
                    "years"
                ],
                "NumDistributionAxes": 2,
                "NumPopulationGroups": [
                    2,
                    1
                ],
                "PopulationGroups": [
                    [
                        0,
                        15
                    ],
                    [
                        0
                    ]
                ],
                "ResultScaleFactor": 2.739726027397e-06,
                "ResultUnits": "annual deaths per 1000 individuals",
                "ResultValues": [
                    [
                        14
                    ],
                    [
                        14
                    ]
                ]
            },
            "SusceptibilityDistribution1": 1,
            "SusceptibilityDistribution2": 0,
            "SusceptibilityDistributionFlag": 0,
            "MigrationHeterogeneityDistribution1": 1,
            "MigrationHeterogeneityDistribution2": 0,
            "MigrationHeterogeneityDistributionFlag": 0,
            "MortalityDistributionFemale": {
                "AxisNames": [
                    "age",
                    "year"
                ],
                "AxisScaleFactors": [
                    365,
                    1
                ],
                "AxisUnits": [
                    "years",
                    "years"
                ],
                "NumDistributionAxes": 2,
                "NumPopulationGroups": [
                    2,
                    1
                ],
                "PopulationGroups": [
                    [
                        0,
                        15
                    ],
                    [
                        0
                    ]
                ],
                "ResultScaleFactor": 2.739726027397e-06,
                "ResultUnits": "annual deaths per 1000 individuals",
                "ResultValues": [
                    [
                        14
                    ],
                    [
                        14
                    ]
                ]
            },
            "MortalityDistributionMale": {
                "AxisNames": [
                    "age",
                    "year"
                ],
                "AxisScaleFactors": [
                    365,
                    1
                ],
                "AxisUnits": [
                    "years",
                    "years"
                ],
                "NumDistributionAxes": 2,
                "NumPopulationGroups": [
                    2,
                    1
                ],
                "PopulationGroups": [
                    [
                        0,
                        15
                    ],
                    [
                        0
                    ]
                ],
                "ResultScaleFactor": 2.739726027397e-06,
                "ResultUnits": "annual deaths per 1000 individuals",
                "ResultValues": [
                    [
                        14
                    ],
                    [
                        14
                    ]
                ]
            },
            "PrevalenceDistribution1": 0,
            "PrevalenceDistribution2": 0,
            "PrevalenceDistributionFlag": 0,
            "RiskDistribution1": 1,
            "RiskDistribution2": 0,
            "RiskDistributionFlag": 0
        },
        "IndividualProperties": [],
        "NodeAttributes": {
            "Airport": 0,
            "BirthRate": 6e-05,
            "Region": 0,
            "Seaport": 0
        }
    },
    "Metadata": {
        "Author": "jsteinkraus",
        "DateCreated": "Sun Sep 25 23:19:55 2011",
        "IdReference": "Gridded world grump2.5arcmin",
        "NodeCount": 1,
        "Tool": "convertdemog.py"
    },
    "Nodes": [
        {
            "NodeAttributes": {
                "Altitude": 1,
                "InitialPopulation": 1,
                "LGA_Name": "Base_Dem",
                "Latitude": 0,
                "Longitude": 0
            },
            "NodeID": 1
        }
    ]
}