{
    "Age Bins": [
        20,
        40,
        60,
        80,
        100,
        1000
    ],
    "MSP Mean by Age Bin": [
        [
            0.00235999994725,
            0.002307692256112,
            0,
            0,
            0,
            0.001599999964237
        ],
        [
            0.003299999926239,
            0.003846153760186,
            0.001359999969602,
            0,
            0.0003999999910593,
            0.009999999776484
        ],
        [
            0.03603999998793,
            0.03526153867634,
            0.03248000016809,
            0,
            0.03319999925792,
            0.03960000015795
        ],
        [
            0.04250000026077,
            0.04230769293813,
            0.04000000059605,
            0,
            0.03999999910593,
            0.05000000074506
        ]
    ],
    "Non-Specific Mean by Age Bin": [
        [
            0.006039999943226,
            0.007292307580893,
            0,
            0,
            0,
            0
        ],
        [
            0.009920000120997,
            0.01224615395642,
            0.0006399999856949,
            0,
            0,
            0.03279999926686
        ],
        [
            0.104400000304,
            0.1028923074213,
            0.0902399995625,
            0,
            0.1052000009268,
            0.1123999999464
        ],
        [
            0.1911000007391,
            0.1857692307005,
            0.1743999972939,
            0,
            0.2000000029802,
            0.2280000030994
        ]
    ],
    "PfEMP1 Mean by Age Bin": [
        [
            0.001450000001117,
            0.001501538461217,
            0,
            0,
            0,
            0
        ],
        [
            0.004329999947921,
            0.004384615329596,
            7.999999821186e-05,
            0,
            0,
            0.008360000029208
        ],
        [
            0.02690400003828,
            0.02592000001038,
            0.01926400003582,
            0,
            0.02236000034958,
            0.03296000003815
        ],
        [
            0.06227000026032,
            0.05978461564161,
            0.05250000022352,
            0,
            0.06590000018477,
            0.07379999905825
        ]
    ],
    "MSP StdDev by Age Bin": [
        [
            0.005022987046779,
            0.004213250348173,
            0,
            0,
            0,
            0.003666060474022
        ],
        [
            0.006364746514125,
            0.005517052515774,
            0.003866574625126,
            0,
            0.001959591750426,
            0
        ],
        [
            0.01706219238961,
            0.0191915665363,
            0.01986579003427,
            0,
            0.01047664044878,
            0.01370547384438
        ],
        [
            0.0147901997411,
            0.01804006088352,
            0.02000000029802,
            0,
            0,
            0
        ]
    ],
    "Non-Specific StdDev by Age Bin": [
        [
            0.01457114948749,
            0.01588586488623,
            0,
            0,
            0,
            0
        ],
        [
            0.01975838075403,
            0.02084819201168,
            0.005019003773051,
            0,
            0,
            0.01077775462735
        ],
        [
            0.0799664933369,
            0.08216084050838,
            0.07921074651293,
            0,
            0.07772361416916,
            0.06813398655149
        ],
        [
            0.0693886871614,
            0.0839034733415,
            0.08955802434645,
            0,
            9.999473043881e-08,
            0.004000002147948
        ]
    ],
    "PfEMP1 StdDev by Age Bin": [
        [
            0.003841288868336,
            0.003535859926335,
            0,
            0,
            0,
            0
        ],
        [
            0.009223507898844,
            0.007822044298339,
            0.0006273754716314,
            0,
            0,
            0.004107359332301
        ],
        [
            0.0234072378973,
            0.02168401898354,
            0.01890445203532,
            0,
            0.01939459760475,
            0.01601369439692
        ],
        [
            0.0236513658078,
            0.02732932623724,
            0.02702165805225,
            0,
            0.004392038432586,
            0.00360000100393
        ]
    ]
}
