{
    "Age Bins": [
        20,
        40,
        60,
        80,
        100,
        125
    ],
    "MSP Mean by Age Bin": [
        [
            0.00193043473946,
            0.001666666629414,
            0.002499999944121,
            0,
            0,
            0
        ],
        [
            0.003443478183902,
            0.003466666589181,
            0.003699999917298,
            0,
            0,
            0
        ],
        [
            0.03097391316424,
            0.02423333361745,
            0.02179999995976,
            0,
            0,
            0
        ],
        [
            0.03565217416895,
            0.02583333368723,
            0.02249999996275,
            0,
            0,
            0
        ]
    ],
    "Non-Specific Mean by Age Bin": [
        [
            0.005634782592888,
            0.005066666553418,
            0.00769999999553,
            0,
            0,
            0
        ],
        [
            0.01099130451679,
            0.01006666673968,
            0.01250000018626,
            0,
            0,
            0
        ],
        [
            0.09633043511406,
            0.08183333357175,
            0.07939999938011,
            0,
            0,
            0
        ],
        [
            0.1627826091712,
            0.1174166668517,
            0.112250000611,
            0,
            0,
            0
        ]
    ],
    "PfEMP1 Mean by Age Bin": [
        [
            0.001111304345338,
            0.001099999994039,
            0.00160000000149,
            0,
            0,
            0
        ],
        [
            0.003784347769359,
            0.003553333313515,
            0.004659999907017,
            0,
            0,
            0
        ],
        [
            0.0239895651619,
            0.02077000008275,
            0.02144999998621,
            0,
            0,
            0
        ],
        [
            0.05257391314954,
            0.04040000006402,
            0.04097499977797,
            0,
            0,
            0
        ]
    ],
    "MSP StdDev by Age Bin": [
        [
            0.003946868211608,
            0.003726779879199,
            0.004330126922136,
            0,
            0,
            0
        ],
        [
            0.006643978890213,
            0.00663190924667,
            0.006878226361867,
            0,
            0,
            0
        ],
        [
            0.02130746408578,
            0.02428467771552,
            0.02251133053728,
            0,
            0,
            0
        ],
        [
            0.02060521003091,
            0.02430992062549,
            0.02277608400102,
            0,
            0,
            0
        ]
    ],
    "Non-Specific StdDev by Age Bin": [
        [
            0.01433410676829,
            0.01330396736478,
            0.01642285000008,
            0,
            0,
            0
        ],
        [
            0.02099005829649,
            0.01926989611003,
            0.02165063541723,
            0,
            0,
            0
        ],
        [
            0.08779974501105,
            0.09651065016305,
            0.094539091362,
            0,
            0,
            0
        ],
        [
            0.09448761445736,
            0.1156611130642,
            0.1136988900931,
            0,
            0,
            0
        ]
    ],
    "PfEMP1 StdDev by Age Bin": [
        [
            0.002988347381344,
            0.003112876480893,
            0.003622154075085,
            0,
            0,
            0
        ],
        [
            0.007411537207758,
            0.007255835923007,
            0.008247690432228,
            0,
            0,
            0
        ],
        [
            0.02450398141422,
            0.02626627319628,
            0.02673700616701,
            0,
            0,
            0
        ],
        [
            0.03263342143,
            0.04057983911152,
            0.04203896228447,
            0,
            0,
            0
        ]
    ]
}
