{
    "Age Bins": [
        20,
        40,
        60,
        80,
        100,
        125
    ],
    "MSP Mean by Age Bin": [
        [
            0.001818181777542,
            0.001999999955297,
            0,
            0,
            0,
            0
        ],
        [
            0.003945454460653,
            0.00443999991566,
            0.003599999944369,
            0.001999999955296,
            0.0003999999910593,
            0
        ],
        [
            0.02621818201786,
            0.03304000037163,
            0.03866666691999,
            0.04880000062288,
            0.009999999776484,
            0
        ],
        [
            0.02845454574986,
            0.03650000050664,
            0.04066666699946,
            0.05000000074506,
            0.02099999971688,
            0
        ]
    ],
    "Non-Specific Mean by Age Bin": [
        [
            0.005581818148494,
            0.006879999995232,
            0,
            0,
            0,
            0
        ],
        [
            0.0105090910264,
            0.01288000014424,
            0.0007999999821187,
            0,
            0,
            0
        ],
        [
            0.0858000002395,
            0.0947200005874,
            0.1234000008305,
            0.1276000028849,
            0.03680000007152,
            0
        ],
        [
            0.1290454547852,
            0.1384000012279,
            0.1750000019868,
            0.2000000029802,
            0.05000000074506,
            0
        ]
    ],
    "PfEMP1 Mean by Age Bin": [
        [
            0.001170909093185,
            0.001288000002503,
            0,
            0,
            0,
            0
        ],
        [
            0.003503636333414,
            0.004271999947726,
            0.0001333333303531,
            0,
            0,
            0
        ],
        [
            0.02245090909302,
            0.02704799999297,
            0.02917333329096,
            0.0322000002861,
            0.00655999995768,
            0
        ],
        [
            0.0443590907634,
            0.05519000004977,
            0.06358333391448,
            0.07200000025332,
            0.01560000069439,
            0
        ]
    ],
    "MSP StdDev by Age Bin": [
        [
            0.00385694599299,
            0.003999999910593,
            0,
            0,
            0,
            0
        ],
        [
            0.007620351027488,
            0.007992896752857,
            0.009611104593576,
            0.004898979376066,
            0.001959591750426,
            0
        ],
        [
            0.02243105908272,
            0.02259996492969,
            0.01828174588527,
            0.004308132226582,
            0,
            0
        ],
        [
            0.02275107881487,
            0.0217428152403,
            0.0170163323249,
            0,
            0.01374772717049,
            0
        ]
    ],
    "Non-Specific StdDev by Age Bin": [
        [
            0.01426781614457,
            0.01636660016241,
            0,
            0,
            0,
            0
        ],
        [
            0.02207662117445,
            0.02157094368081,
            0.006881860059813,
            0,
            0,
            0
        ],
        [
            0.08718630018383,
            0.08535643921156,
            0.08341726524598,
            0.05907825523028,
            0.01891454486924,
            0
        ],
        [
            0.106436057128,
            0.09649580344557,
            0.08036375695972,
            9.999473043881e-08,
            0,
            0
        ]
    ],
    "PfEMP1 StdDev by Age Bin": [
        [
            0.003170871576719,
            0.003305307266412,
            0,
            0,
            0,
            0
        ],
        [
            0.007428139635009,
            0.007719456872884,
            0.001146976676635,
            0,
            0,
            0
        ],
        [
            0.02403172808563,
            0.02609179364664,
            0.02270469753444,
            0.01993589772234,
            0.004157691657047,
            0
        ],
        [
            0.03670797728409,
            0.03762756832172,
            0.02940764753159,
            0.008843075646681,
            0.001854724003142,
            0
        ]
    ]
}
