{
    "Age Bins": [
        20,
        40,
        60,
        80,
        100,
        125
    ],
    "MSP Mean by Age Bin": [
        [
            0.001284210497612,
            0.003599999919534,
            0,
            0.002499999944121,
            0,
            0
        ],
        [
            0.002989473625233,
            0.00599999986589,
            0.0003199999928474,
            0.002999999932945,
            0,
            0
        ],
        [
            0.02619329391734,
            0.036800000264,
            0.02024000011385,
            0.0118000001274,
            0,
            0
        ],
        [
            0.03280952404298,
            0.04166666713232,
            0.02580000016838,
            0.01400000015274,
            0,
            0
        ]
    ],
    "Non-Specific Mean by Age Bin": [
        [
            0.00311578945894,
            0.01016666662569,
            0,
            0.0075,
            0,
            0
        ],
        [
            0.008442105290136,
            0.02330000036707,
            0,
            0.01250000018626,
            0,
            0
        ],
        [
            0.07913215006876,
            0.1171000001145,
            0.0523200005442,
            0.03959999989718,
            0,
            0
        ],
        [
            0.1445238089455,
            0.1880833332116,
            0.09740000128745,
            0.05000000074505,
            0,
            0
        ]
    ],
    "PfEMP1 Mean by Age Bin": [
        [
            0.0007473684298364,
            0.001950000006085,
            0,
            0.00160000000149,
            0,
            0
        ],
        [
            0.002793684182198,
            0.007586666566009,
            0,
            0.004779999945313,
            0,
            0
        ],
        [
            0.01921301772653,
            0.03166000023485,
            0.01143999996781,
            0.01326999995857,
            0,
            0
        ],
        [
            0.04435714292562,
            0.06516666680884,
            0.03072000037879,
            0.02214999999851,
            0,
            0
        ]
    ],
    "MSP StdDev by Age Bin": [
        [
            0.003978000355356,
            0.005511200592933,
            0,
            0.004330126922136,
            0,
            0
        ],
        [
            0.007189897389061,
            0.007302967270168,
            0.002167394701018,
            0.005916079650865,
            0,
            0
        ],
        [
            0.02183644878738,
            0.01887926586013,
            0.0214089330237,
            0.02070652097088,
            0,
            0
        ],
        [
            0.02167315472708,
            0.01674979302253,
            0.02136258447988,
            0.02130727606317,
            0,
            0
        ]
    ],
    "Non-Specific StdDev by Age Bin": [
        [
            0.01149724283559,
            0.01934697790764,
            0,
            0.01608570802552,
            0,
            0
        ],
        [
            0.02179556493892,
            0.02967788241278,
            0,
            0.02165063541723,
            0,
            0
        ],
        [
            0.08669038686585,
            0.08476196076918,
            0.06970952420315,
            0.07311525137531,
            0,
            0
        ],
        [
            0.1034822818301,
            0.07698804895256,
            0.08216593090354,
            0.08660254166892,
            0,
            0
        ]
    ],
    "PfEMP1 StdDev by Age Bin": [
        [
            0.002803638377312,
            0.003964109860663,
            0,
            0.003622154075085,
            0,
            0
        ],
        [
            0.007974139855247,
            0.01015393941394,
            0,
            0.008511850476541,
            0,
            0
        ],
        [
            0.02344396120399,
            0.02482749303149,
            0.01784080714624,
            0.02474746652765,
            0,
            0
        ],
        [
            0.03358161459078,
            0.02894256770231,
            0.0295384770567,
            0.03841650037161,
            0,
            0
        ]
    ]
}
