{"patient_array":[{"id":3,"initial_age":2920.974365234,"birthday":-2910.974365234,"true_asexual_parasites":[0,0,0,0,0,0,0,0,0,0],"true_gametocytes":[0,0,0,0,0,0,0,0,0,0],"asexual_parasites":[0,0,0,0,0,0,0,0,0,0],"gametocytes":[0,0,0,0,0,0,0,0,0,0],"infected_mosquito_fraction":[0,0,0,0,0,0,0,0,0,0],"hemoglobin":[13.89080429077,13.88750362396,13.88423633575,13.88099765778,13.8777923584,13.87461566925,13.87146949768,13.86835289001,13.86526584625,13.86220932007],"temps":[-1,-1,-1,-1,-1,-1,-1,-1,-1,-1],"treatment":["","","","","","","","","",""],"asexual_positive_fields":[0,0,0,0,0,0,0,0,0,0],"gametocyte_positive_fields":[0,0,0,0,0,0,0,0,0,0]},{"id":8,"initial_age":1409.992431641,"birthday":-1399.992431641,"true_asexual_parasites":[0,0,0,0,0,0,0,0,0,0],"true_gametocytes":[0,0,0,0,0,0,0,0,0,0],"asexual_parasites":[0,0,0,0,0,0,0,0,0,0],"gametocytes":[0,0,0,0,0,0,0,0,0,0],"infected_mosquito_fraction":[0,0,0,0,0,0,0,0,0,0],"hemoglobin":[13.27093219757,13.26563644409,13.26039600372,13.25520896912,13.25007534027,13.24499607086,13.23996829987,13.23499298096,13.23007011414,13.22519779205],"temps":[-1,-1,-1,-1,-1,-1,-1,-1,-1,-1],"treatment":["","","","","","","","","",""],"asexual_positive_fields":[0,0,0,0,0,0,0,0,0,0],"gametocyte_positive_fields":[0,0,0,0,0,0,0,0,0,0]},{"id":19,"initial_age":2727.674560547,"birthday":-2717.674560547,"true_asexual_parasites":[0,0,0,0,0,0,0,0,0,0],"true_gametocytes":[0,0,0,0,0,0,0,0,0,0],"asexual_parasites":[0,0,0,0,0,0,0,0,0,0],"gametocytes":[0,0,0,0,0,0,0,0,0,0],"infected_mosquito_fraction":[0,0,0,0,0,0,0,0,0,0],"hemoglobin":[13.8410320282,13.83756351471,13.83412837982,13.83072471619,13.82735538483,13.82401752472,13.82071113586,13.81743717194,13.81419467926,13.81098365784],"temps":[-1,-1,-1,-1,-1,-1,-1,-1,-1,-1],"treatment":["","","","","","","","","",""],"asexual_positive_fields":[0,0,0,0,0,0,0,0,0,0],"gametocyte_positive_fields":[0,0,0,0,0,0,0,0,0,0]},{"id":27,"initial_age":1861.885620117,"birthday":-1851.885620117,"true_asexual_parasites":[4.137378692627,4.135831832886,59.12256240845,59.10046768188,844.8322753906,835.895690918,11446.10253906,7339.374511719,52670.12890625,22860.24804688],"true_gametocytes":[0,0,0,0,0,0,0,0,0,0],"asexual_parasites":[20,0,80,100,810,870,11210,6980,52380,22350],"gametocytes":[0,0,0,0,0,0,0,0,0,0],"infected_mosquito_fraction":[0,0,0,0,0,0,0,0,0,0],"hemoglobin":[13.52953338623,13.52502441406,13.52036190033,13.51594257355,13.5087556839,13.50444698334,13.46185302734,13.45796489716,13.26245498657,13.26030540466],"temps":[-1,-1,-1,-1,-1,38.73086166382,41.04705047607,40.9549369812,41.99227523804,40.74421691895],"treatment":["","","","","","","","","",""],"asexual_positive_fields":[6,1,26,32,168,165,200,200,200,200],"gametocyte_positive_fields":[0,0,0,0,0,0,0,0,0,0]},{"id":32,"initial_age":101.1770095825,"birthday":-91.17700958252,"true_asexual_parasites":[0,0,0,0,0,0,0,0,0,0],"true_gametocytes":[0,0,0,0,0,0,0,0,0,0],"asexual_parasites":[0,0,0,0,0,0,0,0,0,0],"gametocytes":[0,0,0,0,0,0,0,0,0,0],"infected_mosquito_fraction":[0,0,0,0,0,0,0,0,0,0],"hemoglobin":[11.07438182831,11.06383800507,11.05344009399,11.04318332672,11.0330696106,11.02309608459,11.01326179504,11.00356483459,10.99400424957,10.98457813263],"temps":[-1,-1,-1,-1,-1,-1,-1,-1,-1,-1],"treatment":["","","","","","","","","",""],"asexual_positive_fields":[0,0,0,0,0,0,0,0,0,0],"gametocyte_positive_fields":[0,0,0,0,0,0,0,0,0,0]}],"ntsteps":10}
