Year, NodeID, IndividualID, Gender, AgeYears, IndividualProperties,NumRels_Last6Months_TRANSITORY,NumRels_Last6Months_INFORMAL,NumRels_Last6Months_MARITAL,NumRels_Last6Months_COMMERCIAL,NumRels_Active_TRANSITORY,NumRels_Active_INFORMAL,NumRels_Active_MARITAL,NumRels_Active_COMMERCIAL,NumRels_Last12Months_TRANSITORY,NumRels_Last12Months_INFORMAL,NumRels_Last12Months_MARITAL,NumRels_Last12Months_COMMERCIAL,NumUniquePartners_Last-3-Months_TRANSITORY,NumUniquePartners_Last-3-Months_INFORMAL,NumUniquePartners_Last-3-Months_MARITAL,NumUniquePartners_Last-3-Months_COMMERCIAL,NumUniquePartners_Last-6-Months_TRANSITORY,NumUniquePartners_Last-6-Months_INFORMAL,NumUniquePartners_Last-6-Months_MARITAL,NumUniquePartners_Last-6-Months_COMMERCIAL,NumUniquePartners_Last-9-Months_TRANSITORY,NumUniquePartners_Last-9-Months_INFORMAL,NumUniquePartners_Last-9-Months_MARITAL,NumUniquePartners_Last-9-Months_COMMERCIAL,NumUniquePartners_Last-12-Months_TRANSITORY,NumUniquePartners_Last-12-Months_INFORMAL,NumUniquePartners_Last-12-Months_MARITAL,NumUniquePartners_Last-12-Months_COMMERCIAL
1962,1,2,F,12.0359,Risk:LOW,0,0,0,0,0,0,0,0,0,0,0,0,0,0,0,0,0,0,0,0,0,0,0,0,0,0,0,0
1962,1,3,F,20.6407,Risk:LOW,0,0,2,0,0,0,0,0,0,0,6,0,0,0,1,0,0,0,2,0,0,0,4,0,0,0,6,0
1962,1,4,M,73.3178,Risk:LOW,0,0,3,0,0,0,1,0,0,0,9,0,0,0,1,0,0,0,3,0,0,0,6,0,0,0,10,0
1962,1,5,M,39.3558,Risk:LOW,0,0,17,0,0,0,1,0,0,0,30,0,0,0,11,0,0,0,18,0,0,0,25,0,0,0,29,0
1962,1,6,M,11.2864,Risk:LOW,0,0,0,0,0,0,0,0,0,0,0,0,0,0,0,0,0,0,0,0,0,0,0,0,0,0,0,0
1962,1,7,F,7.96957,Risk:LOW,0,0,0,0,0,0,0,0,0,0,0,0,0,0,0,0,0,0,0,0,0,0,0,0,0,0,0,0
1962,1,8,F,29.0469,Risk:LOW,0,0,16,0,0,0,0,0,0,0,36,0,0,0,6,0,0,0,16,0,0,0,24,0,0,0,35,0
1962,1,9,F,51.2285,Risk:LOW,0,0,15,0,0,0,0,0,0,0,33,0,0,0,8,0,0,0,14,0,0,0,21,0,0,0,28,0
1962,1,10,M,50.0892,Risk:LOW,0,0,42,0,0,0,1,0,0,0,73,0,0,0,18,0,0,0,37,0,0,0,46,0,0,0,64,0
1962,1,11,M,37.5302,Risk:LOW,0,0,15,0,0,0,0,0,0,0,27,0,0,0,7,0,0,0,15,0,0,0,22,0,0,0,26,0
1962,1,12,M,2.87689,Risk:LOW,0,0,0,0,0,0,0,0,0,0,0,0,0,0,0,0,0,0,0,0,0,0,0,0,0,0,0,0
1962,1,13,M,44.2906,Risk:LOW,0,0,21,0,0,0,1,0,0,0,46,0,0,0,8,0,0,0,19,0,0,0,31,0,0,0,40,0
1962,1,14,M,51.7268,Risk:LOW,0,0,30,0,0,0,0,0,0,0,76,0,0,0,17,0,0,0,32,0,0,0,54,0,0,0,70,0
1962,1,15,F,21.5109,Risk:LOW,0,0,3,0,0,0,0,0,0,0,8,0,0,0,2,0,0,0,3,0,0,0,5,0,0,0,8,0
1962,1,16,M,5.47644,Risk:LOW,0,0,0,0,0,0,0,0,0,0,0,0,0,0,0,0,0,0,0,0,0,0,0,0,0,0,0,0
1962,1,17,M,6.33325,Risk:LOW,0,0,0,0,0,0,0,0,0,0,0,0,0,0,0,0,0,0,0,0,0,0,0,0,0,0,0,0
1962,1,18,M,8.23959,Risk:LOW,0,0,0,0,0,0,0,0,0,0,0,0,0,0,0,0,0,0,0,0,0,0,0,0,0,0,0,0
1962,1,19,M,3.25928,Risk:LOW,0,0,0,0,0,0,0,0,0,0,0,0,0,0,0,0,0,0,0,0,0,0,0,0,0,0,0,0
1962,1,20,M,41.0424,Risk:LOW,0,0,21,0,0,0,0,0,0,0,55,0,0,0,10,0,0,0,22,0,0,0,41,0,0,0,51,0
1962,1,21,M,45.112,Risk:LOW,0,0,23,0,0,0,0,0,0,0,46,0,0,0,17,0,0,0,25,0,0,0,32,0,0,0,43,0
1962,1,22,F,25.0803,Risk:LOW,0,0,10,0,0,0,1,0,0,0,15,0,0,0,7,0,0,0,10,0,0,0,11,0,0,0,14,0
1962,1,23,M,17.3817,Risk:LOW,0,0,0,0,0,0,0,0,0,0,2,0,0,0,0,0,0,0,0,0,0,0,2,0,0,0,2,0
1962,1,24,M,1.61016,Risk:HIGH,0,0,0,0,0,0,0,0,0,0,0,0,0,0,0,0,0,0,0,0,0,0,0,0,0,0,0,0
1962,1,25,F,25.8514,Risk:LOW,0,0,14,0,0,0,0,0,0,0,22,0,0,0,9,0,0,0,14,0,0,0,18,0,0,0,21,0
1962,1,26,M,15.9256,Risk:LOW,0,0,0,0,0,0,0,0,0,0,0,0,0,0,0,0,0,0,0,0,0,0,0,0,0,0,0,0
1962,1,27,F,11.6076,Risk:LOW,0,0,0,0,0,0,0,0,0,0,0,0,0,0,0,0,0,0,0,0,0,0,0,0,0,0,0,0
1962,1,28,M,1.60578,Risk:LOW,0,0,0,0,0,0,0,0,0,0,0,0,0,0,0,0,0,0,0,0,0,0,0,0,0,0,0,0
1962,1,29,F,49.1067,Risk:LOW,0,0,28,0,0,0,0,0,0,0,54,0,0,0,16,0,0,0,24,0,0,0,35,0,0,0,44,0
1962,1,30,M,13.9376,Risk:LOW,0,0,0,0,0,0,0,0,0,0,0,0,0,0,0,0,0,0,0,0,0,0,0,0,0,0,0,0
1962,1,31,F,50.701,Risk:LOW,0,0,19,0,0,0,1,0,0,0,41,0,0,0,12,0,0,0,18,0,0,0,25,0,0,0,36,0
1962,1,32,M,16.4021,Risk:LOW,0,0,0,0,0,0,0,0,0,0,0,0,0,0,0,0,0,0,0,0,0,0,0,0,0,0,0,0
1962,1,33,M,28.8182,Risk:LOW,0,0,8,0,0,0,2,0,0,0,11,0,0,0,5,0,0,0,8,0,0,0,9,0,0,0,11,0
1962,1,34,F,3.42764,Risk:LOW,0,0,0,0,0,0,0,0,0,0,0,0,0,0,0,0,0,0,0,0,0,0,0,0,0,0,0,0
1962,1,35,F,7.59369,Risk:LOW,0,0,0,0,0,0,0,0,0,0,0,0,0,0,0,0,0,0,0,0,0,0,0,0,0,0,0,0
1962,1,36,M,35.9515,Risk:LOW,0,0,14,0,0,0,0,0,0,0,37,0,0,0,5,0,0,0,14,0,0,0,25,0,0,0,36,0
1962,1,37,M,5.47306,Risk:LOW,0,0,0,0,0,0,0,0,0,0,0,0,0,0,0,0,0,0,0,0,0,0,0,0,0,0,0,0
1962,1,38,M,26.5608,Risk:LOW,0,0,4,0,0,0,0,0,0,0,8,0,0,0,0,0,0,0,4,0,0,0,5,0,0,0,8,0
1962,1,39,M,14.7856,Risk:LOW,0,0,0,0,0,0,0,0,0,0,0,0,0,0,0,0,0,0,0,0,0,0,0,0,0,0,0,0
1962,1,40,F,16.3593,Risk:LOW,0,0,4,0,0,0,0,0,0,0,5,0,0,0,1,0,0,0,4,0,0,0,5,0,0,0,5,0
1962,1,41,M,11.5248,Risk:LOW,0,0,0,0,0,0,0,0,0,0,0,0,0,0,0,0,0,0,0,0,0,0,0,0,0,0,0,0
1962,1,42,F,24.7142,Risk:LOW,0,0,7,0,0,0,1,0,0,0,15,0,0,0,4,0,0,0,7,0,0,0,12,0,0,0,15,0
1962,1,43,M,37.286,Risk:LOW,0,0,9,0,0,0,0,0,0,0,26,0,0,0,6,0,0,0,10,0,0,0,16,0,0,0,25,0
1962,1,44,F,8.08188,Risk:LOW,0,0,0,0,0,0,0,0,0,0,0,0,0,0,0,0,0,0,0,0,0,0,0,0,0,0,0,0
1962,1,45,M,59.9097,Risk:LOW,0,0,35,0,0,0,2,0,0,0,60,0,0,0,13,0,0,0,33,0,0,0,43,0,0,0,53,0
1962,1,46,F,13.3091,Risk:LOW,0,0,0,0,0,0,0,0,0,0,0,0,0,0,0,0,0,0,0,0,0,0,0,0,0,0,0,0
1962,1,47,M,7.69014,Risk:LOW,0,0,0,0,0,0,0,0,0,0,0,0,0,0,0,0,0,0,0,0,0,0,0,0,0,0,0,0
1962,1,48,M,11.7379,Risk:LOW,0,0,0,0,0,0,0,0,0,0,0,0,0,0,0,0,0,0,0,0,0,0,0,0,0,0,0,0
1962,1,49,M,2.78712,Risk:LOW,0,0,0,0,0,0,0,0,0,0,0,0,0,0,0,0,0,0,0,0,0,0,0,0,0,0,0,0
1962,1,50,F,31.2411,Risk:LOW,0,0,18,0,0,0,0,0,0,0,28,0,0,0,10,0,0,0,18,0,0,0,24,0,0,0,28,0
1962,1,51,F,13.3482,Risk:LOW,0,0,0,0,0,0,0,0,0,0,0,0,0,0,0,0,0,0,0,0,0,0,0,0,0,0,0,0
1962,1,52,F,29.953,Risk:LOW,0,0,15,0,0,0,0,0,0,0,26,0,0,0,4,0,0,0,15,0,0,0,20,0,0,0,26,0
1962,1,53,M,4.57237,Risk:LOW,0,0,0,0,0,0,0,0,0,0,0,0,0,0,0,0,0,0,0,0,0,0,0,0,0,0,0,0
1962,1,54,M,50.9959,Risk:LOW,0,0,42,0,0,0,0,0,0,0,93,0,0,0,18,0,0,0,39,0,0,0,53,0,0,0,75,0
1962,1,55,M,43.65,Risk:LOW,0,0,22,0,0,0,0,0,0,0,49,0,0,0,8,0,0,0,19,0,0,0,32,0,0,0,43,0
1962,1,56,M,29.5358,Risk:LOW,0,0,9,0,0,0,0,0,0,0,16,0,0,0,4,0,0,0,9,0,0,0,14,0,0,0,17,0
1962,1,57,M,45.4383,Risk:LOW,0,0,26,0,0,0,1,0,0,0,63,0,0,0,15,0,0,0,26,0,0,0,39,0,0,0,53,0
1962,1,58,M,21.6307,Risk:LOW,0,0,1,0,0,0,0,0,0,0,2,0,0,0,0,0,0,0,2,0,0,0,2,0,0,0,2,0
1962,1,59,M,34.207,Risk:LOW,0,0,14,0,0,0,1,0,0,0,22,0,0,0,9,0,0,0,15,0,0,0,19,0,0,0,22,0
1962,1,60,F,13.2143,Risk:LOW,0,0,0,0,0,0,0,0,0,0,0,0,0,0,0,0,0,0,0,0,0,0,0,0,0,0,0,0
1962,1,61,F,19.3575,Risk:LOW,0,0,0,0,0,0,0,0,0,0,2,0,0,0,0,0,0,0,0,0,0,0,2,0,0,0,2,0
1962,1,62,M,48.6511,Risk:LOW,0,0,36,0,0,0,0,0,0,0,73,0,0,0,20,0,0,0,34,0,0,0,48,0,0,0,64,0
1962,1,63,M,1.57115,Risk:LOW,0,0,0,0,0,0,0,0,0,0,0,0,0,0,0,0,0,0,0,0,0,0,0,0,0,0,0,0
1962,1,64,M,8.61787,Risk:LOW,0,0,0,0,0,0,0,0,0,0,0,0,0,0,0,0,0,0,0,0,0,0,0,0,0,0,0,0
1962,1,65,M,31.0802,Risk:LOW,0,0,9,0,0,0,0,0,0,0,23,0,0,0,5,0,0,0,8,0,0,0,18,0,0,0,23,0
1962,1,66,M,25.7782,Risk:HIGH,8,0,0,0,0,0,0,0,18,0,0,0,2,0,0,0,4,0,0,0,4,0,0,0,6,0,0,0
1962,1,67,M,18.6422,Risk:LOW,0,0,0,0,0,0,0,0,0,0,0,0,0,0,0,0,0,0,0,0,0,0,0,0,0,0,0,0
1962,1,68,F,35.6034,Risk:LOW,0,0,22,0,0,0,1,0,0,0,41,0,0,0,12,0,0,0,20,0,0,0,28,0,0,0,37,0
1962,1,69,F,18.3547,Risk:LOW,0,0,3,0,0,0,0,0,0,0,8,0,0,0,2,0,0,0,3,0,0,0,7,0,0,0,8,0
1962,1,70,F,41.3124,Risk:HIGH,0,0,0,0,0,0,0,0,0,0,0,0,0,0,0,0,0,0,0,0,0,0,0,0,0,0,0,0
1962,1,71,M,3.56477,Risk:LOW,0,0,0,0,0,0,0,0,0,0,0,0,0,0,0,0,0,0,0,0,0,0,0,0,0,0,0,0
1962,1,72,F,32.8817,Risk:LOW,0,0,19,0,0,0,1,0,0,0,36,0,0,0,13,0,0,0,19,0,0,0,24,0,0,0,33,0
1962,1,73,M,45.9274,Risk:LOW,0,0,29,0,0,0,1,0,0,0,64,0,0,0,15,0,0,0,29,0,0,0,43,0,0,0,55,0
1962,1,74,F,19.1707,Risk:LOW,0,0,7,0,0,0,1,0,0,0,8,0,0,0,5,0,0,0,7,0,0,0,7,0,0,0,8,0
1962,1,75,F,30.0671,Risk:LOW,0,0,17,0,0,0,1,0,0,0,29,0,0,0,13,0,0,0,17,0,0,0,25,0,0,0,29,0
1962,1,76,F,54.8848,Risk:LOW,0,0,18,0,0,0,1,0,0,0,26,0,0,0,12,0,0,0,16,0,0,0,21,0,0,0,22,0
1962,1,77,M,11.3542,Risk:LOW,0,0,0,0,0,0,0,0,0,0,0,0,0,0,0,0,0,0,0,0,0,0,0,0,0,0,0,0
1962,1,78,M,48.9109,Risk:LOW,0,0,32,0,0,0,3,0,0,0,59,0,0,0,20,0,0,0,31,0,0,0,46,0,0,0,54,0
1962,1,79,M,6.79679,Risk:LOW,0,0,0,0,0,0,0,0,0,0,0,0,0,0,0,0,0,0,0,0,0,0,0,0,0,0,0,0
1962,1,80,F,47.1892,Risk:LOW,0,0,46,0,0,0,1,0,0,0,90,0,0,0,24,0,0,0,39,0,0,0,55,0,0,0,67,0
1962,1,81,M,3.2772,Risk:LOW,0,0,0,0,0,0,0,0,0,0,0,0,0,0,0,0,0,0,0,0,0,0,0,0,0,0,0,0
1962,1,82,M,7.93743,Risk:LOW,0,0,0,0,0,0,0,0,0,0,0,0,0,0,0,0,0,0,0,0,0,0,0,0,0,0,0,0
1962,1,83,F,3.12974,Risk:LOW,0,0,0,0,0,0,0,0,0,0,0,0,0,0,0,0,0,0,0,0,0,0,0,0,0,0,0,0
1962,1,84,F,6.95445,Risk:LOW,0,0,0,0,0,0,0,0,0,0,0,0,0,0,0,0,0,0,0,0,0,0,0,0,0,0,0,0
1962,1,85,M,23.2894,Risk:LOW,0,0,3,0,0,0,0,0,0,0,4,0,0,0,1,0,0,0,3,0,0,0,3,0,0,0,4,0
1962,1,86,M,23.7827,Risk:LOW,0,0,2,0,0,0,0,0,0,0,4,0,0,0,2,0,0,0,2,0,0,0,4,0,0,0,4,0
1962,1,87,M,61.8523,Risk:LOW,0,0,27,0,0,0,1,0,0,0,56,0,0,0,15,0,0,0,25,0,0,0,34,0,0,0,45,0
1962,1,88,F,8.9166,Risk:LOW,0,0,0,0,0,0,0,0,0,0,0,0,0,0,0,0,0,0,0,0,0,0,0,0,0,0,0,0
1962,1,89,M,41.6944,Risk:LOW,0,0,22,0,0,0,0,0,0,0,47,0,0,0,8,0,0,0,20,0,0,0,34,0,0,0,39,0
1962,1,90,F,14.8354,Risk:LOW,0,0,0,0,0,0,0,0,0,0,0,0,0,0,0,0,0,0,0,0,0,0,0,0,0,0,0,0
1962,1,91,M,12.5111,Risk:LOW,0,0,0,0,0,0,0,0,0,0,0,0,0,0,0,0,0,0,0,0,0,0,0,0,0,0,0,0
1962,1,92,F,23.8868,Risk:LOW,0,0,10,0,0,0,0,0,0,0,15,0,0,0,5,0,0,0,10,0,0,0,12,0,0,0,14,0
1962,1,93,M,42.9037,Risk:LOW,0,0,23,0,0,0,1,0,0,0,45,0,0,0,13,0,0,0,22,0,0,0,35,0,0,0,44,0
1962,1,94,M,2.35128,Risk:LOW,0,0,0,0,0,0,0,0,0,0,0,0,0,0,0,0,0,0,0,0,0,0,0,0,0,0,0,0
1962,1,95,M,28.3244,Risk:LOW,0,0,3,0,0,0,0,0,0,0,7,0,0,0,1,0,0,0,4,0,0,0,6,0,0,0,6,0
1962,1,96,F,6.29582,Risk:LOW,0,0,0,0,0,0,0,0,0,0,0,0,0,0,0,0,0,0,0,0,0,0,0,0,0,0,0,0
1962,1,97,M,38.4026,Risk:LOW,0,0,18,0,0,0,1,0,0,0,30,0,0,0,11,0,0,0,19,0,0,0,24,0,0,0,29,0
1962,1,98,M,14.6178,Risk:LOW,0,0,0,0,0,0,0,0,0,0,0,0,0,0,0,0,0,0,0,0,0,0,0,0,0,0,0,0
1962,1,99,M,46.662,Risk:LOW,0,0,32,0,0,0,1,0,0,0,78,0,0,0,15,0,0,0,28,0,0,0,47,0,0,0,62,0
1962,1,100,M,54.9563,Risk:LOW,0,0,28,0,0,0,0,0,0,0,66,0,0,0,12,0,0,0,26,0,0,0,34,0,0,0,53,0
1962,1,101,F,23.3413,Risk:LOW,0,0,8,0,0,0,0,0,0,0,14,0,0,0,4,0,0,0,8,0,0,0,11,0,0,0,13,0
1962,1,102,M,56.7894,Risk:LOW,0,0,30,0,0,0,0,0,0,0,69,0,0,0,14,0,0,0,27,0,0,0,47,0,0,0,58,0
1962,1,103,F,33.5983,Risk:LOW,0,0,22,0,0,0,0,0,0,0,42,0,0,0,11,0,0,0,22,0,0,0,33,0,0,0,41,0
1962,1,104,F,55.5567,Risk:LOW,0,0,16,0,0,0,1,0,0,0,24,0,0,0,7,0,0,0,15,0,0,0,19,0,0,0,22,0
1962,1,105,F,18.5228,Risk:LOW,0,0,3,0,0,0,0,0,0,0,5,0,0,0,3,0,0,0,3,0,0,0,4,0,0,0,4,0
1962,1,106,M,12.0937,Risk:LOW,0,0,0,0,0,0,0,0,0,0,0,0,0,0,0,0,0,0,0,0,0,0,0,0,0,0,0,0
1962,1,107,F,5.19857,Risk:LOW,0,0,0,0,0,0,0,0,0,0,0,0,0,0,0,0,0,0,0,0,0,0,0,0,0,0,0,0
1962,1,108,F,36.0155,Risk:LOW,0,0,28,0,0,0,1,0,0,0,50,0,0,0,13,0,0,0,28,0,0,0,40,0,0,0,47,0
1962,1,109,F,5.32257,Risk:LOW,0,0,0,0,0,0,0,0,0,0,0,0,0,0,0,0,0,0,0,0,0,0,0,0,0,0,0,0
1962,1,110,F,49.258,Risk:LOW,0,0,23,0,0,0,0,0,0,0,53,0,0,0,13,0,0,0,19,0,0,0,32,0,0,0,41,0
1962,1,111,M,20.0389,Risk:LOW,0,0,1,0,0,0,0,0,0,0,2,0,0,0,0,0,0,0,1,0,0,0,1,0,0,0,2,0
1962,1,112,M,30.931,Risk:LOW,0,0,8,0,0,0,1,0,0,0,15,0,0,0,6,0,0,0,8,0,0,0,12,0,0,0,15,0
1962,1,113,F,13.1844,Risk:LOW,0,0,0,0,0,0,0,0,0,0,0,0,0,0,0,0,0,0,0,0,0,0,0,0,0,0,0,0
1962,1,114,F,48.6125,Risk:LOW,0,0,26,0,0,0,1,0,0,0,72,0,0,0,11,0,0,0,25,0,0,0,38,0,0,0,51,0
1962,1,115,F,42.6222,Risk:LOW,0,0,37,0,0,0,2,0,0,0,73,0,0,0,15,0,0,0,35,0,0,0,49,0,0,0,60,0
1962,1,116,M,2.78755,Risk:LOW,0,0,0,0,0,0,0,0,0,0,0,0,0,0,0,0,0,0,0,0,0,0,0,0,0,0,0,0
1962,1,117,F,4.89378,Risk:LOW,0,0,0,0,0,0,0,0,0,0,0,0,0,0,0,0,0,0,0,0,0,0,0,0,0,0,0,0
1962,1,118,M,29.0776,Risk:LOW,0,0,9,0,0,0,0,0,0,0,13,0,0,0,5,0,0,0,9,0,0,0,11,0,0,0,13,0
1962,1,119,M,34.9817,Risk:LOW,0,0,10,0,0,0,0,0,0,0,25,0,0,0,7,0,0,0,10,0,0,0,14,0,0,0,27,0
1962,1,120,F,28.1471,Risk:LOW,0,0,11,0,0,0,0,0,0,0,22,0,0,0,7,0,0,0,10,0,0,0,15,0,0,0,20,0
1962,1,121,M,11.9385,Risk:LOW,0,0,0,0,0,0,0,0,0,0,0,0,0,0,0,0,0,0,0,0,0,0,0,0,0,0,0,0
1962,1,122,M,3.72848,Risk:LOW,0,0,0,0,0,0,0,0,0,0,0,0,0,0,0,0,0,0,0,0,0,0,0,0,0,0,0,0
1962,1,123,F,6.48674,Risk:LOW,0,0,0,0,0,0,0,0,0,0,0,0,0,0,0,0,0,0,0,0,0,0,0,0,0,0,0,0
1962,1,124,F,11.1147,Risk:LOW,0,0,0,0,0,0,0,0,0,0,0,0,0,0,0,0,0,0,0,0,0,0,0,0,0,0,0,0
1962,1,125,F,10.0999,Risk:LOW,0,0,0,0,0,0,0,0,0,0,0,0,0,0,0,0,0,0,0,0,0,0,0,0,0,0,0,0
1962,1,126,F,47.966,Risk:LOW,0,0,30,0,0,0,0,0,0,0,85,0,0,0,12,0,0,0,28,0,0,0,40,0,0,0,60,0
1962,1,127,F,65.0062,Risk:LOW,0,0,3,0,0,0,1,0,0,0,8,0,0,0,2,0,0,0,3,0,0,0,5,0,0,0,8,0
1962,1,128,M,25.2794,Risk:LOW,0,0,3,0,0,0,1,0,0,0,5,0,0,0,3,0,0,0,3,0,0,0,5,0,0,0,5,0
1962,1,129,F,39.147,Risk:LOW,0,0,28,0,0,0,1,0,0,0,49,0,0,0,14,0,0,0,27,0,0,0,38,0,0,0,43,0
1962,1,130,F,3.65718,Risk:LOW,0,0,0,0,0,0,0,0,0,0,0,0,0,0,0,0,0,0,0,0,0,0,0,0,0,0,0,0
1962,1,131,F,8.85627,Risk:LOW,0,0,0,0,0,0,0,0,0,0,0,0,0,0,0,0,0,0,0,0,0,0,0,0,0,0,0,0
1962,1,132,M,18.9229,Risk:LOW,0,0,0,0,0,0,0,0,0,0,1,0,0,0,0,0,0,0,0,0,0,0,0,0,0,0,2,0
1962,1,133,M,34.2332,Risk:LOW,0,0,12,0,0,0,0,0,0,0,25,0,0,0,9,0,0,0,12,0,0,0,23,0,0,0,25,0
1962,1,134,F,14.9928,Risk:LOW,0,0,3,0,0,0,0,0,0,0,4,0,0,0,1,0,0,0,3,0,0,0,3,0,0,0,3,0
1962,1,135,M,50.1536,Risk:LOW,0,0,42,0,0,0,1,0,0,0,72,0,0,0,20,0,0,0,38,0,0,0,53,0,0,0,61,0
1962,1,136,F,9.62496,Risk:LOW,0,0,0,0,0,0,0,0,0,0,0,0,0,0,0,0,0,0,0,0,0,0,0,0,0,0,0,0
1962,1,137,F,77.2347,Risk:LOW,0,0,9,0,0,0,0,0,0,0,15,0,0,0,4,0,0,0,8,0,0,0,12,0,0,0,13,0
1962,1,138,F,12.9837,Risk:LOW,0,0,0,0,0,0,0,0,0,0,0,0,0,0,0,0,0,0,0,0,0,0,0,0,0,0,0,0
1962,1,139,F,31.1599,Risk:LOW,0,0,13,0,0,0,0,0,0,0,32,0,0,0,7,0,0,0,13,0,0,0,23,0,0,0,31,0
1962,1,140,F,64.0547,Risk:LOW,0,0,3,0,0,0,0,0,0,0,8,0,0,0,2,0,0,0,3,0,0,0,5,0,0,0,8,0
1962,1,141,M,13.0951,Risk:HIGH,0,0,0,0,0,0,0,0,0,0,0,0,0,0,0,0,0,0,0,0,0,0,0,0,0,0,0,0
1962,1,142,F,27.4352,Risk:LOW,0,0,5,0,0,0,0,0,0,0,16,0,0,0,4,0,0,0,6,0,0,0,12,0,0,0,16,0
1962,1,143,M,3.80096,Risk:HIGH,0,0,0,0,0,0,0,0,0,0,0,0,0,0,0,0,0,0,0,0,0,0,0,0,0,0,0,0
1962,1,144,F,7.18198,Risk:LOW,0,0,0,0,0,0,0,0,0,0,0,0,0,0,0,0,0,0,0,0,0,0,0,0,0,0,0,0
1962,1,145,M,29.3473,Risk:LOW,0,0,3,0,0,0,0,0,0,0,10,0,0,0,2,0,0,0,3,0,0,0,7,0,0,0,10,0
1962,1,146,F,7.40232,Risk:LOW,0,0,0,0,0,0,0,0,0,0,0,0,0,0,0,0,0,0,0,0,0,0,0,0,0,0,0,0
1962,1,147,M,60.9209,Risk:LOW,0,0,21,0,0,0,0,0,0,0,52,0,0,0,13,0,0,0,22,0,0,0,38,0,0,0,46,0
1962,1,148,M,76.7909,Risk:LOW,0,0,6,0,0,0,0,0,0,0,14,0,0,0,2,0,0,0,6,0,0,0,8,0,0,0,13,0
1962,1,149,F,33.9683,Risk:LOW,0,0,28,0,0,0,1,0,0,0,53,0,0,0,13,0,0,0,27,0,0,0,34,0,0,0,44,0
1962,1,150,M,54.2301,Risk:LOW,0,0,31,0,0,0,0,0,0,0,65,0,0,0,16,0,0,0,29,0,0,0,40,0,0,0,53,0
1962,1,151,M,24.0511,Risk:HIGH,8,0,0,0,0,0,0,0,19,0,0,0,2,0,0,0,3,0,0,0,3,0,0,0,4,0,0,0
1962,1,152,F,3.76724,Risk:LOW,0,0,0,0,0,0,0,0,0,0,0,0,0,0,0,0,0,0,0,0,0,0,0,0,0,0,0,0
1962,1,153,F,30.4029,Risk:LOW,0,0,19,0,0,0,0,0,0,0,39,0,0,0,11,0,0,0,19,0,0,0,28,0,0,0,37,0
1962,1,154,F,25.4202,Risk:LOW,0,0,9,0,0,0,0,0,0,0,16,0,0,0,3,0,0,0,9,0,0,0,12,0,0,0,15,0
1962,1,155,F,10.1004,Risk:LOW,0,0,0,0,0,0,0,0,0,0,0,0,0,0,0,0,0,0,0,0,0,0,0,0,0,0,0,0
1962,1,156,M,68.6167,Risk:LOW,0,0,5,0,0,0,0,0,0,0,10,0,0,0,2,0,0,0,5,0,0,0,8,0,0,0,10,0
1962,1,157,F,35.7949,Risk:LOW,0,0,19,0,0,0,0,0,0,0,43,0,0,0,9,0,0,0,19,0,0,0,30,0,0,0,38,0
1962,1,158,F,4.21166,Risk:LOW,0,0,0,0,0,0,0,0,0,0,0,0,0,0,0,0,0,0,0,0,0,0,0,0,0,0,0,0
1962,1,159,F,10.1497,Risk:LOW,0,0,0,0,0,0,0,0,0,0,0,0,0,0,0,0,0,0,0,0,0,0,0,0,0,0,0,0
1962,1,160,F,40.1172,Risk:LOW,0,0,27,0,0,0,1,0,0,0,60,0,0,0,14,0,0,0,26,0,0,0,39,0,0,0,49,0
1962,1,161,F,44.8168,Risk:LOW,0,0,28,0,0,0,0,0,0,0,51,0,0,0,13,0,0,0,25,0,0,0,32,0,0,0,42,0
1962,1,162,F,45.1612,Risk:LOW,0,0,35,0,0,0,0,0,0,0,59,0,0,0,22,0,0,0,33,0,0,0,49,0,0,0,53,0
1962,1,163,M,6.53363,Risk:LOW,0,0,0,0,0,0,0,0,0,0,0,0,0,0,0,0,0,0,0,0,0,0,0,0,0,0,0,0
1962,1,164,M,50.9749,Risk:LOW,0,0,43,0,0,0,2,0,0,0,84,0,0,0,19,0,0,0,38,0,0,0,48,0,0,0,61,0
1962,1,165,M,5.91261,Risk:LOW,0,0,0,0,0,0,0,0,0,0,0,0,0,0,0,0,0,0,0,0,0,0,0,0,0,0,0,0
1962,1,166,M,44.197,Risk:LOW,0,0,27,0,0,0,1,0,0,0,53,0,0,0,17,0,0,0,26,0,0,0,38,0,0,0,48,0
1962,1,167,M,69.2571,Risk:LOW,0,0,4,0,0,0,0,0,0,0,8,0,0,0,2,0,0,0,4,0,0,0,5,0,0,0,8,0
1962,1,168,F,5.62713,Risk:HIGH,0,0,0,0,0,0,0,0,0,0,0,0,0,0,0,0,0,0,0,0,0,0,0,0,0,0,0,0
1962,1,169,M,43.7001,Risk:LOW,0,0,26,0,0,0,1,0,0,0,50,0,0,0,11,0,0,0,25,0,0,0,33,0,0,0,43,0
1962,1,170,M,10.1931,Risk:LOW,0,0,0,0,0,0,0,0,0,0,0,0,0,0,0,0,0,0,0,0,0,0,0,0,0,0,0,0
1962,1,171,F,17.4582,Risk:LOW,0,0,3,0,0,0,0,0,0,0,5,0,0,0,2,0,0,0,3,0,0,0,4,0,0,0,5,0
1962,1,172,F,10.9734,Risk:LOW,0,0,0,0,0,0,0,0,0,0,0,0,0,0,0,0,0,0,0,0,0,0,0,0,0,0,0,0
1962,1,173,F,41.4052,Risk:LOW,0,0,26,0,0,0,0,0,0,0,65,0,0,0,12,0,0,0,26,0,0,0,40,0,0,0,58,0
1962,1,174,F,16.864,Risk:LOW,0,0,2,0,0,0,0,0,0,0,7,0,0,0,0,0,0,0,2,0,0,0,2,0,0,0,7,0
1962,1,175,F,15.3979,Risk:LOW,0,0,0,0,0,0,0,0,0,0,0,0,0,0,0,0,0,0,0,0,0,0,0,0,0,0,0,0
1962,1,176,F,56.5963,Risk:LOW,0,0,19,0,0,0,0,0,0,0,35,0,0,0,8,0,0,0,16,0,0,0,22,0,0,0,27,0
1962,1,177,M,74.8864,Risk:LOW,0,0,5,0,0,0,0,0,0,0,11,0,0,0,4,0,0,0,5,0,0,0,7,0,0,0,10,0
1962,1,178,M,45.5203,Risk:LOW,0,0,30,0,0,0,0,0,0,0,57,0,0,0,11,0,0,0,32,0,0,0,45,0,0,0,53,0
1962,1,179,M,14.3972,Risk:LOW,0,0,0,0,0,0,0,0,0,0,0,0,0,0,0,0,0,0,0,0,0,0,0,0,0,0,0,0
1962,1,180,M,5.52895,Risk:LOW,0,0,0,0,0,0,0,0,0,0,0,0,0,0,0,0,0,0,0,0,0,0,0,0,0,0,0,0
1962,1,181,F,3.64529,Risk:LOW,0,0,0,0,0,0,0,0,0,0,0,0,0,0,0,0,0,0,0,0,0,0,0,0,0,0,0,0
1962,1,182,M,14.8891,Risk:LOW,0,0,0,0,0,0,0,0,0,0,0,0,0,0,0,0,0,0,0,0,0,0,0,0,0,0,0,0
1962,1,183,M,26.0688,Risk:LOW,0,0,2,0,0,0,0,0,0,0,5,0,0,0,1,0,0,0,2,0,0,0,5,0,0,0,5,0
1962,1,184,M,18.1887,Risk:LOW,0,0,1,0,0,0,0,0,0,0,3,0,0,0,1,0,0,0,1,0,0,0,2,0,0,0,3,0
1962,1,185,F,4.01072,Risk:LOW,0,0,0,0,0,0,0,0,0,0,0,0,0,0,0,0,0,0,0,0,0,0,0,0,0,0,0,0
1962,1,186,M,68.2647,Risk:LOW,0,0,12,0,0,0,0,0,0,0,21,0,0,0,3,0,0,0,12,0,0,0,15,0,0,0,18,0
1962,1,187,M,9.32474,Risk:LOW,0,0,0,0,0,0,0,0,0,0,0,0,0,0,0,0,0,0,0,0,0,0,0,0,0,0,0,0
1962,1,188,F,21.5131,Risk:LOW,0,0,4,0,0,0,0,0,0,0,8,0,0,0,3,0,0,0,4,0,0,0,6,0,0,0,8,0
1962,1,189,F,65.8249,Risk:LOW,0,0,4,0,0,0,0,0,0,0,13,0,0,0,2,0,0,0,4,0,0,0,9,0,0,0,11,0
1962,1,190,F,18.3229,Risk:LOW,0,0,2,0,0,0,0,0,0,0,3,0,0,0,1,0,0,0,2,0,0,0,3,0,0,0,3,0
1962,1,191,F,35.8012,Risk:LOW,0,0,31,0,0,0,1,0,0,0,53,0,0,0,13,0,0,0,30,0,0,0,43,0,0,0,47,0
1962,1,192,F,23.7394,Risk:LOW,0,0,6,0,0,0,1,0,0,0,12,0,0,0,5,0,0,0,6,0,0,0,10,0,0,0,12,0
1962,1,193,F,10.8121,Risk:LOW,0,0,0,0,0,0,0,0,0,0,0,0,0,0,0,0,0,0,0,0,0,0,0,0,0,0,0,0
1962,1,194,F,1.79155,Risk:LOW,0,0,0,0,0,0,0,0,0,0,0,0,0,0,0,0,0,0,0,0,0,0,0,0,0,0,0,0
1962,1,195,F,21.3609,Risk:LOW,0,0,5,0,0,0,0,0,0,0,7,0,0,0,3,0,0,0,5,0,0,0,7,0,0,0,7,0
1962,1,196,M,36.8287,Risk:LOW,0,0,11,0,0,0,0,0,0,0,26,0,0,0,5,0,0,0,12,0,0,0,17,0,0,0,25,0
1962,1,197,F,25.5552,Risk:LOW,0,0,6,0,0,0,0,0,0,0,15,0,0,0,3,0,0,0,6,0,0,0,10,0,0,0,15,0
1962,1,198,F,53.8817,Risk:LOW,0,0,13,0,0,0,0,0,0,0,26,0,0,0,7,0,0,0,13,0,0,0,19,0,0,0,23,0
1962,1,199,F,77.0699,Risk:LOW,0,0,4,0,0,0,0,0,0,0,9,0,0,0,0,0,0,0,5,0,0,0,6,0,0,0,9,0
1962,1,200,M,16.3016,Risk:LOW,0,0,2,0,0,0,0,0,0,0,2,0,0,0,2,0,0,0,2,0,0,0,2,0,0,0,2,0
1962,1,201,M,13.7841,Risk:LOW,0,0,0,0,0,0,0,0,0,0,0,0,0,0,0,0,0,0,0,0,0,0,0,0,0,0,0,0
1962,1,202,F,27.8305,Risk:LOW,0,0,10,0,0,0,0,0,0,0,21,0,0,0,6,0,0,0,10,0,0,0,15,0,0,0,20,0
1962,1,203,F,40.0882,Risk:LOW,0,0,18,0,0,0,0,0,0,0,41,0,0,0,8,0,0,0,18,0,0,0,28,0,0,0,39,0
1962,1,204,F,33.9071,Risk:LOW,0,0,30,0,0,0,1,0,0,0,47,0,0,0,14,0,0,0,29,0,0,0,34,0,0,0,45,0
1962,1,205,F,56.0747,Risk:LOW,0,0,20,0,0,0,0,0,0,0,34,0,0,0,10,0,0,0,18,0,0,0,23,0,0,0,27,0
1962,1,206,F,17.1943,Risk:LOW,0,0,0,0,0,0,0,0,0,0,5,0,0,0,0,0,0,0,0,0,0,0,2,0,0,0,5,0
1962,1,207,F,7.9972,Risk:LOW,0,0,0,0,0,0,0,0,0,0,0,0,0,0,0,0,0,0,0,0,0,0,0,0,0,0,0,0
1962,1,208,F,24.3746,Risk:LOW,0,0,7,0,0,0,0,0,0,0,13,0,0,0,4,0,0,0,7,0,0,0,9,0,0,0,13,0
1962,1,209,F,21.4729,Risk:LOW,0,0,4,0,0,0,0,0,0,0,8,0,0,0,2,0,0,0,4,0,0,0,8,0,0,0,8,0
1962,1,210,M,50.728,Risk:LOW,0,0,33,0,0,0,0,0,0,0,62,0,0,0,14,0,0,0,31,0,0,0,47,0,0,0,54,0
1962,1,211,F,13.5288,Risk:LOW,0,0,0,0,0,0,0,0,0,0,0,0,0,0,0,0,0,0,0,0,0,0,0,0,0,0,0,0
1962,1,212,F,24.1829,Risk:HIGH,32,0,0,0,1,0,0,0,70,0,0,0,9,0,0,0,10,0,0,0,11,0,0,0,11,0,0,0
1962,1,213,M,53.8573,Risk:LOW,0,0,34,0,0,0,0,0,0,0,73,0,0,0,17,0,0,0,31,0,0,0,48,0,0,0,59,0
1962,1,214,F,21.3852,Risk:LOW,0,0,5,0,0,0,0,0,0,0,10,0,0,0,3,0,0,0,5,0,0,0,10,0,0,0,10,0
1962,1,215,F,11.5265,Risk:LOW,0,0,0,0,0,0,0,0,0,0,0,0,0,0,0,0,0,0,0,0,0,0,0,0,0,0,0,0
1962,1,216,M,17.2592,Risk:LOW,0,0,0,0,0,0,0,0,0,0,0,0,0,0,0,0,0,0,0,0,0,0,0,0,0,0,0,0
1962,1,217,M,23.9299,Risk:LOW,0,0,3,0,0,0,0,0,0,0,5,0,0,0,3,0,0,0,3,0,0,0,3,0,0,0,5,0
1962,1,218,M,41.0241,Risk:LOW,0,0,17,0,0,0,0,0,0,0,39,0,0,0,9,0,0,0,16,0,0,0,27,0,0,0,34,0
1962,1,219,F,48.8932,Risk:LOW,0,0,26,0,0,0,0,0,0,0,46,0,0,0,11,0,0,0,26,0,0,0,32,0,0,0,39,0
1962,1,220,M,80.4226,Risk:LOW,0,0,5,0,0,0,1,0,0,0,8,0,0,0,2,0,0,0,5,0,0,0,7,0,0,0,8,0
1962,1,221,M,37.7303,Risk:HIGH,8,0,0,0,0,0,0,0,12,0,0,0,2,0,0,0,6,0,0,0,6,0,0,0,6,0,0,0
1962,1,222,F,20.3416,Risk:LOW,0,0,4,0,0,0,0,0,0,0,9,0,0,0,0,0,0,0,5,0,0,0,7,0,0,0,9,0
1962,1,223,F,73.6228,Risk:LOW,0,0,3,0,0,0,0,0,0,0,7,0,0,0,1,0,0,0,3,0,0,0,6,0,0,0,6,0
1962,1,224,F,58.6355,Risk:LOW,0,0,14,0,0,0,1,0,0,0,29,0,0,0,8,0,0,0,11,0,0,0,18,0,0,0,22,0
1962,1,225,M,3.78541,Risk:LOW,0,0,0,0,0,0,0,0,0,0,0,0,0,0,0,0,0,0,0,0,0,0,0,0,0,0,0,0
1962,1,226,M,33.6174,Risk:LOW,0,0,11,0,0,0,0,0,0,0,20,0,0,0,6,0,0,0,10,0,0,0,15,0,0,0,18,0
1962,1,227,M,22.9754,Risk:LOW,0,0,3,0,0,0,0,0,0,0,4,0,0,0,3,0,0,0,3,0,0,0,4,0,0,0,4,0
1962,1,228,F,65.4014,Risk:LOW,0,0,4,0,0,0,0,0,0,0,8,0,0,0,2,0,0,0,4,0,0,0,6,0,0,0,9,0
1962,1,229,M,19.3561,Risk:LOW,0,0,1,0,0,0,0,0,0,0,1,0,0,0,1,0,0,0,1,0,0,0,1,0,0,0,1,0
1962,1,230,F,31.3132,Risk:LOW,0,0,18,0,0,0,1,0,0,0,34,0,0,0,10,0,0,0,18,0,0,0,26,0,0,0,32,0
1962,1,231,F,40.8212,Risk:LOW,0,0,35,0,0,0,1,0,0,0,71,0,0,0,17,0,0,0,34,0,0,0,50,0,0,0,61,0
1962,1,232,F,10.5614,Risk:LOW,0,0,0,0,0,0,0,0,0,0,0,0,0,0,0,0,0,0,0,0,0,0,0,0,0,0,0,0
1962,1,233,F,39.2591,Risk:LOW,0,0,23,0,0,0,0,0,0,0,54,0,0,0,10,0,0,0,22,0,0,0,35,0,0,0,47,0
1962,1,234,F,40.6736,Risk:LOW,0,0,33,0,0,0,1,0,0,0,55,0,0,0,12,0,0,0,31,0,0,0,41,0,0,0,49,0
1962,1,235,M,41.7742,Risk:LOW,0,0,22,0,0,0,0,0,0,0,50,0,0,0,9,0,0,0,22,0,0,0,32,0,0,0,45,0
1962,1,236,M,49.6717,Risk:LOW,0,0,48,0,0,0,0,0,0,0,87,0,0,0,20,0,0,0,41,0,0,0,61,0,0,0,70,0
1962,1,237,M,40.1748,Risk:HIGH,8,0,0,0,0,0,0,0,15,0,0,0,2,0,0,0,5,0,0,0,7,0,0,0,9,0,0,0
1962,1,238,M,39.5,Risk:LOW,0,0,9,0,0,0,0,0,0,0,22,0,0,0,3,0,0,0,9,0,0,0,16,0,0,0,21,0
1962,1,239,M,19.3864,Risk:LOW,0,0,2,0,0,0,0,0,0,0,2,0,0,0,1,0,0,0,2,0,0,0,2,0,0,0,2,0
1962,1,240,F,11.044,Risk:LOW,0,0,0,0,0,0,0,0,0,0,0,0,0,0,0,0,0,0,0,0,0,0,0,0,0,0,0,0
1962,1,241,F,33.8411,Risk:LOW,0,0,21,0,0,0,1,0,0,0,43,0,0,0,12,0,0,0,21,0,0,0,30,0,0,0,38,0
1962,1,242,F,46.6842,Risk:LOW,0,0,59,0,0,0,1,0,0,0,108,0,0,0,26,0,0,0,47,0,0,0,59,0,0,0,77,0
1962,1,243,M,26.4141,Risk:LOW,0,0,3,0,0,0,0,0,0,0,5,0,0,0,0,0,0,0,3,0,0,0,3,0,0,0,5,0
1962,1,244,M,73.6486,Risk:LOW,0,0,6,0,0,0,0,0,0,0,7,0,0,0,1,0,0,0,6,0,0,0,7,0,0,0,7,0
1962,1,245,F,49.1899,Risk:LOW,0,0,22,0,0,0,2,0,0,0,44,0,0,0,11,0,0,0,21,0,0,0,28,0,0,0,38,0
1962,1,246,F,9.82644,Risk:LOW,0,0,0,0,0,0,0,0,0,0,0,0,0,0,0,0,0,0,0,0,0,0,0,0,0,0,0,0
1962,1,247,M,64.578,Risk:HIGH,0,0,0,0,0,0,0,0,1,0,0,0,0,0,0,0,1,0,0,0,1,0,0,0,1,0,0,0
1962,1,248,M,49.0092,Risk:LOW,0,0,49,0,0,0,0,0,0,0,76,0,0,0,26,0,0,0,45,0,0,0,53,0,0,0,66,0
1962,1,249,F,7.18169,Risk:LOW,0,0,0,0,0,0,0,0,0,0,0,0,0,0,0,0,0,0,0,0,0,0,0,0,0,0,0,0
1962,1,250,M,37.0327,Risk:LOW,0,0,15,0,0,0,0,0,0,0,25,0,0,0,8,0,0,0,15,0,0,0,19,0,0,0,25,0
1962,1,251,F,35.8486,Risk:LOW,0,0,20,0,0,0,0,0,0,0,39,0,0,0,11,0,0,0,20,0,0,0,28,0,0,0,38,0
1962,1,252,F,61.011,Risk:HIGH,0,0,0,0,0,0,0,0,0,0,0,0,0,0,0,0,0,0,0,0,0,0,0,0,0,0,0,0
1962,1,253,F,8.23592,Risk:LOW,0,0,0,0,0,0,0,0,0,0,0,0,0,0,0,0,0,0,0,0,0,0,0,0,0,0,0,0
1962,1,254,M,5.84188,Risk:LOW,0,0,0,0,0,0,0,0,0,0,0,0,0,0,0,0,0,0,0,0,0,0,0,0,0,0,0,0
1962,1,255,M,4.01637,Risk:LOW,0,0,0,0,0,0,0,0,0,0,0,0,0,0,0,0,0,0,0,0,0,0,0,0,0,0,0,0
1962,1,256,F,23.207,Risk:LOW,0,0,6,0,0,0,0,0,0,0,14,0,0,0,2,0,0,0,6,0,0,0,11,0,0,0,12,0
1962,1,257,M,32.6055,Risk:LOW,0,0,10,0,0,0,0,0,0,0,16,0,0,0,6,0,0,0,10,0,0,0,12,0,0,0,16,0
1962,1,258,M,5.71882,Risk:LOW,0,0,0,0,0,0,0,0,0,0,0,0,0,0,0,0,0,0,0,0,0,0,0,0,0,0,0,0
1962,1,259,F,15.0779,Risk:LOW,0,0,0,0,0,0,0,0,0,0,0,0,0,0,0,0,0,0,0,0,0,0,0,0,0,0,0,0
1962,1,260,F,61.7441,Risk:LOW,0,0,16,0,0,0,0,0,0,0,43,0,0,0,8,0,0,0,15,0,0,0,24,0,0,0,32,0
1962,1,261,M,4.95557,Risk:LOW,0,0,0,0,0,0,0,0,0,0,0,0,0,0,0,0,0,0,0,0,0,0,0,0,0,0,0,0
1962,1,262,F,54.9171,Risk:LOW,0,0,9,0,0,0,0,0,0,0,22,0,0,0,5,0,0,0,8,0,0,0,14,0,0,0,19,0
1962,1,263,M,11.5733,Risk:LOW,0,0,0,0,0,0,0,0,0,0,0,0,0,0,0,0,0,0,0,0,0,0,0,0,0,0,0,0
1962,1,264,F,29.0664,Risk:HIGH,11,0,0,0,0,0,0,0,15,0,0,0,5,0,0,0,8,0,0,0,10,0,0,0,10,0,0,0
1962,1,265,M,2.57099,Risk:LOW,0,0,0,0,0,0,0,0,0,0,0,0,0,0,0,0,0,0,0,0,0,0,0,0,0,0,0,0
1962,1,266,F,8.59791,Risk:LOW,0,0,0,0,0,0,0,0,0,0,0,0,0,0,0,0,0,0,0,0,0,0,0,0,0,0,0,0
1962,1,267,F,38.9677,Risk:LOW,0,0,26,0,0,0,3,0,0,0,47,0,0,0,11,0,0,0,25,0,0,0,37,0,0,0,42,0
1962,1,268,F,64.4053,Risk:HIGH,1,0,0,0,0,0,0,0,1,0,0,0,1,0,0,0,1,0,0,0,1,0,0,0,1,0,0,0
1962,1,269,F,52.9087,Risk:LOW,0,0,15,0,0,0,0,0,0,0,30,0,0,0,7,0,0,0,14,0,0,0,19,0,0,0,25,0
1962,1,270,M,42.4043,Risk:LOW,0,0,31,0,0,0,0,0,0,0,55,0,0,0,14,0,0,0,31,0,0,0,45,0,0,0,49,0
1962,1,271,F,4.44132,Risk:LOW,0,0,0,0,0,0,0,0,0,0,0,0,0,0,0,0,0,0,0,0,0,0,0,0,0,0,0,0
1962,1,272,M,16.2129,Risk:HIGH,0,0,0,0,0,0,0,0,0,0,0,0,0,0,0,0,0,0,0,0,0,0,0,0,0,0,0,0
1962,1,273,F,67.7067,Risk:LOW,0,0,5,0,0,0,1,0,0,0,11,0,0,0,5,0,0,0,5,0,0,0,10,0,0,0,11,0
1962,1,274,F,8.82557,Risk:LOW,0,0,0,0,0,0,0,0,0,0,0,0,0,0,0,0,0,0,0,0,0,0,0,0,0,0,0,0
1962,1,275,F,17.7996,Risk:LOW,0,0,1,0,0,0,0,0,0,0,4,0,0,0,1,0,0,0,1,0,0,0,3,0,0,0,4,0
1962,1,276,M,30.3357,Risk:LOW,0,0,8,0,0,0,1,0,0,0,11,0,0,0,5,0,0,0,8,0,0,0,8,0,0,0,11,0
1962,1,277,F,12.2448,Risk:LOW,0,0,0,0,0,0,0,0,0,0,0,0,0,0,0,0,0,0,0,0,0,0,0,0,0,0,0,0
1962,1,278,M,42.0871,Risk:LOW,0,0,20,0,0,0,0,0,0,0,40,0,0,0,12,0,0,0,19,0,0,0,30,0,0,0,37,0
1962,1,279,M,5.98165,Risk:LOW,0,0,0,0,0,0,0,0,0,0,0,0,0,0,0,0,0,0,0,0,0,0,0,0,0,0,0,0
1962,1,280,M,11.6651,Risk:LOW,0,0,0,0,0,0,0,0,0,0,0,0,0,0,0,0,0,0,0,0,0,0,0,0,0,0,0,0
1962,1,281,M,53.3244,Risk:LOW,0,0,36,0,0,0,0,0,0,0,73,0,0,0,18,0,0,0,32,0,0,0,46,0,0,0,57,0
1962,1,282,M,5.59828,Risk:LOW,0,0,0,0,0,0,0,0,0,0,0,0,0,0,0,0,0,0,0,0,0,0,0,0,0,0,0,0
1962,1,283,M,2.87005,Risk:HIGH,0,0,0,0,0,0,0,0,0,0,0,0,0,0,0,0,0,0,0,0,0,0,0,0,0,0,0,0
1962,1,284,F,39.6847,Risk:LOW,0,0,26,0,0,0,0,0,0,0,51,0,0,0,17,0,0,0,27,0,0,0,38,0,0,0,44,0
1962,1,285,M,61.7468,Risk:LOW,0,0,25,0,0,0,1,0,0,0,54,0,0,0,15,0,0,0,23,0,0,0,31,0,0,0,44,0
1962,1,286,M,54.7183,Risk:LOW,0,0,30,0,0,0,0,0,0,0,65,0,0,0,16,0,0,0,31,0,0,0,44,0,0,0,54,0
1962,1,287,M,32.2644,Risk:LOW,0,0,12,0,0,0,1,0,0,0,23,0,0,0,5,0,0,0,12,0,0,0,18,0,0,0,23,0
1962,1,288,F,2.10881,Risk:LOW,0,0,0,0,0,0,0,0,0,0,0,0,0,0,0,0,0,0,0,0,0,0,0,0,0,0,0,0
1962,1,289,M,42.0483,Risk:LOW,0,0,22,0,0,0,1,0,0,0,41,0,0,0,13,0,0,0,22,0,0,0,30,0,0,0,39,0
1962,1,290,M,9.34298,Risk:LOW,0,0,0,0,0,0,0,0,0,0,0,0,0,0,0,0,0,0,0,0,0,0,0,0,0,0,0,0
1962,1,291,M,40.8782,Risk:LOW,0,0,25,0,0,0,1,0,0,0,45,0,0,0,14,0,0,0,25,0,0,0,39,0,0,0,45,0
1962,1,292,M,21.2451,Risk:LOW,0,0,0,0,0,0,0,0,0,0,2,0,0,0,0,0,0,0,0,0,0,0,0,0,0,0,2,0
1962,1,293,M,23.7319,Risk:LOW,0,0,4,0,0,0,0,0,0,0,6,0,0,0,3,0,0,0,4,0,0,0,5,0,0,0,6,0
1962,1,294,F,26.3448,Risk:LOW,0,0,11,0,0,0,0,0,0,0,14,0,0,0,7,0,0,0,10,0,0,0,12,0,0,0,13,0
1962,1,295,F,29.0217,Risk:LOW,0,0,15,0,0,0,0,0,0,0,33,0,0,0,6,0,0,0,16,0,0,0,22,0,0,0,32,0
1962,1,296,M,5.27346,Risk:HIGH,0,0,0,0,0,0,0,0,0,0,0,0,0,0,0,0,0,0,0,0,0,0,0,0,0,0,0,0
1962,1,297,M,8.29804,Risk:LOW,0,0,0,0,0,0,0,0,0,0,0,0,0,0,0,0,0,0,0,0,0,0,0,0,0,0,0,0
1962,1,298,M,3.97903,Risk:LOW,0,0,0,0,0,0,0,0,0,0,0,0,0,0,0,0,0,0,0,0,0,0,0,0,0,0,0,0
1962,1,299,M,28.6424,Risk:LOW,0,0,10,0,0,0,0,0,0,0,15,0,0,0,6,0,0,0,10,0,0,0,13,0,0,0,15,0
1962,1,300,F,4.39223,Risk:LOW,0,0,0,0,0,0,0,0,0,0,0,0,0,0,0,0,0,0,0,0,0,0,0,0,0,0,0,0
1962,1,301,F,8.63272,Risk:LOW,0,0,0,0,0,0,0,0,0,0,0,0,0,0,0,0,0,0,0,0,0,0,0,0,0,0,0,0
1962,1,302,M,4.3851,Risk:LOW,0,0,0,0,0,0,0,0,0,0,0,0,0,0,0,0,0,0,0,0,0,0,0,0,0,0,0,0
1962,1,303,F,40.8454,Risk:LOW,0,0,38,0,0,0,1,0,0,0,69,0,0,0,12,0,0,0,33,0,0,0,47,0,0,0,57,0
1962,1,304,M,16.2203,Risk:LOW,0,0,0,0,0,0,0,0,0,0,0,0,0,0,0,0,0,0,0,0,0,0,0,0,0,0,0,0
1962,1,305,M,11.8483,Risk:LOW,0,0,0,0,0,0,0,0,0,0,0,0,0,0,0,0,0,0,0,0,0,0,0,0,0,0,0,0
1962,1,306,M,28.9135,Risk:LOW,0,0,3,0,0,0,0,0,0,0,8,0,0,0,0,0,0,0,3,0,0,0,6,0,0,0,8,0
1962,1,307,F,54.0851,Risk:LOW,0,0,13,0,0,0,0,0,0,0,25,0,0,0,4,0,0,0,12,0,0,0,19,0,0,0,22,0
1962,1,308,M,13.4378,Risk:LOW,0,0,0,0,0,0,0,0,0,0,0,0,0,0,0,0,0,0,0,0,0,0,0,0,0,0,0,0
1962,1,309,F,54.3278,Risk:LOW,0,0,11,0,0,0,0,0,0,0,31,0,0,0,6,0,0,0,11,0,0,0,20,0,0,0,26,0
1962,1,310,M,6.83435,Risk:LOW,0,0,0,0,0,0,0,0,0,0,0,0,0,0,0,0,0,0,0,0,0,0,0,0,0,0,0,0
1962,1,311,F,19.5156,Risk:LOW,0,0,4,0,0,0,1,0,0,0,5,0,0,0,2,0,0,0,4,0,0,0,4,0,0,0,6,0
1962,1,312,F,9.96965,Risk:LOW,0,0,0,0,0,0,0,0,0,0,0,0,0,0,0,0,0,0,0,0,0,0,0,0,0,0,0,0
1962,1,313,M,49.4136,Risk:HIGH,1,0,0,0,0,0,0,0,2,0,0,0,0,0,0,0,1,0,0,0,1,0,0,0,2,0,0,0
1962,1,314,M,28.1116,Risk:LOW,0,0,11,0,0,0,0,0,0,0,18,0,0,0,5,0,0,0,11,0,0,0,16,0,0,0,18,0
1962,1,315,M,28.3836,Risk:LOW,0,0,12,0,0,0,0,0,0,0,16,0,0,0,6,0,0,0,12,0,0,0,15,0,0,0,16,0
1962,1,316,F,39.2146,Risk:LOW,0,0,24,0,0,0,0,0,0,0,45,0,0,0,14,0,0,0,25,0,0,0,34,0,0,0,43,0
1962,1,317,M,65.0221,Risk:LOW,0,0,8,0,0,0,1,0,0,0,10,0,0,0,4,0,0,0,8,0,0,0,9,0,0,0,11,0
1962,1,318,M,36.5101,Risk:LOW,0,0,16,0,0,0,1,0,0,0,41,0,0,0,10,0,0,0,16,0,0,0,26,0,0,0,40,0
1962,1,319,F,52.9117,Risk:LOW,0,0,11,0,0,0,0,0,0,0,26,0,0,0,6,0,0,0,10,0,0,0,13,0,0,0,23,0
1962,1,320,F,34.6122,Risk:LOW,0,0,27,0,0,0,1,0,0,0,61,0,0,0,14,0,0,0,26,0,0,0,43,0,0,0,57,0
1962,1,321,F,47.322,Risk:HIGH,0,0,0,0,0,0,0,0,3,0,0,0,0,0,0,0,0,0,0,0,1,0,0,0,3,0,0,0
1962,1,322,F,52.0372,Risk:LOW,0,0,18,0,0,0,0,0,0,0,33,0,0,0,9,0,0,0,17,0,0,0,22,0,0,0,30,0
1962,1,323,M,9.83018,Risk:LOW,0,0,0,0,0,0,0,0,0,0,0,0,0,0,0,0,0,0,0,0,0,0,0,0,0,0,0,0
1962,1,324,F,63.0386,Risk:LOW,0,0,5,0,0,0,1,0,0,0,30,0,0,0,4,0,0,0,5,0,0,0,12,0,0,0,24,0
1962,1,325,M,34.8949,Risk:LOW,0,0,14,0,0,0,0,0,0,0,25,0,0,0,9,0,0,0,14,0,0,0,17,0,0,0,23,0
1962,1,326,M,10.5052,Risk:LOW,0,0,0,0,0,0,0,0,0,0,0,0,0,0,0,0,0,0,0,0,0,0,0,0,0,0,0,0
1962,1,327,F,26.8765,Risk:LOW,0,0,6,0,0,0,0,0,0,0,16,0,0,0,3,0,0,0,6,0,0,0,12,0,0,0,16,0
1962,1,328,M,28.5936,Risk:LOW,0,0,6,0,0,0,0,0,0,0,11,0,0,0,3,0,0,0,6,0,0,0,7,0,0,0,11,0
1962,1,329,F,61.6272,Risk:HIGH,0,0,0,0,0,0,0,0,0,0,0,0,0,0,0,0,0,0,0,0,0,0,0,0,0,0,0,0
1962,1,330,F,7.73019,Risk:LOW,0,0,0,0,0,0,0,0,0,0,0,0,0,0,0,0,0,0,0,0,0,0,0,0,0,0,0,0
1962,1,331,M,8.90135,Risk:LOW,0,0,0,0,0,0,0,0,0,0,0,0,0,0,0,0,0,0,0,0,0,0,0,0,0,0,0,0
1962,1,332,F,4.73839,Risk:LOW,0,0,0,0,0,0,0,0,0,0,0,0,0,0,0,0,0,0,0,0,0,0,0,0,0,0,0,0
1962,1,333,M,8.22773,Risk:LOW,0,0,0,0,0,0,0,0,0,0,0,0,0,0,0,0,0,0,0,0,0,0,0,0,0,0,0,0
1962,1,334,M,13.4721,Risk:LOW,0,0,0,0,0,0,0,0,0,0,0,0,0,0,0,0,0,0,0,0,0,0,0,0,0,0,0,0
1962,1,335,F,10.4986,Risk:LOW,0,0,0,0,0,0,0,0,0,0,0,0,0,0,0,0,0,0,0,0,0,0,0,0,0,0,0,0
1962,1,336,M,39.5815,Risk:LOW,0,0,12,0,0,0,0,0,0,0,27,0,0,0,4,0,0,0,13,0,0,0,18,0,0,0,25,0
1962,1,337,M,45.9908,Risk:LOW,0,0,34,0,0,0,1,0,0,0,77,0,0,0,18,0,0,0,33,0,0,0,52,0,0,0,67,0
1962,1,338,F,26.1626,Risk:LOW,0,0,6,0,0,0,0,0,0,0,15,0,0,0,3,0,0,0,6,0,0,0,11,0,0,0,15,0
1962,1,339,F,17.8404,Risk:HIGH,27,0,0,0,1,0,0,0,78,0,0,0,9,0,0,0,9,0,0,0,12,0,0,0,13,0,0,0
1962,1,340,F,6.1405,Risk:LOW,0,0,0,0,0,0,0,0,0,0,0,0,0,0,0,0,0,0,0,0,0,0,0,0,0,0,0,0
1962,1,341,F,23.216,Risk:LOW,0,0,9,0,0,0,0,0,0,0,11,0,0,0,5,0,0,0,9,0,0,0,11,0,0,0,11,0
1962,1,342,M,16.2395,Risk:LOW,0,0,0,0,0,0,0,0,0,0,0,0,0,0,0,0,0,0,0,0,0,0,0,0,0,0,0,0
1962,1,343,F,31.2051,Risk:LOW,0,0,13,0,0,0,1,0,0,0,35,0,0,0,5,0,0,0,13,0,0,0,25,0,0,0,31,0
1962,1,344,F,45.1166,Risk:LOW,0,0,28,0,0,0,0,0,0,0,57,0,0,0,14,0,0,0,26,0,0,0,43,0,0,0,48,0
1962,1,345,F,25.2008,Risk:LOW,0,0,12,0,0,0,0,0,0,0,16,0,0,0,8,0,0,0,12,0,0,0,14,0,0,0,15,0
1962,1,346,M,37.7103,Risk:LOW,0,0,19,0,0,0,0,0,0,0,35,0,0,0,13,0,0,0,18,0,0,0,26,0,0,0,33,0
1962,1,347,F,29.6974,Risk:LOW,0,0,12,0,0,0,0,0,0,0,23,0,0,0,5,0,0,0,11,0,0,0,15,0,0,0,20,0
1962,1,348,M,23.6039,Risk:LOW,0,0,3,0,0,0,0,0,0,0,8,0,0,0,1,0,0,0,3,0,0,0,4,0,0,0,8,0
1962,1,349,F,64.0604,Risk:LOW,0,0,5,0,0,0,1,0,0,0,7,0,0,0,3,0,0,0,5,0,0,0,6,0,0,0,7,0
1962,1,350,M,62.1689,Risk:LOW,0,0,12,0,0,0,0,0,0,0,43,0,0,0,7,0,0,0,13,0,0,0,23,0,0,0,38,0
1962,1,351,F,30.42,Risk:LOW,0,0,20,0,0,0,1,0,0,0,31,0,0,0,11,0,0,0,19,0,0,0,26,0,0,0,28,0
1962,1,352,F,81.1191,Risk:LOW,0,0,4,0,0,0,0,0,0,0,7,0,0,0,1,0,0,0,4,0,0,0,5,0,0,0,6,0
1962,1,353,M,42.4919,Risk:LOW,0,0,15,0,0,0,0,0,0,0,40,0,0,0,10,0,0,0,16,0,0,0,22,0,0,0,39,0
1962,1,354,M,7.37983,Risk:LOW,0,0,0,0,0,0,0,0,0,0,0,0,0,0,0,0,0,0,0,0,0,0,0,0,0,0,0,0
1962,1,355,M,9.4721,Risk:LOW,0,0,0,0,0,0,0,0,0,0,0,0,0,0,0,0,0,0,0,0,0,0,0,0,0,0,0,0
1962,1,356,M,34.2228,Risk:LOW,0,0,12,0,0,0,0,0,0,0,19,0,0,0,4,0,0,0,11,0,0,0,13,0,0,0,18,0
1962,1,357,F,33.0933,Risk:LOW,0,0,19,0,0,0,1,0,0,0,38,0,0,0,11,0,0,0,19,0,0,0,28,0,0,0,36,0
1962,1,358,M,3.42269,Risk:LOW,0,0,0,0,0,0,0,0,0,0,0,0,0,0,0,0,0,0,0,0,0,0,0,0,0,0,0,0
1962,1,359,F,43.987,Risk:LOW,0,0,23,0,0,0,0,0,0,0,48,0,0,0,12,0,0,0,23,0,0,0,35,0,0,0,40,0
1962,1,360,M,23.0591,Risk:LOW,0,0,2,0,0,0,0,0,0,0,3,0,0,0,2,0,0,0,2,0,0,0,3,0,0,0,3,0
1962,1,361,F,5.7361,Risk:LOW,0,0,0,0,0,0,0,0,0,0,0,0,0,0,0,0,0,0,0,0,0,0,0,0,0,0,0,0
1962,1,362,M,30.826,Risk:LOW,0,0,10,0,0,0,0,0,0,0,14,0,0,0,7,0,0,0,8,0,0,0,10,0,0,0,12,0
1962,1,363,M,16.58,Risk:LOW,0,0,0,0,0,0,0,0,0,0,0,0,0,0,0,0,0,0,0,0,0,0,0,0,0,0,0,0
1962,1,364,M,43.6338,Risk:LOW,0,0,29,0,0,0,1,0,0,0,53,0,0,0,15,0,0,0,27,0,0,0,38,0,0,0,46,0
1962,1,365,M,26.6468,Risk:LOW,0,0,3,0,0,0,0,0,0,0,7,0,0,0,1,0,0,0,3,0,0,0,5,0,0,0,7,0
1962,1,366,M,17.7139,Risk:LOW,0,0,1,0,0,0,0,0,0,0,2,0,0,0,0,0,0,0,1,0,0,0,1,0,0,0,2,0
1962,1,367,F,8.62046,Risk:LOW,0,0,0,0,0,0,0,0,0,0,0,0,0,0,0,0,0,0,0,0,0,0,0,0,0,0,0,0
1962,1,368,F,27.5205,Risk:LOW,0,0,7,0,0,0,0,0,0,0,22,0,0,0,4,0,0,0,7,0,0,0,15,0,0,0,21,0
1962,1,369,F,30.4542,Risk:HIGH,5,0,0,0,0,0,0,0,14,0,0,0,2,0,0,0,4,0,0,0,6,0,0,0,10,0,0,0
1962,1,370,M,37.1829,Risk:LOW,0,0,14,0,0,0,0,0,0,0,33,0,0,0,9,0,0,0,14,0,0,0,24,0,0,0,31,0
1962,1,371,F,29.7868,Risk:LOW,0,0,13,0,0,0,0,0,0,0,29,0,0,0,7,0,0,0,14,0,0,0,18,0,0,0,27,0
1962,1,372,M,29.8745,Risk:LOW,0,0,9,0,0,0,0,0,0,0,11,0,0,0,7,0,0,0,9,0,0,0,9,0,0,0,11,0
1962,1,373,M,33.7001,Risk:HIGH,11,0,0,0,0,0,0,0,29,0,0,0,2,0,0,0,5,0,0,0,8,0,0,0,8,0,0,0
1962,1,374,M,47.0267,Risk:LOW,0,0,27,0,0,0,1,0,0,0,59,0,0,0,14,0,0,0,27,0,0,0,37,0,0,0,55,0
1962,1,375,F,10.2839,Risk:LOW,0,0,0,0,0,0,0,0,0,0,0,0,0,0,0,0,0,0,0,0,0,0,0,0,0,0,0,0
1962,1,376,F,15.616,Risk:LOW,0,0,0,0,0,0,0,0,0,0,0,0,0,0,0,0,0,0,0,0,0,0,0,0,0,0,0,0
1962,1,377,M,27.8884,Risk:LOW,0,0,7,0,0,0,1,0,0,0,13,0,0,0,3,0,0,0,7,0,0,0,9,0,0,0,13,0
1962,1,378,M,44.3368,Risk:LOW,0,0,25,0,0,0,0,0,0,0,48,0,0,0,13,0,0,0,24,0,0,0,34,0,0,0,44,0
1962,1,379,F,14.3755,Risk:LOW,0,0,0,0,0,0,0,0,0,0,0,0,0,0,0,0,0,0,0,0,0,0,0,0,0,0,0,0
1962,1,380,M,22.1608,Risk:LOW,0,0,1,0,0,0,0,0,0,0,2,0,0,0,1,0,0,0,1,0,0,0,2,0,0,0,3,0
1962,1,381,M,82.8103,Risk:LOW,0,0,5,0,0,0,0,0,0,0,20,0,0,0,3,0,0,0,5,0,0,0,9,0,0,0,15,0
1962,1,382,M,6.48765,Risk:LOW,0,0,0,0,0,0,0,0,0,0,0,0,0,0,0,0,0,0,0,0,0,0,0,0,0,0,0,0
1962,1,383,F,4.1218,Risk:LOW,0,0,0,0,0,0,0,0,0,0,0,0,0,0,0,0,0,0,0,0,0,0,0,0,0,0,0,0
1962,1,384,M,13.6759,Risk:LOW,0,0,0,0,0,0,0,0,0,0,0,0,0,0,0,0,0,0,0,0,0,0,0,0,0,0,0,0
1962,1,385,F,38.6212,Risk:HIGH,6,0,0,0,0,0,0,0,10,0,0,0,2,0,0,0,5,0,0,0,6,0,0,0,6,0,0,0
1962,1,386,F,8.61682,Risk:LOW,0,0,0,0,0,0,0,0,0,0,0,0,0,0,0,0,0,0,0,0,0,0,0,0,0,0,0,0
1962,1,387,M,18.1947,Risk:LOW,0,0,0,0,0,0,0,0,0,0,0,0,0,0,0,0,0,0,0,0,0,0,0,0,0,0,0,0
1962,1,388,M,15.3303,Risk:LOW,0,0,0,0,0,0,0,0,0,0,0,0,0,0,0,0,0,0,0,0,0,0,0,0,0,0,0,0
1962,1,389,F,58.3229,Risk:LOW,0,0,15,0,0,0,0,0,0,0,28,0,0,0,9,0,0,0,14,0,0,0,18,0,0,0,25,0
1962,1,390,F,21.7601,Risk:LOW,0,0,8,0,0,0,0,0,0,0,13,0,0,0,3,0,0,0,8,0,0,0,11,0,0,0,13,0
1962,1,391,F,11.2364,Risk:LOW,0,0,0,0,0,0,0,0,0,0,0,0,0,0,0,0,0,0,0,0,0,0,0,0,0,0,0,0
1962,1,392,F,17.448,Risk:LOW,0,0,4,0,0,0,0,0,0,0,5,0,0,0,2,0,0,0,4,0,0,0,5,0,0,0,5,0
1962,1,393,M,1.62204,Risk:LOW,0,0,0,0,0,0,0,0,0,0,0,0,0,0,0,0,0,0,0,0,0,0,0,0,0,0,0,0
1962,1,394,M,32.8268,Risk:LOW,0,0,10,0,0,0,0,0,0,0,23,0,0,0,4,0,0,0,11,0,0,0,18,0,0,0,21,0
1962,1,395,M,49.0301,Risk:LOW,0,0,37,0,0,0,1,0,0,0,70,0,0,0,22,0,0,0,33,0,0,0,48,0,0,0,55,0
1962,1,396,F,8.93803,Risk:LOW,0,0,0,0,0,0,0,0,0,0,0,0,0,0,0,0,0,0,0,0,0,0,0,0,0,0,0,0
1962,1,397,F,1.57742,Risk:LOW,0,0,0,0,0,0,0,0,0,0,0,0,0,0,0,0,0,0,0,0,0,0,0,0,0,0,0,0
1962,1,398,F,17.342,Risk:LOW,0,0,3,0,0,0,0,0,0,0,4,0,0,0,0,0,0,0,3,0,0,0,4,0,0,0,5,0
1962,1,399,M,5.59017,Risk:LOW,0,0,0,0,0,0,0,0,0,0,0,0,0,0,0,0,0,0,0,0,0,0,0,0,0,0,0,0
1962,1,400,M,12.7328,Risk:LOW,0,0,0,0,0,0,0,0,0,0,0,0,0,0,0,0,0,0,0,0,0,0,0,0,0,0,0,0
1962,1,401,F,4.37956,Risk:LOW,0,0,0,0,0,0,0,0,0,0,0,0,0,0,0,0,0,0,0,0,0,0,0,0,0,0,0,0
1962,1,402,F,30.15,Risk:LOW,0,0,18,0,0,0,1,0,0,0,32,0,0,0,10,0,0,0,18,0,0,0,22,0,0,0,31,0
1962,1,403,M,66.5719,Risk:LOW,0,0,5,0,0,0,0,0,0,0,10,0,0,0,2,0,0,0,5,0,0,0,6,0,0,0,8,0
1962,1,404,F,9.75249,Risk:LOW,0,0,0,0,0,0,0,0,0,0,0,0,0,0,0,0,0,0,0,0,0,0,0,0,0,0,0,0
1962,1,405,F,7.58945,Risk:LOW,0,0,0,0,0,0,0,0,0,0,0,0,0,0,0,0,0,0,0,0,0,0,0,0,0,0,0,0
1962,1,406,F,5.00535,Risk:LOW,0,0,0,0,0,0,0,0,0,0,0,0,0,0,0,0,0,0,0,0,0,0,0,0,0,0,0,0
1962,1,407,F,17.1193,Risk:LOW,0,0,8,0,0,0,0,0,0,0,9,0,0,0,2,0,0,0,8,0,0,0,8,0,0,0,9,0
1962,1,408,F,10.3265,Risk:LOW,0,0,0,0,0,0,0,0,0,0,0,0,0,0,0,0,0,0,0,0,0,0,0,0,0,0,0,0
1962,1,409,M,13.5087,Risk:LOW,0,0,0,0,0,0,0,0,0,0,0,0,0,0,0,0,0,0,0,0,0,0,0,0,0,0,0,0
1962,1,410,F,59.5457,Risk:LOW,0,0,13,0,0,0,1,0,0,0,34,0,0,0,9,0,0,0,11,0,0,0,19,0,0,0,23,0
1962,1,411,F,29.0623,Risk:LOW,0,0,7,0,0,0,1,0,0,0,25,0,0,0,4,0,0,0,8,0,0,0,14,0,0,0,22,0
1962,1,412,M,4.58518,Risk:LOW,0,0,0,0,0,0,0,0,0,0,0,0,0,0,0,0,0,0,0,0,0,0,0,0,0,0,0,0
1962,1,413,M,8.91765,Risk:LOW,0,0,0,0,0,0,0,0,0,0,0,0,0,0,0,0,0,0,0,0,0,0,0,0,0,0,0,0
1962,1,414,F,2.85689,Risk:LOW,0,0,0,0,0,0,0,0,0,0,0,0,0,0,0,0,0,0,0,0,0,0,0,0,0,0,0,0
1962,1,415,M,17.4636,Risk:LOW,0,0,1,0,0,0,0,0,0,0,3,0,0,0,1,0,0,0,1,0,0,0,2,0,0,0,3,0
1962,1,416,M,72.262,Risk:LOW,0,0,5,0,0,0,0,0,0,0,11,0,0,0,3,0,0,0,5,0,0,0,7,0,0,0,8,0
1962,1,417,M,11.7615,Risk:LOW,0,0,0,0,0,0,0,0,0,0,0,0,0,0,0,0,0,0,0,0,0,0,0,0,0,0,0,0
1962,1,418,F,34.257,Risk:LOW,0,0,28,0,0,0,0,0,0,0,49,0,0,0,11,0,0,0,28,0,0,0,38,0,0,0,46,0
1962,1,419,M,39.914,Risk:LOW,0,0,16,0,0,0,1,0,0,0,33,0,0,0,10,0,0,0,16,0,0,0,28,0,0,0,33,0
1962,1,420,F,35.0624,Risk:LOW,0,0,22,0,0,0,0,0,0,0,39,0,0,0,11,0,0,0,22,0,0,0,29,0,0,0,35,0
1962,1,421,F,51.8795,Risk:LOW,0,0,22,0,0,0,1,0,0,0,41,0,0,0,9,0,0,0,20,0,0,0,27,0,0,0,35,0
1962,1,422,M,31.0254,Risk:LOW,0,0,17,0,0,0,0,0,0,0,20,0,0,0,7,0,0,0,16,0,0,0,17,0,0,0,20,0
1962,1,423,M,34.6565,Risk:LOW,0,0,14,0,0,0,0,0,0,0,26,0,0,0,7,0,0,0,14,0,0,0,19,0,0,0,26,0
1962,1,424,F,55.5761,Risk:LOW,0,0,15,0,0,0,1,0,0,0,29,0,0,0,7,0,0,0,15,0,0,0,18,0,0,0,24,0
1962,1,425,M,19.851,Risk:LOW,0,0,1,0,0,0,0,0,0,0,2,0,0,0,0,0,0,0,1,0,0,0,1,0,0,0,2,0
1962,1,426,M,2.32387,Risk:LOW,0,0,0,0,0,0,0,0,0,0,0,0,0,0,0,0,0,0,0,0,0,0,0,0,0,0,0,0
1962,1,427,M,18.955,Risk:LOW,0,0,0,0,0,0,0,0,0,0,1,0,0,0,0,0,0,0,0,0,0,0,1,0,0,0,1,0
1962,1,428,F,37.3797,Risk:LOW,0,0,22,0,0,0,0,0,0,0,55,0,0,0,14,0,0,0,20,0,0,0,32,0,0,0,50,0
1962,1,429,F,12.7873,Risk:HIGH,0,0,0,0,0,0,0,0,0,0,0,0,0,0,0,0,0,0,0,0,0,0,0,0,0,0,0,0
1962,1,430,F,55.029,Risk:LOW,0,0,10,0,0,0,1,0,0,0,24,0,0,0,6,0,0,0,9,0,0,0,12,0,0,0,19,0
1962,1,431,M,25.0807,Risk:LOW,0,0,3,0,0,0,0,0,0,0,3,0,0,0,2,0,0,0,3,0,0,0,3,0,0,0,3,0
1962,1,432,F,62.0526,Risk:LOW,0,0,20,0,0,0,1,0,0,0,38,0,0,0,12,0,0,0,18,0,0,0,21,0,0,0,27,0
1962,1,433,M,12.1618,Risk:LOW,0,0,0,0,0,0,0,0,0,0,0,0,0,0,0,0,0,0,0,0,0,0,0,0,0,0,0,0
1962,1,434,F,60.7903,Risk:LOW,0,0,23,0,0,0,0,0,0,0,38,0,0,0,8,0,0,0,21,0,0,0,22,0,0,0,28,0
1962,1,435,M,19.79,Risk:LOW,0,0,0,0,0,0,0,0,0,0,1,0,0,0,0,0,0,0,0,0,0,0,0,0,0,0,1,0
1962,1,436,F,30.6945,Risk:LOW,0,0,20,0,0,0,2,0,0,0,40,0,0,0,12,0,0,0,20,0,0,0,27,0,0,0,38,0
1962,1,437,F,4.67215,Risk:LOW,0,0,0,0,0,0,0,0,0,0,0,0,0,0,0,0,0,0,0,0,0,0,0,0,0,0,0,0
1962,1,438,F,58.5195,Risk:LOW,0,0,22,0,0,0,1,0,0,0,39,0,0,0,9,0,0,0,20,0,0,0,24,0,0,0,29,0
1962,1,439,F,8.56935,Risk:LOW,0,0,0,0,0,0,0,0,0,0,0,0,0,0,0,0,0,0,0,0,0,0,0,0,0,0,0,0
1962,1,440,M,48.0712,Risk:LOW,0,0,42,0,0,0,0,0,0,0,83,0,0,0,20,0,0,0,41,0,0,0,52,0,0,0,75,0
1962,1,441,M,8.90094,Risk:LOW,0,0,0,0,0,0,0,0,0,0,0,0,0,0,0,0,0,0,0,0,0,0,0,0,0,0,0,0
1962,1,442,F,27.6557,Risk:LOW,0,0,7,0,0,0,0,0,0,0,16,0,0,0,5,0,0,0,7,0,0,0,10,0,0,0,16,0
1962,1,443,F,36.2019,Risk:LOW,0,0,25,0,0,0,1,0,0,0,58,0,0,0,17,0,0,0,24,0,0,0,33,0,0,0,51,0
1962,1,444,F,20.2758,Risk:LOW,0,0,2,0,0,0,0,0,0,0,4,0,0,0,2,0,0,0,2,0,0,0,3,0,0,0,4,0
1962,1,445,F,6.41249,Risk:LOW,0,0,0,0,0,0,0,0,0,0,0,0,0,0,0,0,0,0,0,0,0,0,0,0,0,0,0,0
1962,1,446,F,16.4056,Risk:LOW,0,0,2,0,0,0,0,0,0,0,5,0,0,0,1,0,0,0,3,0,0,0,4,0,0,0,5,0
1962,1,447,M,26.4275,Risk:HIGH,10,0,0,0,1,0,0,0,18,0,0,0,3,0,0,0,4,0,0,0,5,0,0,0,7,0,0,0
1962,1,448,F,22.277,Risk:LOW,0,0,3,0,0,0,0,0,0,0,6,0,0,0,1,0,0,0,3,0,0,0,6,0,0,0,6,0
1962,1,449,M,3.45294,Risk:LOW,0,0,0,0,0,0,0,0,0,0,0,0,0,0,0,0,0,0,0,0,0,0,0,0,0,0,0,0
1962,1,450,M,21.2275,Risk:LOW,0,0,3,0,0,0,1,0,0,0,5,0,0,0,2,0,0,0,3,0,0,0,4,0,0,0,5,0
1962,1,451,F,8.62729,Risk:LOW,0,0,0,0,0,0,0,0,0,0,0,0,0,0,0,0,0,0,0,0,0,0,0,0,0,0,0,0
1962,1,452,F,5.85049,Risk:LOW,0,0,0,0,0,0,0,0,0,0,0,0,0,0,0,0,0,0,0,0,0,0,0,0,0,0,0,0
1962,1,453,M,28.3555,Risk:LOW,0,0,6,0,0,0,0,0,0,0,14,0,0,0,3,0,0,0,7,0,0,0,11,0,0,0,14,0
1962,1,454,F,51.2535,Risk:LOW,0,0,18,0,0,0,1,0,0,0,37,0,0,0,11,0,0,0,17,0,0,0,24,0,0,0,32,0
1962,1,455,M,19.455,Risk:LOW,0,0,0,0,0,0,0,0,0,0,2,0,0,0,0,0,0,0,0,0,0,0,0,0,0,0,2,0
1962,1,456,M,13.7833,Risk:LOW,0,0,0,0,0,0,0,0,0,0,0,0,0,0,0,0,0,0,0,0,0,0,0,0,0,0,0,0
1962,1,457,M,25.1772,Risk:LOW,0,0,2,0,0,0,0,0,0,0,8,0,0,0,1,0,0,0,2,0,0,0,8,0,0,0,8,0
1962,1,458,F,40.0547,Risk:LOW,0,0,26,0,0,0,1,0,0,0,51,0,0,0,13,0,0,0,25,0,0,0,40,0,0,0,47,0
1962,1,459,F,14.2979,Risk:LOW,0,0,0,0,0,0,0,0,0,0,0,0,0,0,0,0,0,0,0,0,0,0,0,0,0,0,0,0
1962,1,460,F,13.0121,Risk:LOW,0,0,0,0,0,0,0,0,0,0,0,0,0,0,0,0,0,0,0,0,0,0,0,0,0,0,0,0
1962,1,461,F,27.3082,Risk:LOW,0,0,10,0,0,0,0,0,0,0,19,0,0,0,5,0,0,0,10,0,0,0,14,0,0,0,20,0
1962,1,462,M,54.8663,Risk:LOW,0,0,30,0,0,0,0,0,0,0,73,0,0,0,19,0,0,0,27,0,0,0,46,0,0,0,61,0
1962,1,463,F,26.7284,Risk:LOW,0,0,6,0,0,0,0,0,0,0,17,0,0,0,5,0,0,0,6,0,0,0,13,0,0,0,17,0
1962,1,464,F,2.44686,Risk:LOW,0,0,0,0,0,0,0,0,0,0,0,0,0,0,0,0,0,0,0,0,0,0,0,0,0,0,0,0
1962,1,465,F,52.8333,Risk:LOW,0,0,11,0,0,0,0,0,0,0,27,0,0,0,5,0,0,0,11,0,0,0,17,0,0,0,26,0
1962,1,466,M,4.83531,Risk:LOW,0,0,0,0,0,0,0,0,0,0,0,0,0,0,0,0,0,0,0,0,0,0,0,0,0,0,0,0
1962,1,467,M,4.63111,Risk:LOW,0,0,0,0,0,0,0,0,0,0,0,0,0,0,0,0,0,0,0,0,0,0,0,0,0,0,0,0
1962,1,468,M,36.1912,Risk:LOW,0,0,16,0,0,0,0,0,0,0,37,0,0,0,11,0,0,0,16,0,0,0,28,0,0,0,34,0
1962,1,469,F,40.1868,Risk:LOW,0,0,25,0,0,0,0,0,0,0,64,0,0,0,12,0,0,0,26,0,0,0,45,0,0,0,58,0
1962,1,470,M,11.2383,Risk:LOW,0,0,0,0,0,0,0,0,0,0,0,0,0,0,0,0,0,0,0,0,0,0,0,0,0,0,0,0
1962,1,471,F,19.1512,Risk:LOW,0,0,1,0,0,0,1,0,0,0,5,0,0,0,1,0,0,0,1,0,0,0,3,0,0,0,5,0
1962,1,472,M,6.02579,Risk:LOW,0,0,0,0,0,0,0,0,0,0,0,0,0,0,0,0,0,0,0,0,0,0,0,0,0,0,0,0
1962,1,473,F,55.0635,Risk:LOW,0,0,14,0,0,0,0,0,0,0,27,0,0,0,7,0,0,0,11,0,0,0,16,0,0,0,22,0
1962,1,474,M,6.0093,Risk:LOW,0,0,0,0,0,0,0,0,0,0,0,0,0,0,0,0,0,0,0,0,0,0,0,0,0,0,0,0
1962,1,475,M,49.971,Risk:LOW,0,0,43,0,0,0,3,0,0,0,77,0,0,0,26,0,0,0,42,0,0,0,56,0,0,0,61,0
1962,1,476,F,44.723,Risk:LOW,0,0,23,0,0,0,1,0,0,0,50,0,0,0,14,0,0,0,23,0,0,0,29,0,0,0,38,0
1962,1,477,F,3.25176,Risk:LOW,0,0,0,0,0,0,0,0,0,0,0,0,0,0,0,0,0,0,0,0,0,0,0,0,0,0,0,0
1962,1,478,F,4.5357,Risk:LOW,0,0,0,0,0,0,0,0,0,0,0,0,0,0,0,0,0,0,0,0,0,0,0,0,0,0,0,0
1962,1,479,M,60.3036,Risk:LOW,0,0,21,0,0,0,1,0,0,0,50,0,0,0,9,0,0,0,20,0,0,0,32,0,0,0,40,0
1962,1,480,M,66.3146,Risk:LOW,0,0,2,0,0,0,0,0,0,0,11,0,0,0,0,0,0,0,2,0,0,0,7,0,0,0,11,0
1962,1,481,M,2.27527,Risk:LOW,0,0,0,0,0,0,0,0,0,0,0,0,0,0,0,0,0,0,0,0,0,0,0,0,0,0,0,0
1962,1,482,F,11.0393,Risk:LOW,0,0,0,0,0,0,0,0,0,0,0,0,0,0,0,0,0,0,0,0,0,0,0,0,0,0,0,0
1962,1,483,F,5.98713,Risk:LOW,0,0,0,0,0,0,0,0,0,0,0,0,0,0,0,0,0,0,0,0,0,0,0,0,0,0,0,0
1962,1,484,F,34.7601,Risk:LOW,0,0,27,0,0,0,2,0,0,0,47,0,0,0,13,0,0,0,25,0,0,0,35,0,0,0,42,0
1962,1,485,F,51.6026,Risk:LOW,0,0,17,0,0,0,1,0,0,0,36,0,0,0,9,0,0,0,16,0,0,0,27,0,0,0,30,0
1962,1,486,F,12.5591,Risk:LOW,0,0,0,0,0,0,0,0,0,0,0,0,0,0,0,0,0,0,0,0,0,0,0,0,0,0,0,0
1962,1,487,M,56.1537,Risk:LOW,0,0,42,0,0,0,1,0,0,0,79,0,0,0,22,0,0,0,36,0,0,0,53,0,0,0,64,0
1962,1,488,F,20.8382,Risk:HIGH,38,0,0,0,0,0,0,0,62,0,0,0,7,0,0,0,12,0,0,0,13,0,0,0,13,0,0,0
1962,1,489,F,44.6593,Risk:LOW,0,0,29,0,0,0,0,0,0,0,56,0,0,0,18,0,0,0,26,0,0,0,39,0,0,0,48,0
1962,1,490,F,31.3368,Risk:LOW,0,0,19,0,0,0,1,0,0,0,38,0,0,0,12,0,0,0,19,0,0,0,28,0,0,0,39,0
1962,1,491,F,3.05289,Risk:LOW,0,0,0,0,0,0,0,0,0,0,0,0,0,0,0,0,0,0,0,0,0,0,0,0,0,0,0,0
1962,1,492,M,2.16719,Risk:LOW,0,0,0,0,0,0,0,0,0,0,0,0,0,0,0,0,0,0,0,0,0,0,0,0,0,0,0,0
1962,1,493,F,28.7892,Risk:LOW,0,0,13,0,0,0,0,0,0,0,29,0,0,0,6,0,0,0,13,0,0,0,19,0,0,0,29,0
1962,1,494,F,51.1433,Risk:LOW,0,0,14,0,0,0,1,0,0,0,27,0,0,0,7,0,0,0,14,0,0,0,20,0,0,0,24,0
1962,1,495,F,9.57787,Risk:LOW,0,0,0,0,0,0,0,0,0,0,0,0,0,0,0,0,0,0,0,0,0,0,0,0,0,0,0,0
1962,1,496,F,39.3924,Risk:LOW,0,0,26,0,0,0,0,0,0,0,47,0,0,0,16,0,0,0,26,0,0,0,33,0,0,0,44,0
1962,1,497,M,10.2786,Risk:LOW,0,0,0,0,0,0,0,0,0,0,0,0,0,0,0,0,0,0,0,0,0,0,0,0,0,0,0,0
1962,1,498,M,16.9771,Risk:LOW,0,0,0,0,0,0,0,0,0,0,2,0,0,0,0,0,0,0,0,0,0,0,2,0,0,0,2,0
1962,1,499,F,21.3553,Risk:LOW,0,0,7,0,0,0,0,0,0,0,11,0,0,0,3,0,0,0,7,0,0,0,9,0,0,0,11,0
1962,1,500,F,17.7139,Risk:LOW,0,0,2,0,0,0,0,0,0,0,4,0,0,0,1,0,0,0,2,0,0,0,3,0,0,0,4,0
1962,1,501,F,3.93566,Risk:LOW,0,0,0,0,0,0,0,0,0,0,0,0,0,0,0,0,0,0,0,0,0,0,0,0,0,0,0,0
1962,1,502,F,18.643,Risk:LOW,0,0,1,0,0,0,0,0,0,0,1,0,0,0,1,0,0,0,1,0,0,0,1,0,0,0,1,0
1962,1,503,F,23.2598,Risk:LOW,0,0,8,0,0,0,0,0,0,0,15,0,0,0,4,0,0,0,8,0,0,0,12,0,0,0,14,0
1962,1,504,F,10.8738,Risk:LOW,0,0,0,0,0,0,0,0,0,0,0,0,0,0,0,0,0,0,0,0,0,0,0,0,0,0,0,0
1962,1,505,F,32.5111,Risk:LOW,0,0,24,0,0,0,1,0,0,0,43,0,0,0,17,0,0,0,24,0,0,0,34,0,0,0,41,0
1962,1,506,F,2.0883,Risk:LOW,0,0,0,0,0,0,0,0,0,0,0,0,0,0,0,0,0,0,0,0,0,0,0,0,0,0,0,0
1962,1,507,M,16.0857,Risk:LOW,0,0,0,0,0,0,0,0,0,0,0,0,0,0,0,0,0,0,0,0,0,0,0,0,0,0,0,0
1962,1,508,M,33.0301,Risk:LOW,0,0,14,0,0,0,0,0,0,0,22,0,0,0,6,0,0,0,14,0,0,0,17,0,0,0,21,0
1962,1,509,M,5.15474,Risk:LOW,0,0,0,0,0,0,0,0,0,0,0,0,0,0,0,0,0,0,0,0,0,0,0,0,0,0,0,0
1962,1,510,F,2.76114,Risk:LOW,0,0,0,0,0,0,0,0,0,0,0,0,0,0,0,0,0,0,0,0,0,0,0,0,0,0,0,0
1962,1,511,F,6.43671,Risk:LOW,0,0,0,0,0,0,0,0,0,0,0,0,0,0,0,0,0,0,0,0,0,0,0,0,0,0,0,0
1962,1,512,M,25.3644,Risk:LOW,0,0,6,0,0,0,1,0,0,0,10,0,0,0,5,0,0,0,7,0,0,0,9,0,0,0,10,0
1962,1,513,M,37.0923,Risk:LOW,0,0,11,0,0,0,0,0,0,0,22,0,0,0,8,0,0,0,11,0,0,0,16,0,0,0,20,0
1962,1,514,M,7.85296,Risk:LOW,0,0,0,0,0,0,0,0,0,0,0,0,0,0,0,0,0,0,0,0,0,0,0,0,0,0,0,0
1962,1,515,F,3.3214,Risk:LOW,0,0,0,0,0,0,0,0,0,0,0,0,0,0,0,0,0,0,0,0,0,0,0,0,0,0,0,0
1962,1,516,M,32.2255,Risk:LOW,0,0,13,0,0,0,0,0,0,0,18,0,0,0,7,0,0,0,13,0,0,0,16,0,0,0,17,0
1962,1,517,F,1.70622,Risk:LOW,0,0,0,0,0,0,0,0,0,0,0,0,0,0,0,0,0,0,0,0,0,0,0,0,0,0,0,0
1962,1,518,M,9.71167,Risk:LOW,0,0,0,0,0,0,0,0,0,0,0,0,0,0,0,0,0,0,0,0,0,0,0,0,0,0,0,0
1962,1,519,M,50.7733,Risk:LOW,0,0,49,0,0,0,0,0,0,0,85,0,0,0,22,0,0,0,40,0,0,0,55,0,0,0,64,0
1962,1,520,F,19.6563,Risk:LOW,0,0,0,0,0,0,0,0,0,0,7,0,0,0,0,0,0,0,0,0,0,0,4,0,0,0,7,0
1962,1,521,M,20.8935,Risk:LOW,0,0,2,0,0,0,0,0,0,0,3,0,0,0,2,0,0,0,2,0,0,0,2,0,0,0,3,0
1962,1,522,M,27.3104,Risk:LOW,0,0,7,0,0,0,0,0,0,0,13,0,0,0,4,0,0,0,8,0,0,0,11,0,0,0,13,0
1962,1,523,F,6.61659,Risk:LOW,0,0,0,0,0,0,0,0,0,0,0,0,0,0,0,0,0,0,0,0,0,0,0,0,0,0,0,0
1962,1,524,M,7.09394,Risk:LOW,0,0,0,0,0,0,0,0,0,0,0,0,0,0,0,0,0,0,0,0,0,0,0,0,0,0,0,0
1962,1,525,M,36.5853,Risk:LOW,0,0,21,0,0,0,0,0,0,0,37,0,0,0,15,0,0,0,21,0,0,0,28,0,0,0,33,0
1962,1,526,M,18.3736,Risk:LOW,0,0,0,0,0,0,0,0,0,0,3,0,0,0,0,0,0,0,0,0,0,0,0,0,0,0,3,0
1962,1,527,M,26.6349,Risk:HIGH,10,0,0,0,0,0,0,0,18,0,0,0,4,0,0,0,4,0,0,0,5,0,0,0,5,0,0,0
1962,1,528,F,11.5555,Risk:LOW,0,0,0,0,0,0,0,0,0,0,0,0,0,0,0,0,0,0,0,0,0,0,0,0,0,0,0,0
1962,1,529,F,8.35694,Risk:LOW,0,0,0,0,0,0,0,0,0,0,0,0,0,0,0,0,0,0,0,0,0,0,0,0,0,0,0,0
1962,1,530,F,66.866,Risk:LOW,0,0,0,0,0,0,0,0,0,0,5,0,0,0,0,0,0,0,0,0,0,0,1,0,0,0,4,0
1962,1,531,M,3.3435,Risk:HIGH,0,0,0,0,0,0,0,0,0,0,0,0,0,0,0,0,0,0,0,0,0,0,0,0,0,0,0,0
1962,1,532,F,21.2738,Risk:LOW,0,0,8,0,0,0,0,0,0,0,11,0,0,0,4,0,0,0,9,0,0,0,11,0,0,0,11,0
1962,1,533,F,23.0414,Risk:LOW,0,0,9,0,0,0,0,0,0,0,12,0,0,0,4,0,0,0,9,0,0,0,11,0,0,0,11,0
1962,1,534,M,7.59895,Risk:HIGH,0,0,0,0,0,0,0,0,0,0,0,0,0,0,0,0,0,0,0,0,0,0,0,0,0,0,0,0
1962,1,535,F,10.4866,Risk:LOW,0,0,0,0,0,0,0,0,0,0,0,0,0,0,0,0,0,0,0,0,0,0,0,0,0,0,0,0
1962,1,536,M,19.3362,Risk:LOW,0,0,0,0,0,0,0,0,0,0,0,0,0,0,0,0,0,0,0,0,0,0,0,0,0,0,0,0
1962,1,537,F,21.5477,Risk:LOW,0,0,2,0,0,0,0,0,0,0,7,0,0,0,2,0,0,0,2,0,0,0,5,0,0,0,7,0
1962,1,538,F,4.55706,Risk:LOW,0,0,0,0,0,0,0,0,0,0,0,0,0,0,0,0,0,0,0,0,0,0,0,0,0,0,0,0
1962,1,539,M,36.0906,Risk:LOW,0,0,17,0,0,0,0,0,0,0,34,0,0,0,7,0,0,0,15,0,0,0,25,0,0,0,31,0
1962,1,540,F,12.3285,Risk:HIGH,0,0,0,0,0,0,0,0,0,0,0,0,0,0,0,0,0,0,0,0,0,0,0,0,0,0,0,0
1962,1,541,M,27.7825,Risk:LOW,0,0,3,0,0,0,0,0,0,0,6,0,0,0,1,0,0,0,3,0,0,0,3,0,0,0,5,0
1962,1,542,M,64.2071,Risk:LOW,0,0,5,0,0,0,0,0,0,0,6,0,0,0,4,0,0,0,5,0,0,0,6,0,0,0,6,0
1962,1,543,F,17.9594,Risk:LOW,0,0,0,0,0,0,0,0,0,0,3,0,0,0,0,0,0,0,0,0,0,0,1,0,0,0,3,0
1962,1,544,F,54.9306,Risk:LOW,0,0,10,0,0,0,0,0,0,0,23,0,0,0,5,0,0,0,9,0,0,0,17,0,0,0,21,0
1962,1,545,F,1.7661,Risk:LOW,0,0,0,0,0,0,0,0,0,0,0,0,0,0,0,0,0,0,0,0,0,0,0,0,0,0,0,0
1962,1,546,M,40.9954,Risk:LOW,0,0,22,0,0,0,0,0,0,0,49,0,0,0,14,0,0,0,22,0,0,0,33,0,0,0,42,0
1962,1,547,M,2.83296,Risk:LOW,0,0,0,0,0,0,0,0,0,0,0,0,0,0,0,0,0,0,0,0,0,0,0,0,0,0,0,0
1962,1,548,M,6.80482,Risk:LOW,0,0,0,0,0,0,0,0,0,0,0,0,0,0,0,0,0,0,0,0,0,0,0,0,0,0,0,0
1962,1,549,M,68.4581,Risk:LOW,0,0,2,0,0,0,0,0,0,0,7,0,0,0,2,0,0,0,3,0,0,0,4,0,0,0,6,0
1962,1,550,F,57.9579,Risk:LOW,0,0,16,0,0,0,1,0,0,0,38,0,0,0,5,0,0,0,16,0,0,0,23,0,0,0,34,0
1962,1,551,F,41.5493,Risk:LOW,0,0,32,0,0,0,0,0,0,0,62,0,0,0,14,0,0,0,31,0,0,0,41,0,0,0,52,0
1962,1,552,M,19.5506,Risk:LOW,0,0,1,0,0,0,0,0,0,0,1,0,0,0,0,0,0,0,1,0,0,0,1,0,0,0,1,0
1962,1,553,F,45.662,Risk:LOW,0,0,51,0,0,0,0,0,0,0,93,0,0,0,24,0,0,0,42,0,0,0,57,0,0,0,69,0
1962,1,554,M,18.1444,Risk:LOW,0,0,0,0,0,0,0,0,0,0,2,0,0,0,0,0,0,0,0,0,0,0,1,0,0,0,2,0
1962,1,555,M,31.7378,Risk:LOW,0,0,10,0,0,0,1,0,0,0,20,0,0,0,6,0,0,0,10,0,0,0,17,0,0,0,19,0
1962,1,556,M,32.8681,Risk:LOW,0,0,10,0,0,0,0,0,0,0,15,0,0,0,5,0,0,0,10,0,0,0,12,0,0,0,15,0
1962,1,557,M,30.2556,Risk:LOW,0,0,9,0,0,0,1,0,0,0,11,0,0,0,6,0,0,0,7,0,0,0,7,0,0,0,9,0
1962,1,558,F,10.0557,Risk:LOW,0,0,0,0,0,0,0,0,0,0,0,0,0,0,0,0,0,0,0,0,0,0,0,0,0,0,0,0
1962,1,559,M,8.7721,Risk:LOW,0,0,0,0,0,0,0,0,0,0,0,0,0,0,0,0,0,0,0,0,0,0,0,0,0,0,0,0
1962,1,560,F,13.6517,Risk:LOW,0,0,0,0,0,0,0,0,0,0,0,0,0,0,0,0,0,0,0,0,0,0,0,0,0,0,0,0
1962,1,561,F,47.8995,Risk:LOW,0,0,29,0,0,0,1,0,0,0,69,0,0,0,13,0,0,0,27,0,0,0,45,0,0,0,56,0
1962,1,562,F,25.2618,Risk:LOW,0,0,8,0,0,0,0,0,0,0,13,0,0,0,6,0,0,0,8,0,0,0,11,0,0,0,13,0
1962,1,563,M,22.0753,Risk:LOW,0,0,1,0,0,0,0,0,0,0,1,0,0,0,0,0,0,0,1,0,0,0,1,0,0,0,1,0
1962,1,564,M,44.8792,Risk:LOW,0,0,32,0,0,0,0,0,0,0,56,0,0,0,20,0,0,0,29,0,0,0,39,0,0,0,45,0
1962,1,565,M,4.76072,Risk:LOW,0,0,0,0,0,0,0,0,0,0,0,0,0,0,0,0,0,0,0,0,0,0,0,0,0,0,0,0
1962,1,566,M,79.7188,Risk:LOW,0,0,7,0,0,0,0,0,0,0,13,0,0,0,2,0,0,0,7,0,0,0,11,0,0,0,13,0
1962,1,567,M,37.245,Risk:LOW,0,0,16,0,0,0,1,0,0,0,28,0,0,0,9,0,0,0,15,0,0,0,25,0,0,0,27,0
1962,1,568,M,9.87041,Risk:LOW,0,0,0,0,0,0,0,0,0,0,0,0,0,0,0,0,0,0,0,0,0,0,0,0,0,0,0,0
1962,1,569,F,48.6898,Risk:LOW,0,0,28,0,0,0,0,0,0,0,56,0,0,0,15,0,0,0,26,0,0,0,40,0,0,0,48,0
1962,1,570,M,34.4762,Risk:LOW,0,0,10,0,0,0,0,0,0,0,23,0,0,0,3,0,0,0,10,0,0,0,17,0,0,0,23,0
1962,1,571,M,46.7498,Risk:LOW,0,0,37,0,0,0,1,0,0,0,79,0,0,0,17,0,0,0,34,0,0,0,50,0,0,0,69,0
1962,1,572,M,24.1884,Risk:LOW,0,0,6,0,0,0,0,0,0,0,13,0,0,0,4,0,0,0,6,0,0,0,9,0,0,0,12,0
1962,1,573,M,3.94995,Risk:LOW,0,0,0,0,0,0,0,0,0,0,0,0,0,0,0,0,0,0,0,0,0,0,0,0,0,0,0,0
1962,1,574,M,42.1357,Risk:LOW,0,0,23,0,0,0,0,0,0,0,48,0,0,0,12,0,0,0,21,0,0,0,30,0,0,0,43,0
1962,1,575,F,19.4753,Risk:LOW,0,0,3,0,0,0,0,0,0,0,5,0,0,0,1,0,0,0,3,0,0,0,5,0,0,0,5,0
1962,1,576,F,53.6698,Risk:HIGH,2,0,0,0,0,0,0,0,3,0,0,0,0,0,0,0,2,0,0,0,3,0,0,0,3,0,0,0
1962,1,577,M,33.0901,Risk:LOW,0,0,8,0,0,0,1,0,0,0,14,0,0,0,4,0,0,0,8,0,0,0,12,0,0,0,13,0
1962,1,578,M,5.13214,Risk:LOW,0,0,0,0,0,0,0,0,0,0,0,0,0,0,0,0,0,0,0,0,0,0,0,0,0,0,0,0
1962,1,579,M,21.4488,Risk:LOW,0,0,2,0,0,0,0,0,0,0,2,0,0,0,0,0,0,0,2,0,0,0,2,0,0,0,2,0
1962,1,580,M,39.7296,Risk:LOW,0,0,12,0,0,0,1,0,0,0,22,0,0,0,7,0,0,0,11,0,0,0,15,0,0,0,20,0
1962,1,581,F,2.54994,Risk:LOW,0,0,0,0,0,0,0,0,0,0,0,0,0,0,0,0,0,0,0,0,0,0,0,0,0,0,0,0
1962,1,582,F,3.83089,Risk:LOW,0,0,0,0,0,0,0,0,0,0,0,0,0,0,0,0,0,0,0,0,0,0,0,0,0,0,0,0
1962,1,583,M,3.33414,Risk:LOW,0,0,0,0,0,0,0,0,0,0,0,0,0,0,0,0,0,0,0,0,0,0,0,0,0,0,0,0
1962,1,584,F,29.3213,Risk:LOW,0,0,17,0,0,0,0,0,0,0,33,0,0,0,7,0,0,0,17,0,0,0,24,0,0,0,32,0
1962,1,585,F,10.2746,Risk:LOW,0,0,0,0,0,0,0,0,0,0,0,0,0,0,0,0,0,0,0,0,0,0,0,0,0,0,0,0
1962,1,586,F,7.63653,Risk:LOW,0,0,0,0,0,0,0,0,0,0,0,0,0,0,0,0,0,0,0,0,0,0,0,0,0,0,0,0
1962,1,587,M,1.66643,Risk:LOW,0,0,0,0,0,0,0,0,0,0,0,0,0,0,0,0,0,0,0,0,0,0,0,0,0,0,0,0
1962,1,588,M,40.4595,Risk:LOW,0,0,20,0,0,0,0,0,0,0,35,0,0,0,12,0,0,0,20,0,0,0,28,0,0,0,32,0
1962,1,589,M,53.9121,Risk:LOW,0,0,32,0,0,0,0,0,0,0,77,0,0,0,18,0,0,0,28,0,0,0,38,0,0,0,64,0
1962,1,590,F,15.176,Risk:LOW,0,0,0,0,0,0,0,0,0,0,0,0,0,0,0,0,0,0,0,0,0,0,0,0,0,0,0,0
1962,1,591,F,31.1409,Risk:LOW,0,0,18,0,0,0,1,0,0,0,32,0,0,0,10,0,0,0,17,0,0,0,23,0,0,0,32,0
1962,1,592,M,38.2312,Risk:LOW,0,0,19,0,0,0,1,0,0,0,36,0,0,0,11,0,0,0,18,0,0,0,28,0,0,0,35,0
1962,1,593,F,63.5901,Risk:LOW,0,0,10,0,0,0,0,0,0,0,14,0,0,0,4,0,0,0,9,0,0,0,10,0,0,0,11,0
1962,1,594,M,3.2509,Risk:LOW,0,0,0,0,0,0,0,0,0,0,0,0,0,0,0,0,0,0,0,0,0,0,0,0,0,0,0,0
1962,1,595,M,2.71556,Risk:LOW,0,0,0,0,0,0,0,0,0,0,0,0,0,0,0,0,0,0,0,0,0,0,0,0,0,0,0,0
1962,1,596,M,43.1896,Risk:LOW,0,0,24,0,0,0,0,0,0,0,53,0,0,0,9,0,0,0,24,0,0,0,38,0,0,0,47,0
1962,1,597,M,27.1176,Risk:LOW,0,0,6,0,0,0,0,0,0,0,11,0,0,0,1,0,0,0,6,0,0,0,7,0,0,0,10,0
1962,1,598,F,36.6975,Risk:LOW,0,0,26,0,0,0,1,0,0,0,48,0,0,0,12,0,0,0,24,0,0,0,31,0,0,0,45,0
1962,1,599,F,14.136,Risk:LOW,0,0,0,0,0,0,0,0,0,0,0,0,0,0,0,0,0,0,0,0,0,0,0,0,0,0,0,0
1962,1,600,M,35.5358,Risk:LOW,0,0,11,0,0,0,0,0,0,0,24,0,0,0,8,0,0,0,12,0,0,0,18,0,0,0,21,0
1962,1,601,F,77.4742,Risk:LOW,0,0,4,0,0,0,0,0,0,0,7,0,0,0,1,0,0,0,4,0,0,0,6,0,0,0,7,0
1962,1,602,F,36.6095,Risk:LOW,0,0,28,0,0,0,1,0,0,0,48,0,0,0,13,0,0,0,28,0,0,0,38,0,0,0,44,0
1962,1,603,F,31.88,Risk:LOW,0,0,19,0,0,0,0,0,0,0,34,0,0,0,11,0,0,0,19,0,0,0,26,0,0,0,33,0
1962,1,604,M,4.64347,Risk:LOW,0,0,0,0,0,0,0,0,0,0,0,0,0,0,0,0,0,0,0,0,0,0,0,0,0,0,0,0
1962,1,605,M,43.6554,Risk:LOW,0,0,21,0,0,0,0,0,0,0,50,0,0,0,9,0,0,0,21,0,0,0,31,0,0,0,45,0
1962,1,606,M,31.5978,Risk:LOW,0,0,12,0,0,0,1,0,0,0,20,0,0,0,4,0,0,0,12,0,0,0,15,0,0,0,20,0
1962,1,607,M,15.0143,Risk:LOW,0,0,0,0,0,0,0,0,0,0,0,0,0,0,0,0,0,0,0,0,0,0,0,0,0,0,0,0
1962,1,608,M,15.8954,Risk:LOW,0,0,0,0,0,0,0,0,0,0,0,0,0,0,0,0,0,0,0,0,0,0,0,0,0,0,0,0
1962,1,609,M,56.5238,Risk:LOW,0,0,41,0,0,0,0,0,0,0,76,0,0,0,21,0,0,0,38,0,0,0,49,0,0,0,67,0
1962,1,610,F,11.7873,Risk:LOW,0,0,0,0,0,0,0,0,0,0,0,0,0,0,0,0,0,0,0,0,0,0,0,0,0,0,0,0
1962,1,611,F,15.6437,Risk:LOW,0,0,0,0,0,0,0,0,0,0,0,0,0,0,0,0,0,0,0,0,0,0,0,0,0,0,0,0
1962,1,612,F,15.9207,Risk:LOW,0,0,0,0,0,0,0,0,0,0,0,0,0,0,0,0,0,0,0,0,0,0,0,0,0,0,0,0
1962,1,613,M,33.0708,Risk:LOW,0,0,12,0,0,0,0,0,0,0,26,0,0,0,4,0,0,0,12,0,0,0,20,0,0,0,25,0
1962,1,614,M,56.1221,Risk:LOW,0,0,39,0,0,0,0,0,0,0,74,0,0,0,18,0,0,0,32,0,0,0,48,0,0,0,57,0
1962,1,615,F,28.5698,Risk:LOW,0,0,14,0,0,0,0,0,0,0,23,0,0,0,8,0,0,0,15,0,0,0,20,0,0,0,23,0
1962,1,616,M,4.6205,Risk:LOW,0,0,0,0,0,0,0,0,0,0,0,0,0,0,0,0,0,0,0,0,0,0,0,0,0,0,0,0
1962,1,617,F,25.437,Risk:LOW,0,0,4,0,0,0,0,0,0,0,11,0,0,0,3,0,0,0,4,0,0,0,5,0,0,0,10,0
1962,1,618,F,13.1742,Risk:LOW,0,0,0,0,0,0,0,0,0,0,0,0,0,0,0,0,0,0,0,0,0,0,0,0,0,0,0,0
1962,1,619,M,69.7933,Risk:LOW,0,0,8,0,0,0,0,0,0,0,15,0,0,0,3,0,0,0,8,0,0,0,11,0,0,0,14,0
1962,1,620,M,2.58036,Risk:LOW,0,0,0,0,0,0,0,0,0,0,0,0,0,0,0,0,0,0,0,0,0,0,0,0,0,0,0,0
1962,1,621,F,21.608,Risk:LOW,0,0,3,0,0,0,0,0,0,0,10,0,0,0,1,0,0,0,3,0,0,0,8,0,0,0,10,0
1962,1,622,F,56.7226,Risk:LOW,0,0,16,0,0,0,1,0,0,0,40,0,0,0,9,0,0,0,13,0,0,0,19,0,0,0,30,0
1962,1,623,M,5.51911,Risk:LOW,0,0,0,0,0,0,0,0,0,0,0,0,0,0,0,0,0,0,0,0,0,0,0,0,0,0,0,0
1962,1,624,M,30.155,Risk:LOW,0,0,12,0,0,0,0,0,0,0,20,0,0,0,7,0,0,0,11,0,0,0,13,0,0,0,18,0
1962,1,625,F,74.711,Risk:LOW,0,0,1,0,0,0,0,0,0,0,9,0,0,0,1,0,0,0,1,0,0,0,4,0,0,0,9,0
1962,1,626,F,39.1523,Risk:LOW,0,0,30,0,0,0,1,0,0,0,59,0,0,0,16,0,0,0,26,0,0,0,38,0,0,0,49,0
1962,1,627,F,40.7159,Risk:LOW,0,0,26,0,0,0,1,0,0,0,51,0,0,0,16,0,0,0,25,0,0,0,35,0,0,0,42,0
1962,1,628,F,8.355,Risk:LOW,0,0,0,0,0,0,0,0,0,0,0,0,0,0,0,0,0,0,0,0,0,0,0,0,0,0,0,0
1962,1,629,F,30.9818,Risk:LOW,0,0,19,0,0,0,1,0,0,0,40,0,0,0,12,0,0,0,19,0,0,0,29,0,0,0,38,0
1962,1,630,F,9.41882,Risk:LOW,0,0,0,0,0,0,0,0,0,0,0,0,0,0,0,0,0,0,0,0,0,0,0,0,0,0,0,0
1962,1,631,M,20.9482,Risk:LOW,0,0,0,0,0,0,0,0,0,0,0,0,0,0,0,0,0,0,0,0,0,0,0,0,0,0,0,0
1962,1,632,M,14.9974,Risk:LOW,0,0,0,0,0,0,0,0,0,0,0,0,0,0,0,0,0,0,0,0,0,0,0,0,0,0,0,0
1962,1,633,F,24.012,Risk:LOW,0,0,7,0,0,0,0,0,0,0,17,0,0,0,4,0,0,0,7,0,0,0,11,0,0,0,15,0
1962,1,634,F,34.4749,Risk:LOW,0,0,25,0,0,0,0,0,0,0,43,0,0,0,13,0,0,0,25,0,0,0,34,0,0,0,42,0
1962,1,635,F,7.62808,Risk:LOW,0,0,0,0,0,0,0,0,0,0,0,0,0,0,0,0,0,0,0,0,0,0,0,0,0,0,0,0
1962,1,636,F,27.8111,Risk:LOW,0,0,14,0,0,0,0,0,0,0,30,0,0,0,6,0,0,0,14,0,0,0,24,0,0,0,28,0
1962,1,637,M,23.5187,Risk:LOW,0,0,4,0,0,0,0,0,0,0,4,0,0,0,3,0,0,0,4,0,0,0,4,0,0,0,4,0
1962,1,638,F,36.1634,Risk:LOW,0,0,27,0,0,0,1,0,0,0,53,0,0,0,14,0,0,0,28,0,0,0,41,0,0,0,49,0
1962,1,639,M,10.1316,Risk:LOW,0,0,0,0,0,0,0,0,0,0,0,0,0,0,0,0,0,0,0,0,0,0,0,0,0,0,0,0
1962,1,640,M,54.045,Risk:LOW,0,0,32,0,0,0,1,0,0,0,66,0,0,0,17,0,0,0,30,0,0,0,42,0,0,0,58,0
1962,1,641,M,14.1701,Risk:LOW,0,0,0,0,0,0,0,0,0,0,0,0,0,0,0,0,0,0,0,0,0,0,0,0,0,0,0,0
1962,1,642,M,10.4612,Risk:LOW,0,0,0,0,0,0,0,0,0,0,0,0,0,0,0,0,0,0,0,0,0,0,0,0,0,0,0,0
1962,1,643,M,16.7043,Risk:LOW,0,0,1,0,0,0,0,0,0,0,1,0,0,0,0,0,0,0,1,0,0,0,1,0,0,0,1,0
1962,1,644,F,10.8486,Risk:LOW,0,0,0,0,0,0,0,0,0,0,0,0,0,0,0,0,0,0,0,0,0,0,0,0,0,0,0,0
1962,1,645,M,18.542,Risk:LOW,0,0,1,0,0,0,0,0,0,0,1,0,0,0,0,0,0,0,1,0,0,0,1,0,0,0,1,0
1962,1,646,M,21.7544,Risk:LOW,0,0,1,0,0,0,0,0,0,0,1,0,0,0,1,0,0,0,1,0,0,0,1,0,0,0,1,0
1962,1,647,M,9.40588,Risk:LOW,0,0,0,0,0,0,0,0,0,0,0,0,0,0,0,0,0,0,0,0,0,0,0,0,0,0,0,0
1962,1,648,F,6.62609,Risk:LOW,0,0,0,0,0,0,0,0,0,0,0,0,0,0,0,0,0,0,0,0,0,0,0,0,0,0,0,0
1962,1,649,M,3.62101,Risk:LOW,0,0,0,0,0,0,0,0,0,0,0,0,0,0,0,0,0,0,0,0,0,0,0,0,0,0,0,0
1962,1,650,M,19.0036,Risk:LOW,0,0,1,0,0,0,0,0,0,0,1,0,0,0,0,0,0,0,1,0,0,0,1,0,0,0,1,0
1962,1,651,M,39.0866,Risk:LOW,0,0,12,0,0,0,1,0,0,0,29,0,0,0,7,0,0,0,11,0,0,0,22,0,0,0,27,0
1962,1,652,M,16.1349,Risk:LOW,0,0,0,0,0,0,0,0,0,0,0,0,0,0,0,0,0,0,0,0,0,0,0,0,0,0,0,0
1962,1,653,F,66.0191,Risk:LOW,0,0,3,0,0,0,0,0,0,0,6,0,0,0,2,0,0,0,3,0,0,0,6,0,0,0,6,0
1962,1,654,M,37.7912,Risk:LOW,0,0,14,0,0,0,1,0,0,0,28,0,0,0,6,0,0,0,13,0,0,0,22,0,0,0,27,0
1962,1,655,F,36.5421,Risk:LOW,0,0,25,0,0,0,0,0,0,0,51,0,0,0,9,0,0,0,25,0,0,0,34,0,0,0,44,0
1962,1,656,M,39.5354,Risk:LOW,0,0,14,0,0,0,0,0,0,0,33,0,0,0,6,0,0,0,14,0,0,0,20,0,0,0,32,0
1962,1,657,M,37.125,Risk:LOW,0,0,18,0,0,0,0,0,0,0,33,0,0,0,9,0,0,0,18,0,0,0,24,0,0,0,31,0
1962,1,658,M,41.6237,Risk:LOW,0,0,25,0,0,0,1,0,0,0,60,0,0,0,8,0,0,0,23,0,0,0,38,0,0,0,54,0
1962,1,659,M,43.7201,Risk:LOW,0,0,28,0,0,0,1,0,0,0,53,0,0,0,15,0,0,0,27,0,0,0,35,0,0,0,46,0
1962,1,660,F,33.77,Risk:LOW,0,0,21,0,0,0,0,0,0,0,43,0,0,0,6,0,0,0,21,0,0,0,33,0,0,0,41,0
1962,1,661,F,23.6504,Risk:LOW,0,0,6,0,0,0,0,0,0,0,11,0,0,0,3,0,0,0,6,0,0,0,9,0,0,0,12,0
1962,1,662,F,78.3577,Risk:LOW,0,0,2,0,0,0,0,0,0,0,6,0,0,0,1,0,0,0,2,0,0,0,4,0,0,0,5,0
1962,1,663,F,15.6723,Risk:LOW,0,0,1,0,0,0,1,0,0,0,4,0,0,0,1,0,0,0,1,0,0,0,4,0,0,0,4,0
1962,1,664,F,44.9795,Risk:LOW,0,0,24,0,0,0,0,0,0,0,44,0,0,0,8,0,0,0,22,0,0,0,32,0,0,0,38,0
1962,1,665,M,8.11898,Risk:LOW,0,0,0,0,0,0,0,0,0,0,0,0,0,0,0,0,0,0,0,0,0,0,0,0,0,0,0,0
1962,1,666,F,2.7725,Risk:LOW,0,0,0,0,0,0,0,0,0,0,0,0,0,0,0,0,0,0,0,0,0,0,0,0,0,0,0,0
1962,1,667,M,5.19878,Risk:LOW,0,0,0,0,0,0,0,0,0,0,0,0,0,0,0,0,0,0,0,0,0,0,0,0,0,0,0,0
1962,1,668,F,22.0304,Risk:LOW,0,0,5,0,0,0,0,0,0,0,9,0,0,0,2,0,0,0,5,0,0,0,8,0,0,0,9,0
1962,1,669,M,36.1395,Risk:LOW,0,0,10,0,0,0,1,0,0,0,33,0,0,0,6,0,0,0,11,0,0,0,23,0,0,0,31,0
1962,1,670,F,59.3227,Risk:LOW,0,0,14,0,0,0,0,0,0,0,24,0,0,0,8,0,0,0,15,0,0,0,18,0,0,0,22,0
1962,1,671,M,35.554,Risk:LOW,0,0,17,0,0,0,2,0,0,0,27,0,0,0,10,0,0,0,17,0,0,0,21,0,0,0,24,0
1962,1,672,F,45.0144,Risk:LOW,0,0,20,0,0,0,0,0,0,0,39,0,0,0,10,0,0,0,21,0,0,0,28,0,0,0,36,0
1962,1,673,M,2.87865,Risk:LOW,0,0,0,0,0,0,0,0,0,0,0,0,0,0,0,0,0,0,0,0,0,0,0,0,0,0,0,0
1962,1,674,F,35.8497,Risk:LOW,0,0,27,0,0,0,1,0,0,0,46,0,0,0,17,0,0,0,26,0,0,0,34,0,0,0,42,0
1962,1,675,M,35.5484,Risk:LOW,0,0,22,0,0,0,0,0,0,0,37,0,0,0,12,0,0,0,19,0,0,0,28,0,0,0,32,0
1962,1,676,M,27.4543,Risk:LOW,0,0,5,0,0,0,1,0,0,0,15,0,0,0,3,0,0,0,5,0,0,0,11,0,0,0,15,0
1962,1,677,F,43.0977,Risk:HIGH,2,0,0,0,0,0,0,0,2,0,0,0,0,0,0,0,2,0,0,0,2,0,0,0,2,0,0,0
1962,1,678,F,44.0522,Risk:LOW,0,0,29,0,0,0,1,0,0,0,57,0,0,0,18,0,0,0,27,0,0,0,38,0,0,0,46,0
1962,1,679,F,18.3376,Risk:LOW,0,0,0,0,0,0,0,0,0,0,3,0,0,0,0,0,0,0,0,0,0,0,3,0,0,0,3,0
1962,1,680,F,56.3731,Risk:LOW,0,0,19,0,0,0,1,0,0,0,33,0,0,0,7,0,0,0,18,0,0,0,25,0,0,0,29,0
1962,1,681,F,21.5529,Risk:LOW,0,0,4,0,0,0,0,0,0,0,10,0,0,0,4,0,0,0,5,0,0,0,7,0,0,0,10,0
1962,1,682,M,60.5812,Risk:LOW,0,0,21,0,0,0,1,0,0,0,46,0,0,0,8,0,0,0,20,0,0,0,34,0,0,0,42,0
1962,1,683,M,12.2433,Risk:LOW,0,0,0,0,0,0,0,0,0,0,0,0,0,0,0,0,0,0,0,0,0,0,0,0,0,0,0,0
1962,1,684,M,19.8404,Risk:LOW,0,0,2,0,0,0,0,0,0,0,2,0,0,0,0,0,0,0,2,0,0,0,2,0,0,0,2,0
1962,1,685,F,25.9509,Risk:LOW,0,0,6,0,0,0,0,0,0,0,15,0,0,0,3,0,0,0,6,0,0,0,10,0,0,0,14,0
1962,1,686,F,16.2664,Risk:LOW,0,0,0,0,0,0,0,0,0,0,0,0,0,0,0,0,0,0,0,0,0,0,0,0,0,0,0,0
1962,1,687,M,39.518,Risk:LOW,0,0,18,0,0,0,1,0,0,0,31,0,0,0,10,0,0,0,17,0,0,0,23,0,0,0,31,0
1962,1,688,M,5.80573,Risk:LOW,0,0,0,0,0,0,0,0,0,0,0,0,0,0,0,0,0,0,0,0,0,0,0,0,0,0,0,0
1962,1,689,F,8.30374,Risk:LOW,0,0,0,0,0,0,0,0,0,0,0,0,0,0,0,0,0,0,0,0,0,0,0,0,0,0,0,0
1962,1,690,M,12.7102,Risk:LOW,0,0,0,0,0,0,0,0,0,0,0,0,0,0,0,0,0,0,0,0,0,0,0,0,0,0,0,0
1962,1,691,F,40.0908,Risk:LOW,0,0,17,0,0,0,0,0,0,0,35,0,0,0,10,0,0,0,17,0,0,0,25,0,0,0,32,0
1962,1,692,F,3.08609,Risk:LOW,0,0,0,0,0,0,0,0,0,0,0,0,0,0,0,0,0,0,0,0,0,0,0,0,0,0,0,0
1962,1,693,F,40.4142,Risk:LOW,0,0,19,0,0,0,0,0,0,0,37,0,0,0,11,0,0,0,20,0,0,0,27,0,0,0,34,0
1962,1,694,F,36.6784,Risk:LOW,0,0,19,0,0,0,0,0,0,0,44,0,0,0,10,0,0,0,19,0,0,0,31,0,0,0,41,0
1962,1,695,M,30.2027,Risk:LOW,0,0,10,0,0,0,0,0,0,0,22,0,0,0,6,0,0,0,10,0,0,0,14,0,0,0,20,0
1962,1,696,F,3.13109,Risk:LOW,0,0,0,0,0,0,0,0,0,0,0,0,0,0,0,0,0,0,0,0,0,0,0,0,0,0,0,0
1962,1,697,F,44.1385,Risk:LOW,0,0,23,0,0,0,1,0,0,0,52,0,0,0,16,0,0,0,24,0,0,0,34,0,0,0,43,0
1962,1,698,F,32.6868,Risk:LOW,0,0,15,0,0,0,1,0,0,0,36,0,0,0,12,0,0,0,16,0,0,0,26,0,0,0,36,0
1962,1,699,F,3.54019,Risk:LOW,0,0,0,0,0,0,0,0,0,0,0,0,0,0,0,0,0,0,0,0,0,0,0,0,0,0,0,0
1962,1,700,M,27.0336,Risk:LOW,0,0,3,0,0,0,0,0,0,0,6,0,0,0,1,0,0,0,3,0,0,0,5,0,0,0,6,0
1962,1,701,F,70.4151,Risk:LOW,0,0,5,0,0,0,1,0,0,0,11,0,0,0,4,0,0,0,6,0,0,0,6,0,0,0,9,0
1962,1,702,M,1.51382,Risk:LOW,0,0,0,0,0,0,0,0,0,0,0,0,0,0,0,0,0,0,0,0,0,0,0,0,0,0,0,0
1962,1,703,F,9.67721,Risk:LOW,0,0,0,0,0,0,0,0,0,0,0,0,0,0,0,0,0,0,0,0,0,0,0,0,0,0,0,0
1962,1,704,F,17.6489,Risk:LOW,0,0,3,0,0,0,0,0,0,0,5,0,0,0,0,0,0,0,3,0,0,0,4,0,0,0,5,0
1962,1,705,F,5.12105,Risk:LOW,0,0,0,0,0,0,0,0,0,0,0,0,0,0,0,0,0,0,0,0,0,0,0,0,0,0,0,0
1962,1,706,F,34.8864,Risk:LOW,0,0,24,0,0,0,1,0,0,0,45,0,0,0,7,0,0,0,23,0,0,0,36,0,0,0,43,0
1962,1,707,M,9.16076,Risk:HIGH,0,0,0,0,0,0,0,0,0,0,0,0,0,0,0,0,0,0,0,0,0,0,0,0,0,0,0,0
1962,1,708,F,64.1922,Risk:HIGH,0,0,0,0,0,0,0,0,0,0,0,0,0,0,0,0,0,0,0,0,0,0,0,0,0,0,0,0
1962,1,709,F,50.6056,Risk:LOW,0,0,19,0,0,0,1,0,0,0,40,0,0,0,12,0,0,0,19,0,0,0,26,0,0,0,36,0
1962,1,710,M,42.1393,Risk:LOW,0,0,17,0,0,0,0,0,0,0,44,0,0,0,6,0,0,0,16,0,0,0,26,0,0,0,39,0
1962,1,711,M,27.9233,Risk:LOW,0,0,5,0,0,0,0,0,0,0,7,0,0,0,3,0,0,0,4,0,0,0,4,0,0,0,6,0
1962,1,712,M,32.94,Risk:LOW,0,0,7,0,0,0,0,0,0,0,16,0,0,0,3,0,0,0,8,0,0,0,10,0,0,0,15,0
1962,1,713,M,1.77643,Risk:LOW,0,0,0,0,0,0,0,0,0,0,0,0,0,0,0,0,0,0,0,0,0,0,0,0,0,0,0,0
1962,1,714,F,8.10732,Risk:LOW,0,0,0,0,0,0,0,0,0,0,0,0,0,0,0,0,0,0,0,0,0,0,0,0,0,0,0,0
1962,1,715,M,52.7054,Risk:LOW,0,0,43,0,0,0,4,0,0,0,80,0,0,0,19,0,0,0,38,0,0,0,52,0,0,0,60,0
1962,1,716,F,19.0122,Risk:LOW,0,0,2,0,0,0,0,0,0,0,7,0,0,0,2,0,0,0,2,0,0,0,4,0,0,0,7,0
1962,1,717,F,23.5859,Risk:LOW,0,0,3,0,0,0,0,0,0,0,10,0,0,0,1,0,0,0,3,0,0,0,7,0,0,0,10,0
1962,1,718,F,16.505,Risk:LOW,0,0,5,0,0,0,0,0,0,0,6,0,0,0,1,0,0,0,5,0,0,0,6,0,0,0,6,0
1962,1,719,F,1.89735,Risk:LOW,0,0,0,0,0,0,0,0,0,0,0,0,0,0,0,0,0,0,0,0,0,0,0,0,0,0,0,0
1962,1,720,F,44.4961,Risk:LOW,0,0,24,0,0,0,1,0,0,0,46,0,0,0,12,0,0,0,25,0,0,0,33,0,0,0,43,0
1962,1,721,M,90.7357,Risk:LOW,0,0,6,0,0,0,0,0,0,0,14,0,0,0,2,0,0,0,5,0,0,0,9,0,0,0,12,0
1962,1,722,M,58.5574,Risk:LOW,0,0,32,0,0,0,1,0,0,0,71,0,0,0,19,0,0,0,26,0,0,0,40,0,0,0,54,0
1962,1,723,M,10.6993,Risk:LOW,0,0,0,0,0,0,0,0,0,0,0,0,0,0,0,0,0,0,0,0,0,0,0,0,0,0,0,0
1962,1,724,F,28.0224,Risk:LOW,0,0,8,0,0,0,0,0,0,0,20,0,0,0,5,0,0,0,8,0,0,0,15,0,0,0,19,0
1962,1,725,M,51.126,Risk:LOW,0,0,32,0,0,0,1,0,0,0,66,0,0,0,12,0,0,0,30,0,0,0,45,0,0,0,53,0
1962,1,726,F,18.8018,Risk:LOW,0,0,3,0,0,0,0,0,0,0,6,0,0,0,1,0,0,0,3,0,0,0,5,0,0,0,6,0
1962,1,727,M,61.1287,Risk:LOW,0,0,21,0,0,0,0,0,0,0,55,0,0,0,9,0,0,0,21,0,0,0,30,0,0,0,46,0
1962,1,728,F,79.7635,Risk:LOW,0,0,5,0,0,0,0,0,0,0,10,0,0,0,2,0,0,0,5,0,0,0,7,0,0,0,9,0
1962,1,729,F,36.4579,Risk:LOW,0,0,20,0,0,0,0,0,0,0,46,0,0,0,13,0,0,0,21,0,0,0,29,0,0,0,41,0
1962,1,730,M,57.1532,Risk:LOW,0,0,37,0,0,0,2,0,0,0,78,0,0,0,17,0,0,0,35,0,0,0,52,0,0,0,62,0
1962,1,731,F,4.90471,Risk:LOW,0,0,0,0,0,0,0,0,0,0,0,0,0,0,0,0,0,0,0,0,0,0,0,0,0,0,0,0
1962,1,732,M,30.7431,Risk:HIGH,16,0,0,0,0,0,0,0,37,0,0,0,6,0,0,0,7,0,0,0,7,0,0,0,7,0,0,0
1962,1,733,F,30.7141,Risk:LOW,0,0,20,0,0,0,1,0,0,0,36,0,0,0,8,0,0,0,20,0,0,0,27,0,0,0,33,0
1962,1,734,F,14.0611,Risk:LOW,0,0,0,0,0,0,0,0,0,0,0,0,0,0,0,0,0,0,0,0,0,0,0,0,0,0,0,0
1962,1,735,M,9.96752,Risk:LOW,0,0,0,0,0,0,0,0,0,0,0,0,0,0,0,0,0,0,0,0,0,0,0,0,0,0,0,0
1962,1,736,M,66.1679,Risk:LOW,0,0,5,0,0,0,0,0,0,0,9,0,0,0,2,0,0,0,5,0,0,0,7,0,0,0,10,0
1962,1,737,M,45.1227,Risk:LOW,0,0,28,0,0,0,1,0,0,0,53,0,0,0,13,0,0,0,28,0,0,0,36,0,0,0,45,0
1962,1,738,M,28.8787,Risk:LOW,0,0,8,0,0,0,0,0,0,0,14,0,0,0,3,0,0,0,8,0,0,0,11,0,0,0,14,0
1962,1,739,F,41.9934,Risk:LOW,0,0,28,0,0,0,2,0,0,0,70,0,0,0,17,0,0,0,27,0,0,0,44,0,0,0,62,0
1962,1,740,F,2.58513,Risk:LOW,0,0,0,0,0,0,0,0,0,0,0,0,0,0,0,0,0,0,0,0,0,0,0,0,0,0,0,0
1962,1,741,F,51.1085,Risk:LOW,0,0,21,0,0,0,0,0,0,0,34,0,0,0,13,0,0,0,19,0,0,0,27,0,0,0,31,0
1962,1,742,M,1.90086,Risk:LOW,0,0,0,0,0,0,0,0,0,0,0,0,0,0,0,0,0,0,0,0,0,0,0,0,0,0,0,0
1962,1,743,F,45.7271,Risk:LOW,0,0,57,0,0,0,1,0,0,0,93,0,0,0,25,0,0,0,50,0,0,0,66,0,0,0,70,0
1962,1,744,M,3.14184,Risk:LOW,0,0,0,0,0,0,0,0,0,0,0,0,0,0,0,0,0,0,0,0,0,0,0,0,0,0,0,0
1962,1,745,F,7.2007,Risk:LOW,0,0,0,0,0,0,0,0,0,0,0,0,0,0,0,0,0,0,0,0,0,0,0,0,0,0,0,0
1962,1,746,M,42.0648,Risk:LOW,0,0,20,0,0,0,1,0,0,0,45,0,0,0,11,0,0,0,19,0,0,0,28,0,0,0,39,0
1962,1,747,F,13.2609,Risk:LOW,0,0,0,0,0,0,0,0,0,0,0,0,0,0,0,0,0,0,0,0,0,0,0,0,0,0,0,0
1962,1,748,F,21.0343,Risk:LOW,0,0,3,0,0,0,0,0,0,0,8,0,0,0,1,0,0,0,3,0,0,0,6,0,0,0,8,0
1962,1,749,F,30.825,Risk:LOW,0,0,15,0,0,0,0,0,0,0,29,0,0,0,9,0,0,0,16,0,0,0,20,0,0,0,29,0
1962,1,750,F,35.4756,Risk:LOW,0,0,26,0,0,0,1,0,0,0,53,0,0,0,12,0,0,0,25,0,0,0,38,0,0,0,49,0
1962,1,751,M,3.56866,Risk:LOW,0,0,0,0,0,0,0,0,0,0,0,0,0,0,0,0,0,0,0,0,0,0,0,0,0,0,0,0
1962,1,752,M,14.351,Risk:LOW,0,0,0,0,0,0,0,0,0,0,0,0,0,0,0,0,0,0,0,0,0,0,0,0,0,0,0,0
1962,1,753,F,32.4069,Risk:LOW,0,0,16,0,0,0,0,0,0,0,35,0,0,0,12,0,0,0,17,0,0,0,24,0,0,0,33,0
1962,1,754,M,22.9628,Risk:LOW,0,0,5,0,0,0,0,0,0,0,5,0,0,0,2,0,0,0,5,0,0,0,5,0,0,0,5,0
1962,1,755,M,21.1146,Risk:LOW,0,0,1,0,0,0,0,0,0,0,1,0,0,0,1,0,0,0,1,0,0,0,1,0,0,0,1,0
1962,1,756,F,3.0201,Risk:LOW,0,0,0,0,0,0,0,0,0,0,0,0,0,0,0,0,0,0,0,0,0,0,0,0,0,0,0,0
1962,1,757,M,58.1874,Risk:LOW,0,0,29,0,0,0,2,0,0,0,69,0,0,0,12,0,0,0,27,0,0,0,39,0,0,0,57,0
1962,1,758,M,72.4727,Risk:LOW,0,0,5,0,0,0,0,0,0,0,9,0,0,0,1,0,0,0,6,0,0,0,8,0,0,0,9,0
1962,1,759,F,20.3734,Risk:LOW,0,0,5,0,0,0,0,0,0,0,6,0,0,0,3,0,0,0,5,0,0,0,6,0,0,0,6,0
1962,1,760,M,3.05038,Risk:LOW,0,0,0,0,0,0,0,0,0,0,0,0,0,0,0,0,0,0,0,0,0,0,0,0,0,0,0,0
1962,1,761,M,34.113,Risk:LOW,0,0,11,0,0,0,0,0,0,0,19,0,0,0,6,0,0,0,11,0,0,0,15,0,0,0,18,0
1962,1,762,M,65.3798,Risk:LOW,0,0,8,0,0,0,0,0,0,0,12,0,0,0,4,0,0,0,7,0,0,0,9,0,0,0,9,0
1962,1,763,F,8.69121,Risk:LOW,0,0,0,0,0,0,0,0,0,0,0,0,0,0,0,0,0,0,0,0,0,0,0,0,0,0,0,0
1962,1,764,M,33.8982,Risk:LOW,0,0,10,0,0,0,0,0,0,0,24,0,0,0,5,0,0,0,10,0,0,0,17,0,0,0,22,0
1962,1,765,M,34.9644,Risk:LOW,0,0,11,0,0,0,0,0,0,0,27,0,0,0,8,0,0,0,10,0,0,0,17,0,0,0,25,0
1962,1,766,F,28.4058,Risk:LOW,0,0,14,0,0,0,0,0,0,0,29,0,0,0,6,0,0,0,15,0,0,0,21,0,0,0,26,0
1962,1,767,F,63.5756,Risk:LOW,0,0,1,0,0,0,0,0,0,0,3,0,0,0,0,0,0,0,1,0,0,0,1,0,0,0,3,0
1962,1,768,M,42.2999,Risk:LOW,0,0,21,0,0,0,1,0,0,0,42,0,0,0,11,0,0,0,21,0,0,0,32,0,0,0,38,0
1962,1,769,M,22.4761,Risk:LOW,0,0,1,0,0,0,0,0,0,0,1,0,0,0,1,0,0,0,1,0,0,0,1,0,0,0,1,0
1962,1,770,M,60.0885,Risk:LOW,0,0,29,0,0,0,0,0,0,0,49,0,0,0,15,0,0,0,27,0,0,0,33,0,0,0,39,0
1962,1,771,M,4.44843,Risk:LOW,0,0,0,0,0,0,0,0,0,0,0,0,0,0,0,0,0,0,0,0,0,0,0,0,0,0,0,0
1962,1,772,F,41.9958,Risk:LOW,0,0,31,0,0,0,0,0,0,0,65,0,0,0,17,0,0,0,31,0,0,0,46,0,0,0,58,0
1962,1,773,M,25.7205,Risk:LOW,0,0,4,0,0,0,0,0,0,0,6,0,0,0,3,0,0,0,4,0,0,0,6,0,0,0,6,0
1962,1,774,M,17.0421,Risk:LOW,0,0,2,0,0,0,0,0,0,0,3,0,0,0,0,0,0,0,2,0,0,0,2,0,0,0,3,0
1962,1,775,M,24.1324,Risk:LOW,0,0,5,0,0,0,0,0,0,0,10,0,0,0,5,0,0,0,5,0,0,0,9,0,0,0,10,0
1962,1,776,M,38.9156,Risk:LOW,0,0,22,0,0,0,0,0,0,0,35,0,0,0,8,0,0,0,21,0,0,0,25,0,0,0,30,0
1962,1,777,M,60.0006,Risk:LOW,0,0,29,0,0,0,0,0,0,0,60,0,0,0,11,0,0,0,26,0,0,0,41,0,0,0,49,0
1962,1,778,M,23.7989,Risk:LOW,0,0,0,0,0,0,0,0,0,0,4,0,0,0,0,0,0,0,0,0,0,0,1,0,0,0,4,0
1962,1,779,F,38.8086,Risk:LOW,0,0,31,0,0,0,0,0,0,0,54,0,0,0,17,0,0,0,29,0,0,0,40,0,0,0,49,0
1962,1,780,F,55.0443,Risk:LOW,0,0,13,0,0,0,0,0,0,0,21,0,0,0,7,0,0,0,13,0,0,0,17,0,0,0,20,0
1962,1,781,F,23.6825,Risk:LOW,0,0,7,0,0,0,0,0,0,0,9,0,0,0,6,0,0,0,7,0,0,0,8,0,0,0,9,0
1962,1,782,F,29.6656,Risk:LOW,0,0,16,0,0,0,0,0,0,0,27,0,0,0,7,0,0,0,16,0,0,0,19,0,0,0,27,0
1962,1,783,M,28.4837,Risk:LOW,0,0,2,0,0,0,0,0,0,0,5,0,0,0,1,0,0,0,2,0,0,0,5,0,0,0,5,0
1962,1,784,F,6.74243,Risk:LOW,0,0,0,0,0,0,0,0,0,0,0,0,0,0,0,0,0,0,0,0,0,0,0,0,0,0,0,0
1962,1,785,F,30.5263,Risk:LOW,0,0,22,0,0,0,2,0,0,0,36,0,0,0,11,0,0,0,20,0,0,0,28,0,0,0,33,0
1962,1,786,M,47.2888,Risk:LOW,0,0,39,0,0,0,0,0,0,0,90,0,0,0,19,0,0,0,35,0,0,0,56,0,0,0,72,0
1962,1,787,M,25.4068,Risk:LOW,0,0,5,0,0,0,0,0,0,0,6,0,0,0,2,0,0,0,5,0,0,0,6,0,0,0,6,0
1962,1,788,M,8.22496,Risk:LOW,0,0,0,0,0,0,0,0,0,0,0,0,0,0,0,0,0,0,0,0,0,0,0,0,0,0,0,0
1962,1,789,M,14.2635,Risk:LOW,0,0,0,0,0,0,0,0,0,0,0,0,0,0,0,0,0,0,0,0,0,0,0,0,0,0,0,0
1962,1,790,M,14.9783,Risk:LOW,0,0,0,0,0,0,0,0,0,0,0,0,0,0,0,0,0,0,0,0,0,0,0,0,0,0,0,0
1962,1,791,M,20.146,Risk:LOW,0,0,1,0,0,0,0,0,0,0,1,0,0,0,1,0,0,0,1,0,0,0,1,0,0,0,1,0
1962,1,792,M,6.64098,Risk:LOW,0,0,0,0,0,0,0,0,0,0,0,0,0,0,0,0,0,0,0,0,0,0,0,0,0,0,0,0
1962,1,793,M,13.9975,Risk:LOW,0,0,0,0,0,0,0,0,0,0,0,0,0,0,0,0,0,0,0,0,0,0,0,0,0,0,0,0
1962,1,794,F,7.1418,Risk:LOW,0,0,0,0,0,0,0,0,0,0,0,0,0,0,0,0,0,0,0,0,0,0,0,0,0,0,0,0
1962,1,795,M,23.6516,Risk:LOW,0,0,2,0,0,0,0,0,0,0,4,0,0,0,2,0,0,0,2,0,0,0,3,0,0,0,3,0
1962,1,796,M,32.6332,Risk:LOW,0,0,12,0,0,0,1,0,0,0,21,0,0,0,8,0,0,0,12,0,0,0,17,0,0,0,21,0
1962,1,797,F,4.27452,Risk:LOW,0,0,0,0,0,0,0,0,0,0,0,0,0,0,0,0,0,0,0,0,0,0,0,0,0,0,0,0
1962,1,798,M,11.9437,Risk:LOW,0,0,0,0,0,0,0,0,0,0,0,0,0,0,0,0,0,0,0,0,0,0,0,0,0,0,0,0
1962,1,799,F,32.4827,Risk:LOW,0,0,28,0,0,0,0,0,0,0,42,0,0,0,16,0,0,0,27,0,0,0,36,0,0,0,43,0
1962,1,800,M,46.584,Risk:LOW,0,0,39,0,0,0,0,0,0,0,90,0,0,0,15,0,0,0,37,0,0,0,63,0,0,0,73,0
1962,1,801,F,22.3451,Risk:LOW,0,0,4,0,0,0,0,0,0,0,9,0,0,0,1,0,0,0,4,0,0,0,8,0,0,0,9,0
1962,1,802,M,7.19768,Risk:LOW,0,0,0,0,0,0,0,0,0,0,0,0,0,0,0,0,0,0,0,0,0,0,0,0,0,0,0,0
1962,1,803,F,36.6117,Risk:LOW,0,0,25,0,0,0,0,0,0,0,51,0,0,0,15,0,0,0,24,0,0,0,32,0,0,0,45,0
1962,1,804,F,31.5038,Risk:LOW,0,0,18,0,0,0,1,0,0,0,29,0,0,0,10,0,0,0,18,0,0,0,22,0,0,0,29,0
1962,1,805,F,4.31397,Risk:LOW,0,0,0,0,0,0,0,0,0,0,0,0,0,0,0,0,0,0,0,0,0,0,0,0,0,0,0,0
1962,1,806,F,23.593,Risk:LOW,0,0,6,0,0,0,0,0,0,0,19,0,0,0,2,0,0,0,7,0,0,0,12,0,0,0,20,0
1962,1,807,M,44.1672,Risk:LOW,0,0,29,0,0,0,1,0,0,0,52,0,0,0,16,0,0,0,28,0,0,0,36,0,0,0,47,0
1962,1,808,F,1.98146,Risk:LOW,0,0,0,0,0,0,0,0,0,0,0,0,0,0,0,0,0,0,0,0,0,0,0,0,0,0,0,0
1962,1,809,M,14.6349,Risk:LOW,0,0,0,0,0,0,0,0,0,0,0,0,0,0,0,0,0,0,0,0,0,0,0,0,0,0,0,0
1962,1,810,M,2.3531,Risk:LOW,0,0,0,0,0,0,0,0,0,0,0,0,0,0,0,0,0,0,0,0,0,0,0,0,0,0,0,0
1962,1,811,F,1.62077,Risk:LOW,0,0,0,0,0,0,0,0,0,0,0,0,0,0,0,0,0,0,0,0,0,0,0,0,0,0,0,0
1962,1,812,M,27.7419,Risk:LOW,0,0,4,0,0,0,1,0,0,0,6,0,0,0,4,0,0,0,4,0,0,0,6,0,0,0,6,0
1962,1,813,F,5.93045,Risk:LOW,0,0,0,0,0,0,0,0,0,0,0,0,0,0,0,0,0,0,0,0,0,0,0,0,0,0,0,0
1962,1,814,F,13.6395,Risk:LOW,0,0,0,0,0,0,0,0,0,0,0,0,0,0,0,0,0,0,0,0,0,0,0,0,0,0,0,0
1962,1,815,M,12.7659,Risk:LOW,0,0,0,0,0,0,0,0,0,0,0,0,0,0,0,0,0,0,0,0,0,0,0,0,0,0,0,0
1962,1,816,M,31.84,Risk:LOW,0,0,18,0,0,0,0,0,0,0,26,0,0,0,8,0,0,0,16,0,0,0,19,0,0,0,21,0
1962,1,817,M,30.7713,Risk:LOW,0,0,10,0,0,0,0,0,0,0,18,0,0,0,5,0,0,0,10,0,0,0,17,0,0,0,18,0
1962,1,818,F,31.3561,Risk:LOW,0,0,16,0,0,0,1,0,0,0,35,0,0,0,8,0,0,0,16,0,0,0,26,0,0,0,33,0
1962,1,819,F,18.992,Risk:LOW,0,0,4,0,0,0,0,0,0,0,10,0,0,0,1,0,0,0,4,0,0,0,6,0,0,0,10,0
1962,1,820,M,3.78752,Risk:HIGH,0,0,0,0,0,0,0,0,0,0,0,0,0,0,0,0,0,0,0,0,0,0,0,0,0,0,0,0
1962,1,821,F,26.1962,Risk:LOW,0,0,8,0,0,0,0,0,0,0,19,0,0,0,5,0,0,0,8,0,0,0,14,0,0,0,19,0
1962,1,822,M,28.7885,Risk:LOW,0,0,6,0,0,0,0,0,0,0,15,0,0,0,3,0,0,0,6,0,0,0,11,0,0,0,15,0
1962,1,823,M,7.1947,Risk:LOW,0,0,0,0,0,0,0,0,0,0,0,0,0,0,0,0,0,0,0,0,0,0,0,0,0,0,0,0
1962,1,824,F,3.66627,Risk:HIGH,0,0,0,0,0,0,0,0,0,0,0,0,0,0,0,0,0,0,0,0,0,0,0,0,0,0,0,0
1962,1,825,F,25.8923,Risk:LOW,0,0,11,0,0,0,0,0,0,0,20,0,0,0,7,0,0,0,11,0,0,0,15,0,0,0,20,0
1962,1,826,F,31.4477,Risk:LOW,0,0,16,0,0,0,1,0,0,0,34,0,0,0,6,0,0,0,16,0,0,0,25,0,0,0,32,0
1962,1,827,M,19.5114,Risk:LOW,0,0,2,0,0,0,0,0,0,0,2,0,0,0,1,0,0,0,2,0,0,0,2,0,0,0,2,0
1962,1,828,M,34.068,Risk:LOW,0,0,17,0,0,0,1,0,0,0,28,0,0,0,9,0,0,0,17,0,0,0,21,0,0,0,26,0
1962,1,829,F,6.30597,Risk:LOW,0,0,0,0,0,0,0,0,0,0,0,0,0,0,0,0,0,0,0,0,0,0,0,0,0,0,0,0
1962,1,830,F,10.9456,Risk:LOW,0,0,0,0,0,0,0,0,0,0,0,0,0,0,0,0,0,0,0,0,0,0,0,0,0,0,0,0
1962,1,831,F,10.2424,Risk:LOW,0,0,0,0,0,0,0,0,0,0,0,0,0,0,0,0,0,0,0,0,0,0,0,0,0,0,0,0
1962,1,832,F,3.48117,Risk:LOW,0,0,0,0,0,0,0,0,0,0,0,0,0,0,0,0,0,0,0,0,0,0,0,0,0,0,0,0
1962,1,833,F,19.1377,Risk:LOW,0,0,1,0,0,0,0,0,0,0,3,0,0,0,1,0,0,0,1,0,0,0,1,0,0,0,3,0
1962,1,834,M,13.4102,Risk:LOW,0,0,0,0,0,0,0,0,0,0,0,0,0,0,0,0,0,0,0,0,0,0,0,0,0,0,0,0
1962,1,835,F,48.6884,Risk:LOW,0,0,25,0,0,0,2,0,0,0,65,0,0,0,13,0,0,0,22,0,0,0,42,0,0,0,53,0
1962,1,836,F,32.1726,Risk:LOW,0,0,23,0,0,0,0,0,0,0,45,0,0,0,9,0,0,0,20,0,0,0,30,0,0,0,38,0
1962,1,837,F,12.9509,Risk:HIGH,0,0,0,0,0,0,0,0,0,0,0,0,0,0,0,0,0,0,0,0,0,0,0,0,0,0,0,0
1962,1,838,F,23.8501,Risk:LOW,0,0,6,0,0,0,0,0,0,0,14,0,0,0,2,0,0,0,6,0,0,0,9,0,0,0,14,0
1962,1,839,M,13.8465,Risk:LOW,0,0,0,0,0,0,0,0,0,0,0,0,0,0,0,0,0,0,0,0,0,0,0,0,0,0,0,0
1962,1,840,M,46.3092,Risk:LOW,0,0,35,0,0,0,2,0,0,0,76,0,0,0,18,0,0,0,34,0,0,0,48,0,0,0,63,0
1962,1,841,F,31.3616,Risk:LOW,0,0,22,0,0,0,0,0,0,0,43,0,0,0,12,0,0,0,20,0,0,0,27,0,0,0,40,0
1962,1,842,M,35.3486,Risk:LOW,0,0,12,0,0,0,0,0,0,0,22,0,0,0,6,0,0,0,12,0,0,0,18,0,0,0,20,0
1962,1,843,M,54.7319,Risk:LOW,0,0,43,0,0,0,1,0,0,0,77,0,0,0,25,0,0,0,42,0,0,0,55,0,0,0,68,0
1962,1,844,M,34.9786,Risk:LOW,0,0,15,0,0,0,0,0,0,0,25,0,0,0,9,0,0,0,15,0,0,0,19,0,0,0,23,0
1962,1,845,M,7.96358,Risk:LOW,0,0,0,0,0,0,0,0,0,0,0,0,0,0,0,0,0,0,0,0,0,0,0,0,0,0,0,0
1962,1,846,M,37.7534,Risk:LOW,0,0,17,0,0,0,0,0,0,0,31,0,0,0,10,0,0,0,17,0,0,0,28,0,0,0,32,0
1962,1,847,F,27.3079,Risk:LOW,0,0,9,0,0,0,0,0,0,0,21,0,0,0,4,0,0,0,9,0,0,0,15,0,0,0,21,0
1962,1,848,F,34.7125,Risk:LOW,0,0,19,0,0,0,1,0,0,0,44,0,0,0,11,0,0,0,19,0,0,0,28,0,0,0,39,0
1962,1,849,F,3.57589,Risk:LOW,0,0,0,0,0,0,0,0,0,0,0,0,0,0,0,0,0,0,0,0,0,0,0,0,0,0,0,0
1962,1,850,M,21.3447,Risk:LOW,0,0,0,0,0,0,0,0,0,0,0,0,0,0,0,0,0,0,0,0,0,0,0,0,0,0,0,0
1962,1,851,M,4.21927,Risk:LOW,0,0,0,0,0,0,0,0,0,0,0,0,0,0,0,0,0,0,0,0,0,0,0,0,0,0,0,0
1962,1,852,F,25.6976,Risk:LOW,0,0,10,0,0,0,1,0,0,0,14,0,0,0,6,0,0,0,10,0,0,0,12,0,0,0,13,0
1962,1,853,F,15.3165,Risk:LOW,0,0,2,0,0,0,0,0,0,0,4,0,0,0,0,0,0,0,2,0,0,0,3,0,0,0,4,0
1962,1,854,F,43.131,Risk:LOW,0,0,31,0,0,0,0,0,0,0,69,0,0,0,15,0,0,0,28,0,0,0,41,0,0,0,54,0
1962,1,855,F,6.57231,Risk:LOW,0,0,0,0,0,0,0,0,0,0,0,0,0,0,0,0,0,0,0,0,0,0,0,0,0,0,0,0
1962,1,856,M,18.1436,Risk:LOW,0,0,0,0,0,0,0,0,0,0,1,0,0,0,0,0,0,0,0,0,0,0,0,0,0,0,1,0
1962,1,857,F,38.5232,Risk:LOW,0,0,28,0,0,0,1,0,0,0,52,0,0,0,12,0,0,0,25,0,0,0,37,0,0,0,42,0
1962,1,858,F,29.9753,Risk:HIGH,15,0,0,0,0,0,0,0,19,0,0,0,6,0,0,0,7,0,0,0,8,0,0,0,8,0,0,0
1962,1,859,F,33.1785,Risk:LOW,0,0,23,0,0,0,0,0,0,0,45,0,0,0,12,0,0,0,22,0,0,0,30,0,0,0,41,0
1962,1,860,F,2.99261,Risk:LOW,0,0,0,0,0,0,0,0,0,0,0,0,0,0,0,0,0,0,0,0,0,0,0,0,0,0,0,0
1962,1,861,F,6.79885,Risk:LOW,0,0,0,0,0,0,0,0,0,0,0,0,0,0,0,0,0,0,0,0,0,0,0,0,0,0,0,0
1962,1,862,M,43.5001,Risk:LOW,0,0,28,0,0,0,1,0,0,0,43,0,0,0,11,0,0,0,27,0,0,0,32,0,0,0,40,0
1962,1,863,M,18.4873,Risk:LOW,0,0,0,0,0,0,0,0,0,0,2,0,0,0,0,0,0,0,0,0,0,0,0,0,0,0,2,0
1962,1,864,F,16.7109,Risk:LOW,0,0,1,0,0,0,0,0,0,0,5,0,0,0,0,0,0,0,1,0,0,0,3,0,0,0,5,0
1962,1,865,F,74.8416,Risk:LOW,0,0,3,0,0,0,0,0,0,0,10,0,0,0,1,0,0,0,3,0,0,0,5,0,0,0,9,0
1962,1,866,F,53.3089,Risk:HIGH,1,0,0,0,0,0,0,0,2,0,0,0,1,0,0,0,1,0,0,0,1,0,0,0,1,0,0,0
1962,1,867,M,39.8762,Risk:LOW,0,0,21,0,0,0,0,0,0,0,42,0,0,0,10,0,0,0,22,0,0,0,29,0,0,0,36,0
1962,1,868,M,45.2403,Risk:LOW,0,0,21,0,0,0,0,0,0,0,43,0,0,0,12,0,0,0,21,0,0,0,30,0,0,0,34,0
1962,1,869,M,53.6345,Risk:LOW,0,0,39,0,0,0,0,0,0,0,76,0,0,0,15,0,0,0,37,0,0,0,48,0,0,0,66,0
1962,1,870,M,6.48602,Risk:LOW,0,0,0,0,0,0,0,0,0,0,0,0,0,0,0,0,0,0,0,0,0,0,0,0,0,0,0,0
1962,1,871,F,8.06477,Risk:LOW,0,0,0,0,0,0,0,0,0,0,0,0,0,0,0,0,0,0,0,0,0,0,0,0,0,0,0,0
1962,1,872,F,5.31523,Risk:LOW,0,0,0,0,0,0,0,0,0,0,0,0,0,0,0,0,0,0,0,0,0,0,0,0,0,0,0,0
1962,1,873,M,1.61011,Risk:LOW,0,0,0,0,0,0,0,0,0,0,0,0,0,0,0,0,0,0,0,0,0,0,0,0,0,0,0,0
1962,1,874,M,78.6353,Risk:LOW,0,0,8,0,0,0,1,0,0,0,12,0,0,0,6,0,0,0,9,0,0,0,11,0,0,0,12,0
1962,1,875,F,6.49245,Risk:LOW,0,0,0,0,0,0,0,0,0,0,0,0,0,0,0,0,0,0,0,0,0,0,0,0,0,0,0,0
1962,1,876,F,8.59956,Risk:LOW,0,0,0,0,0,0,0,0,0,0,0,0,0,0,0,0,0,0,0,0,0,0,0,0,0,0,0,0
1962,1,877,F,20.0234,Risk:LOW,0,0,3,0,0,0,1,0,0,0,5,0,0,0,1,0,0,0,3,0,0,0,3,0,0,0,5,0
1962,1,878,F,4.60409,Risk:LOW,0,0,0,0,0,0,0,0,0,0,0,0,0,0,0,0,0,0,0,0,0,0,0,0,0,0,0,0
1962,1,879,M,6.55435,Risk:LOW,0,0,0,0,0,0,0,0,0,0,0,0,0,0,0,0,0,0,0,0,0,0,0,0,0,0,0,0
1962,1,880,M,22.0221,Risk:LOW,0,0,2,0,0,0,0,0,0,0,4,0,0,0,1,0,0,0,2,0,0,0,4,0,0,0,4,0
1962,1,881,F,39.6884,Risk:LOW,0,0,30,0,0,0,2,0,0,0,52,0,0,0,15,0,0,0,31,0,0,0,39,0,0,0,46,0
1962,1,882,F,41.8302,Risk:LOW,0,0,30,0,0,0,0,0,0,0,70,0,0,0,19,0,0,0,29,0,0,0,43,0,0,0,60,0
1962,1,883,M,74.4812,Risk:LOW,0,0,9,0,0,0,0,0,0,0,14,0,0,0,5,0,0,0,9,0,0,0,12,0,0,0,13,0
1962,1,884,M,22.5854,Risk:LOW,0,0,2,0,0,0,1,0,0,0,4,0,0,0,1,0,0,0,2,0,0,0,4,0,0,0,4,0
1962,1,885,M,2.43855,Risk:HIGH,0,0,0,0,0,0,0,0,0,0,0,0,0,0,0,0,0,0,0,0,0,0,0,0,0,0,0,0
1962,1,886,F,10.199,Risk:LOW,0,0,0,0,0,0,0,0,0,0,0,0,0,0,0,0,0,0,0,0,0,0,0,0,0,0,0,0
1962,1,887,M,16.156,Risk:LOW,0,0,0,0,0,0,0,0,0,0,0,0,0,0,0,0,0,0,0,0,0,0,0,0,0,0,0,0
1962,1,888,M,20.2575,Risk:LOW,0,0,1,0,0,0,0,0,0,0,2,0,0,0,1,0,0,0,1,0,0,0,1,0,0,0,2,0
1962,1,889,F,10.3683,Risk:LOW,0,0,0,0,0,0,0,0,0,0,0,0,0,0,0,0,0,0,0,0,0,0,0,0,0,0,0,0
1962,1,890,F,10.1829,Risk:LOW,0,0,0,0,0,0,0,0,0,0,0,0,0,0,0,0,0,0,0,0,0,0,0,0,0,0,0,0
1962,1,891,M,66.613,Risk:LOW,0,0,9,0,0,0,0,0,0,0,14,0,0,0,3,0,0,0,8,0,0,0,8,0,0,0,13,0
1962,1,892,M,36.0079,Risk:LOW,0,0,12,0,0,0,0,0,0,0,31,0,0,0,7,0,0,0,12,0,0,0,25,0,0,0,30,0
1962,1,893,F,9.57346,Risk:LOW,0,0,0,0,0,0,0,0,0,0,0,0,0,0,0,0,0,0,0,0,0,0,0,0,0,0,0,0
1962,1,894,M,44.7668,Risk:LOW,0,0,28,0,0,0,0,0,0,0,57,0,0,0,14,0,0,0,25,0,0,0,36,0,0,0,47,0
1962,1,895,F,3.52778,Risk:LOW,0,0,0,0,0,0,0,0,0,0,0,0,0,0,0,0,0,0,0,0,0,0,0,0,0,0,0,0
1962,1,896,F,5.61645,Risk:LOW,0,0,0,0,0,0,0,0,0,0,0,0,0,0,0,0,0,0,0,0,0,0,0,0,0,0,0,0
1962,1,897,M,4.75886,Risk:LOW,0,0,0,0,0,0,0,0,0,0,0,0,0,0,0,0,0,0,0,0,0,0,0,0,0,0,0,0
1962,1,898,F,7.22639,Risk:LOW,0,0,0,0,0,0,0,0,0,0,0,0,0,0,0,0,0,0,0,0,0,0,0,0,0,0,0,0
1962,1,899,M,44.4644,Risk:LOW,0,0,25,0,0,0,1,0,0,0,49,0,0,0,18,0,0,0,24,0,0,0,31,0,0,0,43,0
1962,1,900,M,51.3935,Risk:LOW,0,0,31,0,0,0,1,0,0,0,72,0,0,0,12,0,0,0,29,0,0,0,44,0,0,0,55,0
1962,1,901,F,66.441,Risk:LOW,0,0,4,0,0,0,0,0,0,0,7,0,0,0,2,0,0,0,4,0,0,0,6,0,0,0,7,0
1962,1,902,F,10.6465,Risk:LOW,0,0,0,0,0,0,0,0,0,0,0,0,0,0,0,0,0,0,0,0,0,0,0,0,0,0,0,0
1962,1,903,F,36.9567,Risk:LOW,0,0,29,0,0,0,1,0,0,0,55,0,0,0,10,0,0,0,28,0,0,0,37,0,0,0,50,0
1962,1,904,M,16.394,Risk:LOW,0,0,0,0,0,0,0,0,0,0,0,0,0,0,0,0,0,0,0,0,0,0,0,0,0,0,0,0
1962,1,905,F,17.3264,Risk:LOW,0,0,1,0,0,0,0,0,0,0,2,0,0,0,1,0,0,0,1,0,0,0,2,0,0,0,2,0
1962,1,906,F,33.2719,Risk:LOW,0,0,28,0,0,0,1,0,0,0,49,0,0,0,18,0,0,0,29,0,0,0,36,0,0,0,49,0
1962,1,907,F,39.2721,Risk:LOW,0,0,29,0,0,0,0,0,0,0,53,0,0,0,14,0,0,0,30,0,0,0,40,0,0,0,49,0
1962,1,908,M,33.584,Risk:LOW,0,0,8,0,0,0,0,0,0,0,16,0,0,0,5,0,0,0,8,0,0,0,11,0,0,0,17,0
1962,1,909,M,42.4826,Risk:LOW,0,0,24,0,0,0,0,0,0,0,47,0,0,0,10,0,0,0,23,0,0,0,36,0,0,0,43,0
1962,1,910,F,43.8989,Risk:LOW,0,0,27,0,0,0,0,0,0,0,49,0,0,0,13,0,0,0,26,0,0,0,36,0,0,0,41,0
1962,1,911,F,44.6772,Risk:LOW,0,0,23,0,0,0,0,0,0,0,56,0,0,0,12,0,0,0,19,0,0,0,38,0,0,0,45,0
1962,1,912,F,14.6076,Risk:LOW,0,0,4,0,0,0,0,0,0,0,5,0,0,0,1,0,0,0,4,0,0,0,5,0,0,0,5,0
1962,1,913,M,2.48405,Risk:HIGH,0,0,0,0,0,0,0,0,0,0,0,0,0,0,0,0,0,0,0,0,0,0,0,0,0,0,0,0
1962,1,914,M,51.1441,Risk:LOW,0,0,38,0,0,0,0,0,0,0,77,0,0,0,20,0,0,0,38,0,0,0,48,0,0,0,62,0
1962,1,915,M,55.9543,Risk:LOW,0,0,43,0,0,0,0,0,0,0,70,0,0,0,25,0,0,0,40,0,0,0,49,0,0,0,58,0
1962,1,916,M,40.4876,Risk:LOW,0,0,20,0,0,0,0,0,0,0,46,0,0,0,9,0,0,0,19,0,0,0,29,0,0,0,42,0
1962,1,917,M,26.7001,Risk:LOW,0,0,3,0,0,0,0,0,0,0,6,0,0,0,1,0,0,0,3,0,0,0,3,0,0,0,6,0
1962,1,918,M,3.85394,Risk:LOW,0,0,0,0,0,0,0,0,0,0,0,0,0,0,0,0,0,0,0,0,0,0,0,0,0,0,0,0
1962,1,919,F,22.1397,Risk:LOW,0,0,3,0,0,0,0,0,0,0,7,0,0,0,1,0,0,0,3,0,0,0,4,0,0,0,7,0
1962,1,920,M,8.84218,Risk:LOW,0,0,0,0,0,0,0,0,0,0,0,0,0,0,0,0,0,0,0,0,0,0,0,0,0,0,0,0
1962,1,921,M,3.59609,Risk:LOW,0,0,0,0,0,0,0,0,0,0,0,0,0,0,0,0,0,0,0,0,0,0,0,0,0,0,0,0
1962,1,922,M,30.8908,Risk:LOW,0,0,9,0,0,0,0,0,0,0,18,0,0,0,4,0,0,0,9,0,0,0,14,0,0,0,17,0
1962,1,923,F,51.3781,Risk:LOW,0,0,17,0,0,0,1,0,0,0,36,0,0,0,8,0,0,0,15,0,0,0,24,0,0,0,30,0
1962,1,924,M,34.4522,Risk:LOW,0,0,8,0,0,0,1,0,0,0,19,0,0,0,6,0,0,0,9,0,0,0,13,0,0,0,19,0
1962,1,925,M,16.4669,Risk:LOW,0,0,0,0,0,0,0,0,0,0,0,0,0,0,0,0,0,0,0,0,0,0,0,0,0,0,0,0
1962,1,926,F,10.2351,Risk:LOW,0,0,0,0,0,0,0,0,0,0,0,0,0,0,0,0,0,0,0,0,0,0,0,0,0,0,0,0
1962,1,927,F,1.59527,Risk:LOW,0,0,0,0,0,0,0,0,0,0,0,0,0,0,0,0,0,0,0,0,0,0,0,0,0,0,0,0
1962,1,928,F,13.3739,Risk:LOW,0,0,0,0,0,0,0,0,0,0,0,0,0,0,0,0,0,0,0,0,0,0,0,0,0,0,0,0
1962,1,929,M,6.44044,Risk:LOW,0,0,0,0,0,0,0,0,0,0,0,0,0,0,0,0,0,0,0,0,0,0,0,0,0,0,0,0
1962,1,930,F,62.7186,Risk:LOW,0,0,9,0,0,0,0,0,0,0,21,0,0,0,3,0,0,0,9,0,0,0,15,0,0,0,19,0
1962,1,931,F,28.1516,Risk:LOW,0,0,16,0,0,0,1,0,0,0,28,0,0,0,11,0,0,0,16,0,0,0,24,0,0,0,27,0
1962,1,932,M,68.6671,Risk:LOW,0,0,9,0,0,0,0,0,0,0,21,0,0,0,4,0,0,0,10,0,0,0,15,0,0,0,19,0
1962,1,933,M,10.4113,Risk:LOW,0,0,0,0,0,0,0,0,0,0,0,0,0,0,0,0,0,0,0,0,0,0,0,0,0,0,0,0
1962,1,934,M,3.42749,Risk:LOW,0,0,0,0,0,0,0,0,0,0,0,0,0,0,0,0,0,0,0,0,0,0,0,0,0,0,0,0
1962,1,935,M,6.18451,Risk:LOW,0,0,0,0,0,0,0,0,0,0,0,0,0,0,0,0,0,0,0,0,0,0,0,0,0,0,0,0
1962,1,936,F,27.5458,Risk:LOW,0,0,7,0,0,0,0,0,0,0,13,0,0,0,3,0,0,0,7,0,0,0,10,0,0,0,13,0
1962,1,937,F,5.31907,Risk:HIGH,0,0,0,0,0,0,0,0,0,0,0,0,0,0,0,0,0,0,0,0,0,0,0,0,0,0,0,0
1962,1,938,M,5.75357,Risk:LOW,0,0,0,0,0,0,0,0,0,0,0,0,0,0,0,0,0,0,0,0,0,0,0,0,0,0,0,0
1962,1,939,F,19.7987,Risk:LOW,0,0,2,0,0,0,0,0,0,0,5,0,0,0,1,0,0,0,2,0,0,0,5,0,0,0,5,0
1962,1,940,M,9.19778,Risk:LOW,0,0,0,0,0,0,0,0,0,0,0,0,0,0,0,0,0,0,0,0,0,0,0,0,0,0,0,0
1962,1,941,F,3.93454,Risk:LOW,0,0,0,0,0,0,0,0,0,0,0,0,0,0,0,0,0,0,0,0,0,0,0,0,0,0,0,0
1962,1,942,M,6.37486,Risk:LOW,0,0,0,0,0,0,0,0,0,0,0,0,0,0,0,0,0,0,0,0,0,0,0,0,0,0,0,0
1962,1,943,M,15.5731,Risk:LOW,0,0,0,0,0,0,0,0,0,0,0,0,0,0,0,0,0,0,0,0,0,0,0,0,0,0,0,0
1962,1,944,F,2.3154,Risk:LOW,0,0,0,0,0,0,0,0,0,0,0,0,0,0,0,0,0,0,0,0,0,0,0,0,0,0,0,0
1962,1,945,F,40.0882,Risk:LOW,0,0,23,0,0,0,0,0,0,0,47,0,0,0,11,0,0,0,23,0,0,0,32,0,0,0,42,0
1962,1,946,F,15.4269,Risk:LOW,0,0,0,0,0,0,0,0,0,0,0,0,0,0,0,0,0,0,0,0,0,0,0,0,0,0,0,0
1962,1,947,F,53.5947,Risk:LOW,0,0,9,0,0,0,0,0,0,0,20,0,0,0,3,0,0,0,10,0,0,0,14,0,0,0,18,0
1962,1,948,M,14.0299,Risk:LOW,0,0,0,0,0,0,0,0,0,0,0,0,0,0,0,0,0,0,0,0,0,0,0,0,0,0,0,0
1962,1,949,M,35.3268,Risk:LOW,0,0,14,0,0,0,0,0,0,0,27,0,0,0,6,0,0,0,15,0,0,0,20,0,0,0,25,0
1962,1,950,M,76.9616,Risk:LOW,0,0,9,0,0,0,0,0,0,0,20,0,0,0,4,0,0,0,9,0,0,0,16,0,0,0,19,0
1962,1,951,M,26.9806,Risk:LOW,0,0,3,0,0,0,0,0,0,0,7,0,0,0,1,0,0,0,3,0,0,0,5,0,0,0,7,0
1962,1,952,M,48.9559,Risk:LOW,0,0,46,0,0,0,2,0,0,0,76,0,0,0,23,0,0,0,43,0,0,0,49,0,0,0,61,0
1962,1,953,M,21.98,Risk:LOW,0,0,0,0,0,0,0,0,0,0,2,0,0,0,0,0,0,0,1,0,0,0,1,0,0,0,2,0
1962,1,954,F,2.36711,Risk:LOW,0,0,0,0,0,0,0,0,0,0,0,0,0,0,0,0,0,0,0,0,0,0,0,0,0,0,0,0
1962,1,955,M,3.61188,Risk:LOW,0,0,0,0,0,0,0,0,0,0,0,0,0,0,0,0,0,0,0,0,0,0,0,0,0,0,0,0
1962,1,956,F,5.22974,Risk:LOW,0,0,0,0,0,0,0,0,0,0,0,0,0,0,0,0,0,0,0,0,0,0,0,0,0,0,0,0
1962,1,957,M,9.15688,Risk:LOW,0,0,0,0,0,0,0,0,0,0,0,0,0,0,0,0,0,0,0,0,0,0,0,0,0,0,0,0
1962,1,958,F,52.6304,Risk:LOW,0,0,19,0,0,0,1,0,0,0,40,0,0,0,9,0,0,0,18,0,0,0,28,0,0,0,36,0
1962,1,959,F,39.0014,Risk:LOW,0,0,31,0,0,0,1,0,0,0,58,0,0,0,17,0,0,0,29,0,0,0,42,0,0,0,48,0
1962,1,960,M,60.5028,Risk:LOW,0,0,30,0,0,0,2,0,0,0,56,0,0,0,13,0,0,0,29,0,0,0,36,0,0,0,44,0
1962,1,961,M,1.5086,Risk:LOW,0,0,0,0,0,0,0,0,0,0,0,0,0,0,0,0,0,0,0,0,0,0,0,0,0,0,0,0
1962,1,962,M,15.8145,Risk:LOW,0,0,0,0,0,0,0,0,0,0,0,0,0,0,0,0,0,0,0,0,0,0,0,0,0,0,0,0
1962,1,963,F,2.91613,Risk:LOW,0,0,0,0,0,0,0,0,0,0,0,0,0,0,0,0,0,0,0,0,0,0,0,0,0,0,0,0
1962,1,964,M,8.01776,Risk:LOW,0,0,0,0,0,0,0,0,0,0,0,0,0,0,0,0,0,0,0,0,0,0,0,0,0,0,0,0
1962,1,965,F,29.2618,Risk:LOW,0,0,12,0,0,0,0,0,0,0,28,0,0,0,8,0,0,0,13,0,0,0,22,0,0,0,26,0
1962,1,966,F,59.1595,Risk:LOW,0,0,11,0,0,0,0,0,0,0,30,0,0,0,7,0,0,0,11,0,0,0,17,0,0,0,23,0
1962,1,967,F,6.32557,Risk:LOW,0,0,0,0,0,0,0,0,0,0,0,0,0,0,0,0,0,0,0,0,0,0,0,0,0,0,0,0
1962,1,968,M,64.677,Risk:LOW,0,0,4,0,0,0,1,0,0,0,6,0,0,0,2,0,0,0,4,0,0,0,5,0,0,0,6,0
1962,1,969,F,53.8374,Risk:LOW,0,0,12,0,0,0,0,0,0,0,23,0,0,0,6,0,0,0,11,0,0,0,15,0,0,0,19,0
1962,1,970,M,36.9817,Risk:LOW,0,0,15,0,0,0,0,0,0,0,34,0,0,0,9,0,0,0,15,0,0,0,27,0,0,0,33,0
1962,1,971,M,44.1174,Risk:LOW,0,0,26,0,0,0,0,0,0,0,48,0,0,0,15,0,0,0,25,0,0,0,34,0,0,0,41,0
1962,1,972,F,8.91015,Risk:LOW,0,0,0,0,0,0,0,0,0,0,0,0,0,0,0,0,0,0,0,0,0,0,0,0,0,0,0,0
1962,1,973,M,23.0925,Risk:LOW,0,0,3,0,0,0,0,0,0,0,4,0,0,0,2,0,0,0,3,0,0,0,3,0,0,0,4,0
1962,1,974,F,1.86993,Risk:LOW,0,0,0,0,0,0,0,0,0,0,0,0,0,0,0,0,0,0,0,0,0,0,0,0,0,0,0,0
1962,1,975,F,42.5175,Risk:LOW,0,0,31,0,0,0,0,0,0,0,60,0,0,0,17,0,0,0,25,0,0,0,33,0,0,0,53,0
1962,1,976,M,9.889,Risk:LOW,0,0,0,0,0,0,0,0,0,0,0,0,0,0,0,0,0,0,0,0,0,0,0,0,0,0,0,0
1962,1,977,M,57.5609,Risk:LOW,0,0,37,0,0,0,1,0,0,0,79,0,0,0,20,0,0,0,29,0,0,0,48,0,0,0,54,0
1962,1,978,M,11.3714,Risk:LOW,0,0,0,0,0,0,0,0,0,0,0,0,0,0,0,0,0,0,0,0,0,0,0,0,0,0,0,0
1962,1,979,F,3.25392,Risk:LOW,0,0,0,0,0,0,0,0,0,0,0,0,0,0,0,0,0,0,0,0,0,0,0,0,0,0,0,0
1962,1,980,M,32.7913,Risk:LOW,0,0,17,0,0,0,0,0,0,0,26,0,0,0,9,0,0,0,17,0,0,0,20,0,0,0,26,0
1962,1,981,F,16.9858,Risk:LOW,0,0,7,0,0,0,0,0,0,0,8,0,0,0,4,0,0,0,7,0,0,0,8,0,0,0,8,0
1962,1,982,F,33.5861,Risk:LOW,0,0,21,0,0,0,0,0,0,0,40,0,0,0,11,0,0,0,22,0,0,0,30,0,0,0,38,0
1962,1,983,F,8.86023,Risk:LOW,0,0,0,0,0,0,0,0,0,0,0,0,0,0,0,0,0,0,0,0,0,0,0,0,0,0,0,0
1962,1,984,M,17.8612,Risk:LOW,0,0,0,0,0,0,0,0,0,0,1,0,0,0,0,0,0,0,0,0,0,0,0,0,0,0,1,0
1962,1,985,M,31.8204,Risk:LOW,0,0,10,0,0,0,1,0,0,0,24,0,0,0,5,0,0,0,10,0,0,0,13,0,0,0,23,0
1962,1,986,M,38.2355,Risk:LOW,0,0,22,0,0,0,0,0,0,0,41,0,0,0,12,0,0,0,22,0,0,0,29,0,0,0,39,0
1962,1,987,F,57.4587,Risk:LOW,0,0,17,0,0,0,0,0,0,0,38,0,0,0,6,0,0,0,19,0,0,0,27,0,0,0,33,0
1962,1,988,F,3.47403,Risk:LOW,0,0,0,0,0,0,0,0,0,0,0,0,0,0,0,0,0,0,0,0,0,0,0,0,0,0,0,0
1962,1,989,M,51.2435,Risk:LOW,0,0,37,0,0,0,4,0,0,0,79,0,0,0,17,0,0,0,33,0,0,0,46,0,0,0,59,0
1962,1,990,F,16.2725,Risk:LOW,0,0,2,0,0,0,0,0,0,0,3,0,0,0,0,0,0,0,2,0,0,0,3,0,0,0,3,0
1962,1,991,F,3.43504,Risk:LOW,0,0,0,0,0,0,0,0,0,0,0,0,0,0,0,0,0,0,0,0,0,0,0,0,0,0,0,0
1962,1,992,F,7.57385,Risk:LOW,0,0,0,0,0,0,0,0,0,0,0,0,0,0,0,0,0,0,0,0,0,0,0,0,0,0,0,0
1962,1,993,F,2.87354,Risk:LOW,0,0,0,0,0,0,0,0,0,0,0,0,0,0,0,0,0,0,0,0,0,0,0,0,0,0,0,0
1962,1,994,M,41.8569,Risk:LOW,0,0,31,0,0,0,0,0,0,0,58,0,0,0,12,0,0,0,26,0,0,0,38,0,0,0,48,0
1962,1,995,F,10.9212,Risk:HIGH,0,0,0,0,0,0,0,0,0,0,0,0,0,0,0,0,0,0,0,0,0,0,0,0,0,0,0,0
1962,1,996,F,25.2373,Risk:LOW,0,0,9,0,0,0,0,0,0,0,16,0,0,0,5,0,0,0,9,0,0,0,11,0,0,0,16,0
1962,1,997,M,52.3868,Risk:LOW,0,0,35,0,0,0,2,0,0,0,75,0,0,0,17,0,0,0,33,0,0,0,50,0,0,0,64,0
1962,1,998,M,8.90855,Risk:LOW,0,0,0,0,0,0,0,0,0,0,0,0,0,0,0,0,0,0,0,0,0,0,0,0,0,0,0,0
1962,1,999,M,42.9959,Risk:LOW,0,0,20,0,0,0,0,0,0,0,41,0,0,0,12,0,0,0,16,0,0,0,24,0,0,0,33,0
1962,1,1000,F,34.4832,Risk:LOW,0,0,29,0,0,0,0,0,0,0,47,0,0,0,15,0,0,0,30,0,0,0,37,0,0,0,44,0
1962,1,1001,F,42.1021,Risk:LOW,0,0,29,0,0,0,1,0,0,0,68,0,0,0,14,0,0,0,25,0,0,0,40,0,0,0,55,0
1962,1,1002,F,10.1695,Risk:LOW,0,0,0,0,0,0,0,0,0,0,0,0,0,0,0,0,0,0,0,0,0,0,0,0,0,0,0,0
1962,1,1003,M,3.56027,Risk:HIGH,0,0,0,0,0,0,0,0,0,0,0,0,0,0,0,0,0,0,0,0,0,0,0,0,0,0,0,0
1962,1,1004,F,12.1154,Risk:LOW,0,0,0,0,0,0,0,0,0,0,0,0,0,0,0,0,0,0,0,0,0,0,0,0,0,0,0,0
1962,1,1005,F,7.15326,Risk:LOW,0,0,0,0,0,0,0,0,0,0,0,0,0,0,0,0,0,0,0,0,0,0,0,0,0,0,0,0
1962,1,1006,M,27.4434,Risk:LOW,0,0,5,0,0,0,0,0,0,0,12,0,0,0,1,0,0,0,5,0,0,0,7,0,0,0,12,0
1962,1,1007,M,49.4678,Risk:LOW,0,0,37,0,0,0,2,0,0,0,57,0,0,0,14,0,0,0,35,0,0,0,42,0,0,0,50,0
1962,1,1008,F,3.00652,Risk:LOW,0,0,0,0,0,0,0,0,0,0,0,0,0,0,0,0,0,0,0,0,0,0,0,0,0,0,0,0
1962,1,1009,F,56.1678,Risk:LOW,0,0,16,0,0,0,1,0,0,0,39,0,0,0,7,0,0,0,14,0,0,0,22,0,0,0,28,0
1962,1,1010,M,28.9064,Risk:LOW,0,0,7,0,0,0,1,0,0,0,12,0,0,0,2,0,0,0,7,0,0,0,8,0,0,0,12,0
1962,1,1011,M,58.6504,Risk:HIGH,1,0,0,0,0,0,0,0,1,0,0,0,1,0,0,0,1,0,0,0,1,0,0,0,1,0,0,0
1962,1,1012,F,45.1377,Risk:LOW,0,0,35,0,0,0,1,0,0,0,58,0,0,0,18,0,0,0,32,0,0,0,40,0,0,0,45,0
1962,1,1013,F,11.8854,Risk:LOW,0,0,0,0,0,0,0,0,0,0,0,0,0,0,0,0,0,0,0,0,0,0,0,0,0,0,0,0
1962,1,1014,M,9.24074,Risk:LOW,0,0,0,0,0,0,0,0,0,0,0,0,0,0,0,0,0,0,0,0,0,0,0,0,0,0,0,0
1962,1,1015,F,18.1532,Risk:LOW,0,0,2,0,0,0,1,0,0,0,4,0,0,0,2,0,0,0,3,0,0,0,4,0,0,0,4,0
1962,1,1016,F,26.2342,Risk:LOW,0,0,12,0,0,0,1,0,0,0,23,0,0,0,7,0,0,0,12,0,0,0,18,0,0,0,23,0
1962,1,1017,M,35.285,Risk:LOW,0,0,17,0,0,0,0,0,0,0,33,0,0,0,13,0,0,0,18,0,0,0,23,0,0,0,31,0
1962,1,1018,F,22.3817,Risk:LOW,0,0,7,0,0,0,0,0,0,0,9,0,0,0,4,0,0,0,7,0,0,0,9,0,0,0,9,0
1962,1,1019,F,2.01722,Risk:LOW,0,0,0,0,0,0,0,0,0,0,0,0,0,0,0,0,0,0,0,0,0,0,0,0,0,0,0,0
1962,1,1020,F,26.4924,Risk:LOW,0,0,6,0,0,0,0,0,0,0,12,0,0,0,4,0,0,0,7,0,0,0,11,0,0,0,13,0
1962,1,1021,F,32.1184,Risk:LOW,0,0,15,0,0,0,0,0,0,0,36,0,0,0,9,0,0,0,15,0,0,0,23,0,0,0,34,0
1962,1,1022,F,27.7478,Risk:LOW,0,0,12,0,0,0,1,0,0,0,24,0,0,0,7,0,0,0,11,0,0,0,17,0,0,0,23,0
1962,1,1023,F,40.2738,Risk:LOW,0,0,22,0,0,0,0,0,0,0,44,0,0,0,10,0,0,0,21,0,0,0,30,0,0,0,42,0
1962,1,1024,F,46.6057,Risk:LOW,0,0,58,0,0,0,0,0,0,0,113,0,0,0,21,0,0,0,48,0,0,0,70,0,0,0,80,0
1962,1,1025,M,25.6095,Risk:LOW,0,0,4,0,0,0,0,0,0,0,7,0,0,0,1,0,0,0,4,0,0,0,4,0,0,0,7,0
1962,1,1026,M,44.9196,Risk:LOW,0,0,29,0,0,0,0,0,0,0,50,0,0,0,18,0,0,0,29,0,0,0,38,0,0,0,45,0
1962,1,1027,F,2.53447,Risk:LOW,0,0,0,0,0,0,0,0,0,0,0,0,0,0,0,0,0,0,0,0,0,0,0,0,0,0,0,0
1962,1,1028,M,60.1829,Risk:LOW,0,0,27,0,0,0,1,0,0,0,52,0,0,0,9,0,0,0,26,0,0,0,38,0,0,0,48,0
1962,1,1029,M,49.6025,Risk:LOW,0,0,38,0,0,0,2,0,0,0,74,0,0,0,17,0,0,0,35,0,0,0,52,0,0,0,60,0
1962,1,1030,F,8.96993,Risk:LOW,0,0,0,0,0,0,0,0,0,0,0,0,0,0,0,0,0,0,0,0,0,0,0,0,0,0,0,0
1962,1,1031,F,54.3882,Risk:LOW,0,0,13,0,0,0,0,0,0,0,23,0,0,0,4,0,0,0,13,0,0,0,20,0,0,0,23,0
1962,1,1032,M,53.6031,Risk:LOW,0,0,41,0,0,0,0,0,0,0,87,0,0,0,15,0,0,0,36,0,0,0,54,0,0,0,72,0
1962,1,1033,M,73.1615,Risk:LOW,0,0,10,0,0,0,1,0,0,0,16,0,0,0,6,0,0,0,10,0,0,0,12,0,0,0,14,0
1962,1,1034,F,40.6905,Risk:LOW,0,0,34,0,0,0,0,0,0,0,67,0,0,0,17,0,0,0,32,0,0,0,45,0,0,0,56,0
1962,1,1035,M,28.7008,Risk:LOW,0,0,7,0,0,0,0,0,0,0,14,0,0,0,3,0,0,0,7,0,0,0,11,0,0,0,14,0
1962,1,1036,M,36.7735,Risk:LOW,0,0,15,0,0,0,0,0,0,0,30,0,0,0,5,0,0,0,15,0,0,0,24,0,0,0,28,0
1962,1,1037,M,10.3498,Risk:LOW,0,0,0,0,0,0,0,0,0,0,0,0,0,0,0,0,0,0,0,0,0,0,0,0,0,0,0,0
1962,1,1038,M,56.4165,Risk:LOW,0,0,27,0,0,0,0,0,0,0,67,0,0,0,13,0,0,0,25,0,0,0,41,0,0,0,56,0
1962,1,1039,M,20.262,Risk:LOW,0,0,0,0,0,0,0,0,0,0,0,0,0,0,0,0,0,0,0,0,0,0,0,0,0,0,0,0
1962,1,1040,M,22.7245,Risk:LOW,0,0,3,0,0,0,0,0,0,0,5,0,0,0,3,0,0,0,3,0,0,0,4,0,0,0,5,0
1962,1,1041,M,80.0188,Risk:LOW,0,0,4,0,0,0,0,0,0,0,12,0,0,0,2,0,0,0,4,0,0,0,9,0,0,0,12,0
1962,1,1042,M,12.1909,Risk:LOW,0,0,0,0,0,0,0,0,0,0,0,0,0,0,0,0,0,0,0,0,0,0,0,0,0,0,0,0
1962,1,1043,M,50.6952,Risk:LOW,0,0,49,0,0,0,0,0,0,0,75,0,0,0,26,0,0,0,43,0,0,0,52,0,0,0,63,0
1962,1,1044,M,11.1379,Risk:LOW,0,0,0,0,0,0,0,0,0,0,0,0,0,0,0,0,0,0,0,0,0,0,0,0,0,0,0,0
1962,1,1045,M,12.4395,Risk:LOW,0,0,0,0,0,0,0,0,0,0,0,0,0,0,0,0,0,0,0,0,0,0,0,0,0,0,0,0
1962,1,1046,M,11.7742,Risk:LOW,0,0,0,0,0,0,0,0,0,0,0,0,0,0,0,0,0,0,0,0,0,0,0,0,0,0,0,0
1962,1,1047,F,7.34317,Risk:LOW,0,0,0,0,0,0,0,0,0,0,0,0,0,0,0,0,0,0,0,0,0,0,0,0,0,0,0,0
1962,1,1048,F,60.796,Risk:LOW,0,0,17,0,0,0,1,0,0,0,40,0,0,0,9,0,0,0,13,0,0,0,23,0,0,0,28,0
1962,1,1049,F,8.21494,Risk:LOW,0,0,0,0,0,0,0,0,0,0,0,0,0,0,0,0,0,0,0,0,0,0,0,0,0,0,0,0
1962,1,1050,M,35.4407,Risk:LOW,0,0,12,0,0,0,1,0,0,0,22,0,0,0,6,0,0,0,11,0,0,0,14,0,0,0,21,0
1962,1,1051,F,73.0274,Risk:LOW,0,0,4,0,0,0,0,0,0,0,8,0,0,0,2,0,0,0,5,0,0,0,6,0,0,0,7,0
1962,1,1052,M,22.2557,Risk:LOW,0,0,2,0,0,0,0,0,0,0,5,0,0,0,1,0,0,0,2,0,0,0,3,0,0,0,5,0
1962,1,1053,F,51.4007,Risk:LOW,0,0,14,0,0,0,1,0,0,0,31,0,0,0,9,0,0,0,14,0,0,0,19,0,0,0,26,0
1962,1,1054,M,27.3184,Risk:LOW,0,0,5,0,0,0,1,0,0,0,8,0,0,0,3,0,0,0,5,0,0,0,5,0,0,0,8,0
1962,1,1055,F,26.3315,Risk:LOW,0,0,9,0,0,0,0,0,0,0,12,0,0,0,5,0,0,0,9,0,0,0,11,0,0,0,11,0
1962,1,1056,M,20.2,Risk:HIGH,8,0,0,0,0,0,0,0,16,0,0,0,3,0,0,0,3,0,0,0,3,0,0,0,3,0,0,0
1962,1,1057,M,22.2634,Risk:LOW,0,0,2,0,0,0,0,0,0,0,2,0,0,0,1,0,0,0,2,0,0,0,2,0,0,0,3,0
1962,1,1058,F,2.17443,Risk:LOW,0,0,0,0,0,0,0,0,0,0,0,0,0,0,0,0,0,0,0,0,0,0,0,0,0,0,0,0
1962,1,1059,M,38.3134,Risk:LOW,0,0,15,0,0,0,0,0,0,0,34,0,0,0,7,0,0,0,15,0,0,0,25,0,0,0,33,0
1962,1,1060,M,23.572,Risk:LOW,0,0,7,0,0,0,0,0,0,0,10,0,0,0,5,0,0,0,7,0,0,0,9,0,0,0,10,0
1962,1,1061,M,22.2247,Risk:LOW,0,0,1,0,0,0,0,0,0,0,2,0,0,0,1,0,0,0,2,0,0,0,2,0,0,0,2,0
1962,1,1062,M,45.5199,Risk:LOW,0,0,30,0,0,0,1,0,0,0,51,0,0,0,11,0,0,0,28,0,0,0,36,0,0,0,41,0
1962,1,1063,M,28.0771,Risk:HIGH,20,0,0,0,0,0,0,0,33,0,0,0,4,0,0,0,4,0,0,0,7,0,0,0,8,0,0,0
1962,1,1064,F,23.9197,Risk:LOW,0,0,5,0,0,0,1,0,0,0,12,0,0,0,4,0,0,0,5,0,0,0,8,0,0,0,12,0
1962,1,1065,F,4.98627,Risk:LOW,0,0,0,0,0,0,0,0,0,0,0,0,0,0,0,0,0,0,0,0,0,0,0,0,0,0,0,0
1962,1,1066,M,11.728,Risk:LOW,0,0,0,0,0,0,0,0,0,0,0,0,0,0,0,0,0,0,0,0,0,0,0,0,0,0,0,0
1962,1,1067,F,39.4966,Risk:LOW,0,0,27,0,0,0,0,0,0,0,49,0,0,0,17,0,0,0,25,0,0,0,34,0,0,0,43,0
1962,1,1068,M,7.51602,Risk:LOW,0,0,0,0,0,0,0,0,0,0,0,0,0,0,0,0,0,0,0,0,0,0,0,0,0,0,0,0
1962,1,1069,F,15.15,Risk:LOW,0,0,1,0,0,0,0,0,0,0,2,0,0,0,1,0,0,0,2,0,0,0,2,0,0,0,2,0
1962,1,1070,M,15.287,Risk:LOW,0,0,0,0,0,0,0,0,0,0,0,0,0,0,0,0,0,0,0,0,0,0,0,0,0,0,0,0
1962,1,1071,F,45.3093,Risk:LOW,0,0,34,0,0,0,1,0,0,0,62,0,0,0,19,0,0,0,29,0,0,0,45,0,0,0,53,0
1962,1,1072,F,2.51638,Risk:LOW,0,0,0,0,0,0,0,0,0,0,0,0,0,0,0,0,0,0,0,0,0,0,0,0,0,0,0,0
1962,1,1073,F,4.26477,Risk:HIGH,0,0,0,0,0,0,0,0,0,0,0,0,0,0,0,0,0,0,0,0,0,0,0,0,0,0,0,0
1962,1,1074,M,15.1541,Risk:LOW,0,0,0,0,0,0,0,0,0,0,0,0,0,0,0,0,0,0,0,0,0,0,0,0,0,0,0,0
1962,1,1075,M,9.29963,Risk:LOW,0,0,0,0,0,0,0,0,0,0,0,0,0,0,0,0,0,0,0,0,0,0,0,0,0,0,0,0
1962,1,1076,F,22.3658,Risk:LOW,0,0,2,0,0,0,0,0,0,0,7,0,0,0,0,0,0,0,2,0,0,0,4,0,0,0,7,0
1962,1,1077,M,3.59963,Risk:LOW,0,0,0,0,0,0,0,0,0,0,0,0,0,0,0,0,0,0,0,0,0,0,0,0,0,0,0,0
1962,1,1078,M,11.7058,Risk:LOW,0,0,0,0,0,0,0,0,0,0,0,0,0,0,0,0,0,0,0,0,0,0,0,0,0,0,0,0
1962,1,1079,M,14.2477,Risk:LOW,0,0,0,0,0,0,0,0,0,0,0,0,0,0,0,0,0,0,0,0,0,0,0,0,0,0,0,0
1962,1,1080,M,37.0824,Risk:LOW,0,0,19,0,0,0,2,0,0,0,37,0,0,0,9,0,0,0,18,0,0,0,25,0,0,0,33,0
1962,1,1081,M,9.82382,Risk:LOW,0,0,0,0,0,0,0,0,0,0,0,0,0,0,0,0,0,0,0,0,0,0,0,0,0,0,0,0
1962,1,1082,F,21.4353,Risk:LOW,0,0,3,0,0,0,0,0,0,0,6,0,0,0,2,0,0,0,3,0,0,0,5,0,0,0,6,0
1962,1,1083,F,61.6176,Risk:HIGH,0,0,0,0,0,0,0,0,0,0,0,0,0,0,0,0,0,0,0,0,0,0,0,0,0,0,0,0
1962,1,1084,M,11.8706,Risk:LOW,0,0,0,0,0,0,0,0,0,0,0,0,0,0,0,0,0,0,0,0,0,0,0,0,0,0,0,0
1962,1,1085,F,12.5301,Risk:LOW,0,0,0,0,0,0,0,0,0,0,0,0,0,0,0,0,0,0,0,0,0,0,0,0,0,0,0,0
1962,1,1086,F,4.90259,Risk:LOW,0,0,0,0,0,0,0,0,0,0,0,0,0,0,0,0,0,0,0,0,0,0,0,0,0,0,0,0
1962,1,1087,M,43.7457,Risk:LOW,0,0,17,0,0,0,1,0,0,0,50,0,0,0,11,0,0,0,17,0,0,0,31,0,0,0,45,0
1962,1,1088,M,3.65185,Risk:LOW,0,0,0,0,0,0,0,0,0,0,0,0,0,0,0,0,0,0,0,0,0,0,0,0,0,0,0,0
1962,1,1089,M,43.929,Risk:LOW,0,0,23,0,0,0,0,0,0,0,54,0,0,0,9,0,0,0,23,0,0,0,36,0,0,0,50,0
1962,1,1090,F,62.5893,Risk:LOW,0,0,12,0,0,0,0,0,0,0,26,0,0,0,6,0,0,0,12,0,0,0,17,0,0,0,22,0
1962,1,1091,F,21.5113,Risk:LOW,0,0,2,0,0,0,0,0,0,0,5,0,0,0,0,0,0,0,2,0,0,0,3,0,0,0,5,0
1962,1,1092,F,9.2462,Risk:LOW,0,0,0,0,0,0,0,0,0,0,0,0,0,0,0,0,0,0,0,0,0,0,0,0,0,0,0,0
1962,1,1093,M,30.8229,Risk:LOW,0,0,9,0,0,0,0,0,0,0,13,0,0,0,4,0,0,0,9,0,0,0,12,0,0,0,13,0
1962,1,1094,F,25.5115,Risk:LOW,0,0,10,0,0,0,1,0,0,0,17,0,0,0,6,0,0,0,10,0,0,0,14,0,0,0,17,0
1962,1,1095,M,12.3833,Risk:LOW,0,0,0,0,0,0,0,0,0,0,0,0,0,0,0,0,0,0,0,0,0,0,0,0,0,0,0,0
1962,1,1096,F,41.9866,Risk:LOW,0,0,31,0,0,0,0,0,0,0,78,0,0,0,15,0,0,0,29,0,0,0,49,0,0,0,67,0
1962,1,1097,F,31.0815,Risk:LOW,0,0,17,0,0,0,1,0,0,0,35,0,0,0,9,0,0,0,17,0,0,0,25,0,0,0,32,0
1962,1,1098,M,30.6605,Risk:LOW,0,0,11,0,0,0,1,0,0,0,18,0,0,0,6,0,0,0,11,0,0,0,16,0,0,0,17,0
1962,1,1099,F,7.79229,Risk:LOW,0,0,0,0,0,0,0,0,0,0,0,0,0,0,0,0,0,0,0,0,0,0,0,0,0,0,0,0
1962,1,1100,M,50.4139,Risk:LOW,0,0,30,0,0,0,1,0,0,0,58,0,0,0,20,0,0,0,29,0,0,0,40,0,0,0,51,0
1962,1,1101,M,9.10398,Risk:LOW,0,0,0,0,0,0,0,0,0,0,0,0,0,0,0,0,0,0,0,0,0,0,0,0,0,0,0,0
1962,1,1102,M,40.1943,Risk:LOW,0,0,14,0,0,0,1,0,0,0,27,0,0,0,10,0,0,0,14,0,0,0,19,0,0,0,27,0
1962,1,1103,F,24.3573,Risk:LOW,0,0,7,0,0,0,0,0,0,0,13,0,0,0,3,0,0,0,7,0,0,0,9,0,0,0,13,0
1962,1,1104,M,18.8975,Risk:LOW,0,0,0,0,0,0,0,0,0,0,0,0,0,0,0,0,0,0,0,0,0,0,0,0,0,0,0,0
1962,1,1105,M,28.6972,Risk:LOW,0,0,6,0,0,0,1,0,0,0,9,0,0,0,3,0,0,0,6,0,0,0,7,0,0,0,10,0
1962,1,1106,F,7.11732,Risk:LOW,0,0,0,0,0,0,0,0,0,0,0,0,0,0,0,0,0,0,0,0,0,0,0,0,0,0,0,0
1962,1,1107,F,35.8529,Risk:LOW,0,0,24,0,0,0,0,0,0,0,50,0,0,0,13,0,0,0,25,0,0,0,36,0,0,0,47,0
1962,1,1108,M,16.2924,Risk:LOW,0,0,0,0,0,0,0,0,0,0,0,0,0,0,0,0,0,0,0,0,0,0,0,0,0,0,0,0
1962,1,1109,F,37.7833,Risk:LOW,0,0,26,0,0,0,1,0,0,0,52,0,0,0,13,0,0,0,25,0,0,0,36,0,0,0,45,0
1962,1,1110,F,4.35176,Risk:LOW,0,0,0,0,0,0,0,0,0,0,0,0,0,0,0,0,0,0,0,0,0,0,0,0,0,0,0,0
1962,1,1111,M,31.4631,Risk:LOW,0,0,14,0,0,0,1,0,0,0,21,0,0,0,9,0,0,0,14,0,0,0,16,0,0,0,18,0
1962,1,1112,M,46.4209,Risk:LOW,0,0,39,0,0,0,1,0,0,0,86,0,0,0,19,0,0,0,36,0,0,0,52,0,0,0,71,0
1962,1,1113,M,39.8195,Risk:LOW,0,0,15,0,0,0,0,0,0,0,36,0,0,0,7,0,0,0,15,0,0,0,21,0,0,0,32,0
1962,1,1114,M,66.6032,Risk:LOW,0,0,3,0,0,0,0,0,0,0,5,0,0,0,3,0,0,0,3,0,0,0,5,0,0,0,5,0
1962,1,1115,M,26.4605,Risk:LOW,0,0,6,0,0,0,0,0,0,0,8,0,0,0,1,0,0,0,6,0,0,0,7,0,0,0,8,0
1962,1,1116,M,23.6403,Risk:LOW,0,0,3,0,0,0,0,0,0,0,7,0,0,0,1,0,0,0,3,0,0,0,5,0,0,0,7,0
1962,1,1117,M,11.2078,Risk:LOW,0,0,0,0,0,0,0,0,0,0,0,0,0,0,0,0,0,0,0,0,0,0,0,0,0,0,0,0
1962,1,1118,M,65.281,Risk:HIGH,2,0,0,0,0,0,0,0,4,0,0,0,1,0,0,0,2,0,0,0,2,0,0,0,3,0,0,0
1962,1,1119,F,8.76363,Risk:LOW,0,0,0,0,0,0,0,0,0,0,0,0,0,0,0,0,0,0,0,0,0,0,0,0,0,0,0,0
1962,1,1120,F,21.3553,Risk:LOW,0,0,3,0,0,0,0,0,0,0,8,0,0,0,2,0,0,0,3,0,0,0,5,0,0,0,8,0
1962,1,1121,M,4.93964,Risk:LOW,0,0,0,0,0,0,0,0,0,0,0,0,0,0,0,0,0,0,0,0,0,0,0,0,0,0,0,0
1962,1,1122,M,10.1888,Risk:LOW,0,0,0,0,0,0,0,0,0,0,0,0,0,0,0,0,0,0,0,0,0,0,0,0,0,0,0,0
1962,1,1123,F,21.3337,Risk:LOW,0,0,6,0,0,0,0,0,0,0,11,0,0,0,3,0,0,0,5,0,0,0,7,0,0,0,10,0
1962,1,1124,M,3.86649,Risk:LOW,0,0,0,0,0,0,0,0,0,0,0,0,0,0,0,0,0,0,0,0,0,0,0,0,0,0,0,0
1962,1,1125,M,4.38107,Risk:LOW,0,0,0,0,0,0,0,0,0,0,0,0,0,0,0,0,0,0,0,0,0,0,0,0,0,0,0,0
1962,1,1126,M,28.6982,Risk:LOW,0,0,5,0,0,0,0,0,0,0,9,0,0,0,3,0,0,0,5,0,0,0,7,0,0,0,9,0
1962,1,1127,M,26.7399,Risk:LOW,0,0,7,0,0,0,1,0,0,0,12,0,0,0,3,0,0,0,7,0,0,0,9,0,0,0,12,0
1962,1,1128,F,43.3734,Risk:LOW,0,0,19,0,0,0,1,0,0,0,54,0,0,0,10,0,0,0,18,0,0,0,33,0,0,0,46,0
1962,1,1129,M,46.282,Risk:LOW,0,0,29,0,0,0,2,0,0,0,74,0,0,0,14,0,0,0,29,0,0,0,45,0,0,0,68,0
1962,1,1130,F,11.5963,Risk:LOW,0,0,0,0,0,0,0,0,0,0,0,0,0,0,0,0,0,0,0,0,0,0,0,0,0,0,0,0
1962,1,1131,M,6.88526,Risk:LOW,0,0,0,0,0,0,0,0,0,0,0,0,0,0,0,0,0,0,0,0,0,0,0,0,0,0,0,0
1962,1,1132,M,20.8642,Risk:LOW,0,0,2,0,0,0,0,0,0,0,4,0,0,0,1,0,0,0,2,0,0,0,4,0,0,0,4,0
1962,1,1133,M,4.97838,Risk:LOW,0,0,0,0,0,0,0,0,0,0,0,0,0,0,0,0,0,0,0,0,0,0,0,0,0,0,0,0
1962,1,1134,M,5.53763,Risk:LOW,0,0,0,0,0,0,0,0,0,0,0,0,0,0,0,0,0,0,0,0,0,0,0,0,0,0,0,0
1962,1,1135,M,34.2888,Risk:LOW,0,0,7,0,0,0,0,0,0,0,22,0,0,0,3,0,0,0,8,0,0,0,13,0,0,0,22,0
1962,1,1136,F,69.9254,Risk:LOW,0,0,5,0,0,0,0,0,0,0,10,0,0,0,2,0,0,0,4,0,0,0,7,0,0,0,9,0
1962,1,1137,F,36.8088,Risk:LOW,0,0,31,0,0,0,0,0,0,0,50,0,0,0,12,0,0,0,29,0,0,0,35,0,0,0,46,0
1962,1,1138,M,12.5469,Risk:LOW,0,0,0,0,0,0,0,0,0,0,0,0,0,0,0,0,0,0,0,0,0,0,0,0,0,0,0,0
1962,1,1139,F,18.9501,Risk:LOW,0,0,1,0,0,0,0,0,0,0,5,0,0,0,1,0,0,0,1,0,0,0,1,0,0,0,5,0
1962,1,1140,M,40.5771,Risk:LOW,0,0,33,0,0,0,0,0,0,0,46,0,0,0,14,0,0,0,29,0,0,0,34,0,0,0,40,0
1962,1,1141,M,19.7575,Risk:LOW,0,0,0,0,0,0,0,0,0,0,1,0,0,0,0,0,0,0,0,0,0,0,1,0,0,0,1,0
1962,1,1142,F,37.4126,Risk:LOW,0,0,30,0,0,0,0,0,0,0,57,0,0,0,13,0,0,0,27,0,0,0,39,0,0,0,52,0
1962,1,1143,M,8.71178,Risk:LOW,0,0,0,0,0,0,0,0,0,0,0,0,0,0,0,0,0,0,0,0,0,0,0,0,0,0,0,0
1962,1,1144,F,37.2973,Risk:LOW,0,0,25,0,0,0,0,0,0,0,53,0,0,0,15,0,0,0,24,0,0,0,37,0,0,0,47,0
1962,1,1145,M,2.61801,Risk:LOW,0,0,0,0,0,0,0,0,0,0,0,0,0,0,0,0,0,0,0,0,0,0,0,0,0,0,0,0
1962,1,1146,F,20.0284,Risk:LOW,0,0,2,0,0,0,0,0,0,0,5,0,0,0,2,0,0,0,2,0,0,0,4,0,0,0,5,0
1962,1,1147,M,14.0691,Risk:LOW,0,0,0,0,0,0,0,0,0,0,0,0,0,0,0,0,0,0,0,0,0,0,0,0,0,0,0,0
1962,1,1148,F,5.42769,Risk:LOW,0,0,0,0,0,0,0,0,0,0,0,0,0,0,0,0,0,0,0,0,0,0,0,0,0,0,0,0
1962,1,1149,M,25.9916,Risk:LOW,0,0,5,0,0,0,0,0,0,0,8,0,0,0,3,0,0,0,5,0,0,0,7,0,0,0,8,0
1962,1,1150,M,23.165,Risk:LOW,0,0,1,0,0,0,0,0,0,0,2,0,0,0,0,0,0,0,1,0,0,0,1,0,0,0,2,0
1962,1,1151,F,18.4357,Risk:LOW,0,0,3,0,0,0,0,0,0,0,7,0,0,0,0,0,0,0,3,0,0,0,5,0,0,0,8,0
1962,1,1152,M,12.0915,Risk:LOW,0,0,0,0,0,0,0,0,0,0,0,0,0,0,0,0,0,0,0,0,0,0,0,0,0,0,0,0
1962,1,1153,M,1.50806,Risk:LOW,0,0,0,0,0,0,0,0,0,0,0,0,0,0,0,0,0,0,0,0,0,0,0,0,0,0,0,0
1962,1,1154,M,59.8212,Risk:LOW,0,0,41,0,0,0,2,0,0,0,71,0,0,0,22,0,0,0,39,0,0,0,48,0,0,0,58,0
1962,1,1155,F,48.6201,Risk:HIGH,2,0,0,0,0,0,0,0,6,0,0,0,1,0,0,0,3,0,0,0,4,0,0,0,5,0,0,0
1962,1,1156,F,19.8045,Risk:LOW,0,0,4,0,0,0,1,0,0,0,4,0,0,0,3,0,0,0,3,0,0,0,3,0,0,0,3,0
1962,1,1157,F,73.5146,Risk:LOW,0,0,4,0,0,0,0,0,0,0,7,0,0,0,2,0,0,0,4,0,0,0,5,0,0,0,6,0
1962,1,1158,F,4.25732,Risk:LOW,0,0,0,0,0,0,0,0,0,0,0,0,0,0,0,0,0,0,0,0,0,0,0,0,0,0,0,0
1962,1,1159,F,9.88321,Risk:LOW,0,0,0,0,0,0,0,0,0,0,0,0,0,0,0,0,0,0,0,0,0,0,0,0,0,0,0,0
1962,1,1160,F,30.3744,Risk:LOW,0,0,23,0,0,0,1,0,0,0,38,0,0,0,11,0,0,0,23,0,0,0,28,0,0,0,37,0
1962,1,1161,F,4.04831,Risk:LOW,0,0,0,0,0,0,0,0,0,0,0,0,0,0,0,0,0,0,0,0,0,0,0,0,0,0,0,0
1962,1,1162,M,12.6599,Risk:LOW,0,0,0,0,0,0,0,0,0,0,0,0,0,0,0,0,0,0,0,0,0,0,0,0,0,0,0,0
1962,1,1163,M,45.3371,Risk:LOW,0,0,32,0,0,0,1,0,0,0,62,0,0,0,19,0,0,0,28,0,0,0,41,0,0,0,53,0
1962,1,1164,F,26.5079,Risk:LOW,0,0,14,0,0,0,0,0,0,0,18,0,0,0,9,0,0,0,14,0,0,0,15,0,0,0,19,0
1962,1,1165,F,48.4952,Risk:LOW,0,0,21,0,0,0,1,0,0,0,51,0,0,0,10,0,0,0,21,0,0,0,32,0,0,0,41,0
1962,1,1166,M,60.8231,Risk:LOW,0,0,30,0,0,0,1,0,0,0,64,0,0,0,18,0,0,0,27,0,0,0,41,0,0,0,54,0
1962,1,1167,F,48.5505,Risk:LOW,0,0,29,0,0,0,0,0,0,0,51,0,0,0,17,0,0,0,27,0,0,0,34,0,0,0,40,0
1962,1,1168,F,14.6874,Risk:LOW,0,0,0,0,0,0,0,0,0,0,0,0,0,0,0,0,0,0,0,0,0,0,0,0,0,0,0,0
1962,1,1169,F,44.5829,Risk:HIGH,0,0,0,0,0,0,0,0,4,0,0,0,0,0,0,0,0,0,0,0,1,0,0,0,3,0,0,0
1962,1,1170,F,40.3911,Risk:LOW,0,0,24,0,0,0,0,0,0,0,43,0,0,0,13,0,0,0,23,0,0,0,30,0,0,0,37,0
1962,1,1171,M,38.9446,Risk:LOW,0,0,19,0,0,0,0,0,0,0,32,0,0,0,11,0,0,0,20,0,0,0,22,0,0,0,31,0
1962,1,1172,M,61.6717,Risk:LOW,0,0,24,0,0,0,0,0,0,0,50,0,0,0,12,0,0,0,21,0,0,0,28,0,0,0,38,0
1962,1,1173,F,28.0261,Risk:LOW,0,0,13,0,0,0,1,0,0,0,19,0,0,0,8,0,0,0,13,0,0,0,17,0,0,0,19,0
1962,1,1174,F,9.6578,Risk:HIGH,0,0,0,0,0,0,0,0,0,0,0,0,0,0,0,0,0,0,0,0,0,0,0,0,0,0,0,0
1962,1,1175,M,10.2244,Risk:LOW,0,0,0,0,0,0,0,0,0,0,0,0,0,0,0,0,0,0,0,0,0,0,0,0,0,0,0,0
1962,1,1176,F,40.5889,Risk:LOW,0,0,26,0,0,0,0,0,0,0,54,0,0,0,18,0,0,0,23,0,0,0,31,0,0,0,45,0
1962,1,1177,M,9.69315,Risk:LOW,0,0,0,0,0,0,0,0,0,0,0,0,0,0,0,0,0,0,0,0,0,0,0,0,0,0,0,0
1962,1,1178,F,31.5897,Risk:LOW,0,0,19,0,0,0,1,0,0,0,35,0,0,0,11,0,0,0,18,0,0,0,27,0,0,0,33,0
1962,1,1179,F,43.7218,Risk:LOW,0,0,29,0,0,0,0,0,0,0,60,0,0,0,15,0,0,0,28,0,0,0,41,0,0,0,52,0
1962,1,1180,M,51.6001,Risk:LOW,0,0,36,0,0,0,0,0,0,0,73,0,0,0,12,0,0,0,33,0,0,0,47,0,0,0,56,0
1962,1,1181,F,27.7763,Risk:LOW,0,0,22,0,0,0,1,0,0,0,34,0,0,0,16,0,0,0,22,0,0,0,28,0,0,0,33,0
1962,1,1182,F,2.24135,Risk:LOW,0,0,0,0,0,0,0,0,0,0,0,0,0,0,0,0,0,0,0,0,0,0,0,0,0,0,0,0
1962,1,1183,F,9.55641,Risk:LOW,0,0,0,0,0,0,0,0,0,0,0,0,0,0,0,0,0,0,0,0,0,0,0,0,0,0,0,0
1962,1,1184,M,31.3786,Risk:LOW,0,0,7,0,0,0,0,0,0,0,20,0,0,0,4,0,0,0,7,0,0,0,15,0,0,0,20,0
1962,1,1185,M,21.4099,Risk:LOW,0,0,2,0,0,0,0,0,0,0,4,0,0,0,2,0,0,0,2,0,0,0,4,0,0,0,4,0
1962,1,1186,F,4.59744,Risk:HIGH,0,0,0,0,0,0,0,0,0,0,0,0,0,0,0,0,0,0,0,0,0,0,0,0,0,0,0,0
1962,1,1187,M,1.90126,Risk:HIGH,0,0,0,0,0,0,0,0,0,0,0,0,0,0,0,0,0,0,0,0,0,0,0,0,0,0,0,0
1962,1,1188,M,38.0704,Risk:LOW,0,0,17,0,0,0,0,0,0,0,33,0,0,0,8,0,0,0,17,0,0,0,25,0,0,0,32,0
1962,1,1189,M,8.56366,Risk:LOW,0,0,0,0,0,0,0,0,0,0,0,0,0,0,0,0,0,0,0,0,0,0,0,0,0,0,0,0
1962,1,1190,F,37.1131,Risk:LOW,0,0,23,0,0,0,1,0,0,0,54,0,0,0,13,0,0,0,23,0,0,0,31,0,0,0,50,0
1962,1,1191,M,18.3703,Risk:LOW,0,0,1,0,0,0,0,0,0,0,2,0,0,0,1,0,0,0,1,0,0,0,2,0,0,0,2,0
1962,1,1192,M,4.29585,Risk:LOW,0,0,0,0,0,0,0,0,0,0,0,0,0,0,0,0,0,0,0,0,0,0,0,0,0,0,0,0
1962,1,1193,M,4.3381,Risk:LOW,0,0,0,0,0,0,0,0,0,0,0,0,0,0,0,0,0,0,0,0,0,0,0,0,0,0,0,0
1962,1,1194,M,24.6859,Risk:LOW,0,0,4,0,0,0,0,0,0,0,5,0,0,0,4,0,0,0,5,0,0,0,5,0,0,0,5,0
1962,1,1195,M,48.9374,Risk:HIGH,1,0,0,0,0,0,0,0,3,0,0,0,1,0,0,0,1,0,0,0,2,0,0,0,2,0,0,0
1962,1,1196,M,22.4346,Risk:LOW,0,0,2,0,0,0,0,0,0,0,3,0,0,0,1,0,0,0,2,0,0,0,3,0,0,0,3,0
1962,1,1197,M,19.5921,Risk:LOW,0,0,1,0,0,0,1,0,0,0,1,0,0,0,1,0,0,0,1,0,0,0,1,0,0,0,1,0
1962,1,1198,M,35.3957,Risk:LOW,0,0,19,0,0,0,0,0,0,0,30,0,0,0,9,0,0,0,19,0,0,0,25,0,0,0,30,0
1962,1,1199,M,9.43375,Risk:LOW,0,0,0,0,0,0,0,0,0,0,0,0,0,0,0,0,0,0,0,0,0,0,0,0,0,0,0,0
1962,1,1200,F,14.6773,Risk:LOW,0,0,0,0,0,0,0,0,0,0,0,0,0,0,0,0,0,0,0,0,0,0,0,0,0,0,0,0
1962,1,1201,M,17.4715,Risk:LOW,0,0,1,0,0,0,0,0,0,0,1,0,0,0,1,0,0,0,1,0,0,0,1,0,0,0,1,0
1962,1,1202,F,12.712,Risk:LOW,0,0,0,0,0,0,0,0,0,0,0,0,0,0,0,0,0,0,0,0,0,0,0,0,0,0,0,0
1962,1,1203,M,16.6223,Risk:LOW,0,0,0,0,0,0,0,0,0,0,0,0,0,0,0,0,0,0,0,0,0,0,0,0,0,0,0,0
1962,1,1204,M,15.4829,Risk:LOW,0,0,0,0,0,0,0,0,0,0,0,0,0,0,0,0,0,0,0,0,0,0,0,0,0,0,0,0
1962,1,1205,M,53.2292,Risk:LOW,0,0,26,0,0,0,0,0,0,0,63,0,0,0,12,0,0,0,24,0,0,0,39,0,0,0,58,0
1962,1,1206,M,39.4863,Risk:LOW,0,0,24,0,0,0,1,0,0,0,39,0,0,0,12,0,0,0,24,0,0,0,30,0,0,0,39,0
1962,1,1207,F,9.25299,Risk:LOW,0,0,0,0,0,0,0,0,0,0,0,0,0,0,0,0,0,0,0,0,0,0,0,0,0,0,0,0
1962,1,1208,M,8.15781,Risk:LOW,0,0,0,0,0,0,0,0,0,0,0,0,0,0,0,0,0,0,0,0,0,0,0,0,0,0,0,0
1962,1,1209,F,24.659,Risk:LOW,0,0,9,0,0,0,0,0,0,0,17,0,0,0,5,0,0,0,8,0,0,0,12,0,0,0,15,0
1962,1,1210,M,6.80247,Risk:LOW,0,0,0,0,0,0,0,0,0,0,0,0,0,0,0,0,0,0,0,0,0,0,0,0,0,0,0,0
1962,1,1211,M,26.1195,Risk:LOW,0,0,3,0,0,0,0,0,0,0,5,0,0,0,1,0,0,0,4,0,0,0,4,0,0,0,5,0
1962,1,1212,M,14.3076,Risk:LOW,0,0,0,0,0,0,0,0,0,0,0,0,0,0,0,0,0,0,0,0,0,0,0,0,0,0,0,0
1962,1,1213,F,26.9097,Risk:LOW,0,0,12,0,0,0,1,0,0,0,21,0,0,0,7,0,0,0,12,0,0,0,14,0,0,0,21,0
1962,1,1214,M,60.7089,Risk:LOW,0,0,21,0,0,0,0,0,0,0,49,0,0,0,12,0,0,0,18,0,0,0,33,0,0,0,41,0
1962,1,1215,F,12.6977,Risk:LOW,0,0,0,0,0,0,0,0,0,0,0,0,0,0,0,0,0,0,0,0,0,0,0,0,0,0,0,0
1962,1,1216,M,28.0698,Risk:LOW,0,0,6,0,0,0,0,0,0,0,12,0,0,0,1,0,0,0,6,0,0,0,7,0,0,0,12,0
1962,1,1217,M,15.9064,Risk:LOW,0,0,0,0,0,0,0,0,0,0,0,0,0,0,0,0,0,0,0,0,0,0,0,0,0,0,0,0
1962,1,1218,F,12.8167,Risk:LOW,0,0,0,0,0,0,0,0,0,0,0,0,0,0,0,0,0,0,0,0,0,0,0,0,0,0,0,0
1962,1,1219,M,5.61811,Risk:LOW,0,0,0,0,0,0,0,0,0,0,0,0,0,0,0,0,0,0,0,0,0,0,0,0,0,0,0,0
1962,1,1220,F,10.2183,Risk:LOW,0,0,0,0,0,0,0,0,0,0,0,0,0,0,0,0,0,0,0,0,0,0,0,0,0,0,0,0
1962,1,1221,F,24.816,Risk:LOW,0,0,6,0,0,0,0,0,0,0,7,0,0,0,5,0,0,0,6,0,0,0,7,0,0,0,7,0
1962,1,1222,F,23.372,Risk:LOW,0,0,11,0,0,0,0,0,0,0,15,0,0,0,3,0,0,0,10,0,0,0,11,0,0,0,13,0
1962,1,1223,M,4.64664,Risk:LOW,0,0,0,0,0,0,0,0,0,0,0,0,0,0,0,0,0,0,0,0,0,0,0,0,0,0,0,0
1962,1,1224,M,8.6336,Risk:LOW,0,0,0,0,0,0,0,0,0,0,0,0,0,0,0,0,0,0,0,0,0,0,0,0,0,0,0,0
1962,1,1225,F,5.68668,Risk:LOW,0,0,0,0,0,0,0,0,0,0,0,0,0,0,0,0,0,0,0,0,0,0,0,0,0,0,0,0
1962,1,1226,M,43.0107,Risk:LOW,0,0,24,0,0,0,1,0,0,0,48,0,0,0,18,0,0,0,24,0,0,0,31,0,0,0,43,0
1962,1,1227,F,52.6074,Risk:LOW,0,0,12,0,0,0,0,0,0,0,21,0,0,0,6,0,0,0,11,0,0,0,16,0,0,0,20,0
1962,1,1228,F,20.9219,Risk:LOW,0,0,4,0,0,0,0,0,0,0,6,0,0,0,1,0,0,0,4,0,0,0,5,0,0,0,6,0
1962,1,1229,M,18.379,Risk:HIGH,6,0,0,0,0,0,0,0,14,0,0,0,1,0,0,0,2,0,0,0,3,0,0,0,3,0,0,0
1962,1,1230,M,11.4584,Risk:LOW,0,0,0,0,0,0,0,0,0,0,0,0,0,0,0,0,0,0,0,0,0,0,0,0,0,0,0,0
1962,1,1231,F,14.77,Risk:LOW,0,0,0,0,0,0,0,0,0,0,0,0,0,0,0,0,0,0,0,0,0,0,0,0,0,0,0,0
1962,1,1232,F,47.5873,Risk:LOW,0,0,58,0,0,0,0,0,0,0,109,0,0,0,27,0,0,0,45,0,0,0,57,0,0,0,75,0
1962,1,1233,F,9.80493,Risk:LOW,0,0,0,0,0,0,0,0,0,0,0,0,0,0,0,0,0,0,0,0,0,0,0,0,0,0,0,0
1962,1,1234,F,37.9749,Risk:LOW,0,0,22,0,0,0,0,0,0,0,51,0,0,0,11,0,0,0,22,0,0,0,35,0,0,0,44,0
1962,1,1235,M,7.07593,Risk:LOW,0,0,0,0,0,0,0,0,0,0,0,0,0,0,0,0,0,0,0,0,0,0,0,0,0,0,0,0
1962,1,1236,M,31.718,Risk:LOW,0,0,11,0,0,0,0,0,0,0,16,0,0,0,4,0,0,0,11,0,0,0,12,0,0,0,17,0
1962,1,1237,M,48.9421,Risk:LOW,0,0,52,0,0,0,1,0,0,0,91,0,0,0,29,0,0,0,47,0,0,0,64,0,0,0,77,0
1962,1,1238,F,60.6741,Risk:LOW,0,0,17,0,0,0,1,0,0,0,34,0,0,0,10,0,0,0,16,0,0,0,21,0,0,0,25,0
1962,1,1239,M,70.0074,Risk:LOW,0,0,7,0,0,0,0,0,0,0,8,0,0,0,4,0,0,0,7,0,0,0,7,0,0,0,8,0
1962,1,1240,M,15.1277,Risk:LOW,0,0,0,0,0,0,0,0,0,0,0,0,0,0,0,0,0,0,0,0,0,0,0,0,0,0,0,0
1962,1,1241,F,4.47092,Risk:LOW,0,0,0,0,0,0,0,0,0,0,0,0,0,0,0,0,0,0,0,0,0,0,0,0,0,0,0,0
1962,1,1242,M,50.3347,Risk:LOW,0,0,44,0,0,0,1,0,0,0,77,0,0,0,24,0,0,0,41,0,0,0,52,0,0,0,63,0
1962,1,1243,F,50.5545,Risk:LOW,0,0,18,0,0,0,0,0,0,0,44,0,0,0,13,0,0,0,18,0,0,0,25,0,0,0,40,0
1962,1,1244,M,2.79585,Risk:LOW,0,0,0,0,0,0,0,0,0,0,0,0,0,0,0,0,0,0,0,0,0,0,0,0,0,0,0,0
1962,1,1245,F,9.70038,Risk:LOW,0,0,0,0,0,0,0,0,0,0,0,0,0,0,0,0,0,0,0,0,0,0,0,0,0,0,0,0
1962,1,1246,F,8.39424,Risk:LOW,0,0,0,0,0,0,0,0,0,0,0,0,0,0,0,0,0,0,0,0,0,0,0,0,0,0,0,0
1962,1,1247,F,8.54679,Risk:LOW,0,0,0,0,0,0,0,0,0,0,0,0,0,0,0,0,0,0,0,0,0,0,0,0,0,0,0,0
1962,1,1248,F,60.2559,Risk:LOW,0,0,24,0,0,0,1,0,0,0,42,0,0,0,11,0,0,0,17,0,0,0,24,0,0,0,31,0
1962,1,1249,M,5.59933,Risk:LOW,0,0,0,0,0,0,0,0,0,0,0,0,0,0,0,0,0,0,0,0,0,0,0,0,0,0,0,0
1962,1,1250,F,44.5334,Risk:LOW,0,0,22,0,0,0,0,0,0,0,53,0,0,0,13,0,0,0,22,0,0,0,35,0,0,0,45,0
1962,1,1251,F,4.20288,Risk:LOW,0,0,0,0,0,0,0,0,0,0,0,0,0,0,0,0,0,0,0,0,0,0,0,0,0,0,0,0
1962,1,1252,M,7.98185,Risk:LOW,0,0,0,0,0,0,0,0,0,0,0,0,0,0,0,0,0,0,0,0,0,0,0,0,0,0,0,0
1962,1,1253,F,47.8007,Risk:LOW,0,0,37,0,0,0,0,0,0,0,83,0,0,0,13,0,0,0,36,0,0,0,54,0,0,0,71,0
1962,1,1254,F,16.6371,Risk:LOW,0,0,6,0,0,0,0,0,0,0,8,0,0,0,6,0,0,0,6,0,0,0,6,0,0,0,7,0
1962,1,1255,F,3.60131,Risk:LOW,0,0,0,0,0,0,0,0,0,0,0,0,0,0,0,0,0,0,0,0,0,0,0,0,0,0,0,0
1962,1,1256,M,56.1427,Risk:LOW,0,0,44,0,0,0,1,0,0,0,77,0,0,0,20,0,0,0,43,0,0,0,56,0,0,0,65,0
1962,1,1257,F,52.9897,Risk:LOW,0,0,15,0,0,0,0,0,0,0,28,0,0,0,7,0,0,0,16,0,0,0,18,0,0,0,26,0
1962,1,1258,M,3.1689,Risk:LOW,0,0,0,0,0,0,0,0,0,0,0,0,0,0,0,0,0,0,0,0,0,0,0,0,0,0,0,0
1962,1,1259,M,84.3926,Risk:LOW,0,0,5,0,0,0,0,0,0,0,12,0,0,0,2,0,0,0,5,0,0,0,10,0,0,0,12,0
1962,1,1260,F,4.10826,Risk:LOW,0,0,0,0,0,0,0,0,0,0,0,0,0,0,0,0,0,0,0,0,0,0,0,0,0,0,0,0
1962,1,1261,M,6.39018,Risk:LOW,0,0,0,0,0,0,0,0,0,0,0,0,0,0,0,0,0,0,0,0,0,0,0,0,0,0,0,0
1962,1,1262,F,58.6505,Risk:LOW,0,0,14,0,0,0,0,0,0,0,33,0,0,0,8,0,0,0,14,0,0,0,20,0,0,0,28,0
1962,1,1263,M,47.9675,Risk:LOW,0,0,39,0,0,0,1,0,0,0,80,0,0,0,21,0,0,0,31,0,0,0,46,0,0,0,61,0
1962,1,1264,M,44.9439,Risk:LOW,0,0,21,0,0,0,0,0,0,0,43,0,0,0,12,0,0,0,21,0,0,0,33,0,0,0,43,0
1962,1,1265,F,5.31831,Risk:LOW,0,0,0,0,0,0,0,0,0,0,0,0,0,0,0,0,0,0,0,0,0,0,0,0,0,0,0,0
1962,1,1266,M,46.5511,Risk:LOW,0,0,39,0,0,0,0,0,0,0,82,0,0,0,18,0,0,0,35,0,0,0,51,0,0,0,63,0
1962,1,1267,M,19.5099,Risk:LOW,0,0,0,0,0,0,0,0,0,0,1,0,0,0,0,0,0,0,0,0,0,0,0,0,0,0,1,0
1962,1,1268,M,12.2057,Risk:LOW,0,0,0,0,0,0,0,0,0,0,0,0,0,0,0,0,0,0,0,0,0,0,0,0,0,0,0,0
1962,1,1269,M,78.7129,Risk:LOW,0,0,4,0,0,0,0,0,0,0,9,0,0,0,0,0,0,0,4,0,0,0,6,0,0,0,8,0
1962,1,1270,F,35.0792,Risk:HIGH,12,0,0,0,0,0,0,0,23,0,0,0,5,0,0,0,8,0,0,0,8,0,0,0,9,0,0,0
1962,1,1271,M,27.873,Risk:LOW,0,0,6,0,0,0,0,0,0,0,12,0,0,0,5,0,0,0,6,0,0,0,10,0,0,0,12,0
1962,1,1272,M,9.46364,Risk:LOW,0,0,0,0,0,0,0,0,0,0,0,0,0,0,0,0,0,0,0,0,0,0,0,0,0,0,0,0
1962,1,1273,F,4.23083,Risk:LOW,0,0,0,0,0,0,0,0,0,0,0,0,0,0,0,0,0,0,0,0,0,0,0,0,0,0,0,0
1962,1,1274,M,8.75626,Risk:LOW,0,0,0,0,0,0,0,0,0,0,0,0,0,0,0,0,0,0,0,0,0,0,0,0,0,0,0,0
1962,1,1275,F,36.8964,Risk:LOW,0,0,41,0,0,0,1,0,0,0,69,0,0,0,19,0,0,0,38,0,0,0,49,0,0,0,62,0
1962,1,1276,M,9.98741,Risk:LOW,0,0,0,0,0,0,0,0,0,0,0,0,0,0,0,0,0,0,0,0,0,0,0,0,0,0,0,0
1962,1,1277,F,4.27735,Risk:LOW,0,0,0,0,0,0,0,0,0,0,0,0,0,0,0,0,0,0,0,0,0,0,0,0,0,0,0,0
1962,1,1278,F,6.74582,Risk:HIGH,0,0,0,0,0,0,0,0,0,0,0,0,0,0,0,0,0,0,0,0,0,0,0,0,0,0,0,0
1962,1,1279,F,49.3081,Risk:LOW,0,0,26,0,0,0,0,0,0,0,48,0,0,0,15,0,0,0,25,0,0,0,31,0,0,0,41,0
1962,1,1280,F,38.8449,Risk:LOW,0,0,34,0,0,0,1,0,0,0,61,0,0,0,19,0,0,0,28,0,0,0,41,0,0,0,50,0
1962,1,1281,F,27.0508,Risk:LOW,0,0,9,0,0,0,0,0,0,0,18,0,0,0,5,0,0,0,9,0,0,0,13,0,0,0,18,0
1962,1,1282,F,35.211,Risk:LOW,0,0,26,0,0,0,0,0,0,0,50,0,0,0,15,0,0,0,27,0,0,0,37,0,0,0,48,0
1962,1,1283,F,10.2789,Risk:LOW,0,0,0,0,0,0,0,0,0,0,0,0,0,0,0,0,0,0,0,0,0,0,0,0,0,0,0,0
1962,1,1284,F,4.19889,Risk:LOW,0,0,0,0,0,0,0,0,0,0,0,0,0,0,0,0,0,0,0,0,0,0,0,0,0,0,0,0
1962,1,1285,F,4.8165,Risk:LOW,0,0,0,0,0,0,0,0,0,0,0,0,0,0,0,0,0,0,0,0,0,0,0,0,0,0,0,0
1962,1,1286,F,10.1015,Risk:LOW,0,0,0,0,0,0,0,0,0,0,0,0,0,0,0,0,0,0,0,0,0,0,0,0,0,0,0,0
1962,1,1287,F,7.6009,Risk:LOW,0,0,0,0,0,0,0,0,0,0,0,0,0,0,0,0,0,0,0,0,0,0,0,0,0,0,0,0
1962,1,1288,F,31.2184,Risk:LOW,0,0,28,0,0,0,1,0,0,0,43,0,0,0,13,0,0,0,26,0,0,0,33,0,0,0,40,0
1962,1,1289,M,15.0646,Risk:LOW,0,0,0,0,0,0,0,0,0,0,0,0,0,0,0,0,0,0,0,0,0,0,0,0,0,0,0,0
1962,1,1290,F,28.3469,Risk:LOW,0,0,12,0,0,0,0,0,0,0,26,0,0,0,7,0,0,0,13,0,0,0,20,0,0,0,24,0
1962,1,1291,M,15.7845,Risk:LOW,0,0,0,0,0,0,0,0,0,0,0,0,0,0,0,0,0,0,0,0,0,0,0,0,0,0,0,0
1962,1,1292,F,34.7723,Risk:LOW,0,0,22,0,0,0,1,0,0,0,44,0,0,0,12,0,0,0,22,0,0,0,33,0,0,0,42,0
1962,1,1293,F,23.1188,Risk:LOW,0,0,2,0,0,0,0,0,0,0,10,0,0,0,0,0,0,0,2,0,0,0,4,0,0,0,10,0
1962,1,1294,M,52.4902,Risk:LOW,0,0,36,0,0,0,0,0,0,0,64,0,0,0,17,0,0,0,33,0,0,0,43,0,0,0,53,0
1962,1,1295,F,8.15007,Risk:LOW,0,0,0,0,0,0,0,0,0,0,0,0,0,0,0,0,0,0,0,0,0,0,0,0,0,0,0,0
1962,1,1296,F,40.9756,Risk:LOW,0,0,23,0,0,0,0,0,0,0,54,0,0,0,10,0,0,0,22,0,0,0,35,0,0,0,47,0
1962,1,1297,F,32.6916,Risk:LOW,0,0,23,0,0,0,1,0,0,0,37,0,0,0,14,0,0,0,23,0,0,0,27,0,0,0,36,0
1962,1,1298,M,13.3272,Risk:LOW,0,0,0,0,0,0,0,0,0,0,0,0,0,0,0,0,0,0,0,0,0,0,0,0,0,0,0,0
1962,1,1299,M,31.0743,Risk:LOW,0,0,11,0,0,0,0,0,0,0,17,0,0,0,3,0,0,0,10,0,0,0,13,0,0,0,15,0
1962,1,1300,M,18.3344,Risk:LOW,0,0,2,0,0,0,0,0,0,0,2,0,0,0,1,0,0,0,2,0,0,0,2,0,0,0,3,0
1962,1,1301,F,6.02896,Risk:LOW,0,0,0,0,0,0,0,0,0,0,0,0,0,0,0,0,0,0,0,0,0,0,0,0,0,0,0,0
1962,1,1302,M,38.6345,Risk:LOW,0,0,16,0,0,0,0,0,0,0,35,0,0,0,6,0,0,0,16,0,0,0,24,0,0,0,31,0
1962,1,1303,F,74.7409,Risk:LOW,0,0,3,0,0,0,0,0,0,0,5,0,0,0,1,0,0,0,3,0,0,0,3,0,0,0,5,0
1962,1,1304,M,2.1996,Risk:LOW,0,0,0,0,0,0,0,0,0,0,0,0,0,0,0,0,0,0,0,0,0,0,0,0,0,0,0,0
1962,1,1305,M,3.15469,Risk:LOW,0,0,0,0,0,0,0,0,0,0,0,0,0,0,0,0,0,0,0,0,0,0,0,0,0,0,0,0
1962,1,1306,F,2.68354,Risk:LOW,0,0,0,0,0,0,0,0,0,0,0,0,0,0,0,0,0,0,0,0,0,0,0,0,0,0,0,0
1962,1,1307,F,56.1327,Risk:LOW,0,0,15,0,0,0,0,0,0,0,31,0,0,0,7,0,0,0,13,0,0,0,22,0,0,0,30,0
1962,1,1308,F,6.20805,Risk:LOW,0,0,0,0,0,0,0,0,0,0,0,0,0,0,0,0,0,0,0,0,0,0,0,0,0,0,0,0
1962,1,1309,F,25.433,Risk:LOW,0,0,5,0,0,0,0,0,0,0,9,0,0,0,2,0,0,0,5,0,0,0,7,0,0,0,9,0
1962,1,1310,F,43.859,Risk:LOW,0,0,17,0,0,0,1,0,0,0,36,0,0,0,8,0,0,0,16,0,0,0,23,0,0,0,31,0
1962,1,1311,F,26.3406,Risk:LOW,0,0,12,0,0,0,0,0,0,0,19,0,0,0,5,0,0,0,12,0,0,0,16,0,0,0,18,0
1962,1,1312,F,14.4542,Risk:LOW,0,0,0,0,0,0,0,0,0,0,0,0,0,0,0,0,0,0,0,0,0,0,0,0,0,0,0,0
1962,1,1313,M,4.98187,Risk:LOW,0,0,0,0,0,0,0,0,0,0,0,0,0,0,0,0,0,0,0,0,0,0,0,0,0,0,0,0
1962,1,1314,F,17.3212,Risk:LOW,0,0,4,0,0,0,0,0,0,0,6,0,0,0,1,0,0,0,4,0,0,0,4,0,0,0,6,0
1962,1,1315,F,12.829,Risk:LOW,0,0,0,0,0,0,0,0,0,0,0,0,0,0,0,0,0,0,0,0,0,0,0,0,0,0,0,0
1962,1,1316,M,19.7697,Risk:LOW,0,0,1,0,0,0,0,0,0,0,1,0,0,0,1,0,0,0,1,0,0,0,1,0,0,0,1,0
1962,1,1317,M,7.35422,Risk:LOW,0,0,0,0,0,0,0,0,0,0,0,0,0,0,0,0,0,0,0,0,0,0,0,0,0,0,0,0
1962,1,1318,M,41.4172,Risk:LOW,0,0,35,0,0,0,0,0,0,0,59,0,0,0,15,0,0,0,33,0,0,0,43,0,0,0,53,0
1962,1,1319,M,47.217,Risk:LOW,0,0,27,0,0,0,0,0,0,0,82,0,0,0,15,0,0,0,27,0,0,0,50,0,0,0,72,0
1962,1,1320,M,12.9416,Risk:LOW,0,0,0,0,0,0,0,0,0,0,0,0,0,0,0,0,0,0,0,0,0,0,0,0,0,0,0,0
1962,1,1321,F,19.2052,Risk:LOW,0,0,1,0,0,0,0,0,0,0,3,0,0,0,0,0,0,0,1,0,0,0,3,0,0,0,3,0
1962,1,1322,M,20.3218,Risk:LOW,0,0,0,0,0,0,0,0,0,0,0,0,0,0,0,0,0,0,0,0,0,0,0,0,0,0,0,0
1962,1,1323,M,39.2702,Risk:LOW,0,0,14,0,0,0,0,0,0,0,36,0,0,0,6,0,0,0,15,0,0,0,23,0,0,0,36,0
1962,1,1324,F,13.7588,Risk:LOW,0,0,0,0,0,0,0,0,0,0,0,0,0,0,0,0,0,0,0,0,0,0,0,0,0,0,0,0
1962,1,1325,F,5.2959,Risk:LOW,0,0,0,0,0,0,0,0,0,0,0,0,0,0,0,0,0,0,0,0,0,0,0,0,0,0,0,0
1962,1,1326,F,12.6369,Risk:LOW,0,0,0,0,0,0,0,0,0,0,0,0,0,0,0,0,0,0,0,0,0,0,0,0,0,0,0,0
1962,1,1327,F,17.6356,Risk:LOW,0,0,3,0,0,0,0,0,0,0,6,0,0,0,1,0,0,0,3,0,0,0,5,0,0,0,6,0
1962,1,1328,F,3.7053,Risk:LOW,0,0,0,0,0,0,0,0,0,0,0,0,0,0,0,0,0,0,0,0,0,0,0,0,0,0,0,0
1962,1,1329,F,43.5815,Risk:LOW,0,0,22,0,0,0,1,0,0,0,38,0,0,0,12,0,0,0,21,0,0,0,27,0,0,0,36,0
1962,1,1330,F,48.1154,Risk:LOW,0,0,24,0,0,0,0,0,0,0,61,0,0,0,12,0,0,0,21,0,0,0,35,0,0,0,46,0
1962,1,1331,M,4.30048,Risk:LOW,0,0,0,0,0,0,0,0,0,0,0,0,0,0,0,0,0,0,0,0,0,0,0,0,0,0,0,0
1962,1,1332,F,6.63797,Risk:LOW,0,0,0,0,0,0,0,0,0,0,0,0,0,0,0,0,0,0,0,0,0,0,0,0,0,0,0,0
1962,1,1333,F,10.1195,Risk:LOW,0,0,0,0,0,0,0,0,0,0,0,0,0,0,0,0,0,0,0,0,0,0,0,0,0,0,0,0
1962,1,1334,F,4.1524,Risk:LOW,0,0,0,0,0,0,0,0,0,0,0,0,0,0,0,0,0,0,0,0,0,0,0,0,0,0,0,0
1962,1,1335,F,18.2803,Risk:LOW,0,0,2,0,0,0,0,0,0,0,4,0,0,0,1,0,0,0,2,0,0,0,3,0,0,0,4,0
1962,1,1336,F,11.5906,Risk:LOW,0,0,0,0,0,0,0,0,0,0,0,0,0,0,0,0,0,0,0,0,0,0,0,0,0,0,0,0
1962,1,1337,M,7.28403,Risk:LOW,0,0,0,0,0,0,0,0,0,0,0,0,0,0,0,0,0,0,0,0,0,0,0,0,0,0,0,0
1962,1,1338,F,48.6875,Risk:LOW,0,0,24,0,0,0,1,0,0,0,52,0,0,0,13,0,0,0,24,0,0,0,36,0,0,0,43,0
1962,1,1339,M,10.1643,Risk:LOW,0,0,0,0,0,0,0,0,0,0,0,0,0,0,0,0,0,0,0,0,0,0,0,0,0,0,0,0
1962,1,1340,F,8.5753,Risk:LOW,0,0,0,0,0,0,0,0,0,0,0,0,0,0,0,0,0,0,0,0,0,0,0,0,0,0,0,0
1962,1,1341,F,25.6928,Risk:LOW,0,0,8,0,0,0,0,0,0,0,13,0,0,0,4,0,0,0,9,0,0,0,11,0,0,0,13,0
1962,1,1342,M,2.96689,Risk:LOW,0,0,0,0,0,0,0,0,0,0,0,0,0,0,0,0,0,0,0,0,0,0,0,0,0,0,0,0
1962,1,1343,F,4.07419,Risk:LOW,0,0,0,0,0,0,0,0,0,0,0,0,0,0,0,0,0,0,0,0,0,0,0,0,0,0,0,0
1962,1,1344,M,30.6677,Risk:LOW,0,0,8,0,0,0,0,0,0,0,14,0,0,0,5,0,0,0,8,0,0,0,10,0,0,0,14,0
1962,1,1345,M,18.6822,Risk:HIGH,5,0,0,0,0,0,0,0,16,0,0,0,2,0,0,0,2,0,0,0,2,0,0,0,2,0,0,0
1962,1,1346,M,55.2859,Risk:LOW,0,0,34,0,0,0,0,0,0,0,69,0,0,0,18,0,0,0,32,0,0,0,45,0,0,0,57,0
1962,1,1347,M,18.9203,Risk:LOW,0,0,0,0,0,0,0,0,0,0,1,0,0,0,0,0,0,0,0,0,0,0,0,0,0,0,1,0
1962,1,1348,F,5.83397,Risk:LOW,0,0,0,0,0,0,0,0,0,0,0,0,0,0,0,0,0,0,0,0,0,0,0,0,0,0,0,0
1962,1,1349,F,5.48651,Risk:LOW,0,0,0,0,0,0,0,0,0,0,0,0,0,0,0,0,0,0,0,0,0,0,0,0,0,0,0,0
1962,1,1350,F,34.1322,Risk:LOW,0,0,26,0,0,0,1,0,0,0,55,0,0,0,13,0,0,0,23,0,0,0,40,0,0,0,48,0
1962,1,1351,F,24.1105,Risk:LOW,0,0,11,0,0,0,1,0,0,0,22,0,0,0,5,0,0,0,11,0,0,0,18,0,0,0,22,0
1962,1,1352,F,28.9511,Risk:LOW,0,0,16,0,0,0,0,0,0,0,24,0,0,0,9,0,0,0,15,0,0,0,19,0,0,0,22,0
1962,1,1353,M,31.0465,Risk:LOW,0,0,10,0,0,0,0,0,0,0,13,0,0,0,5,0,0,0,10,0,0,0,12,0,0,0,13,0
1962,1,1354,M,8.24148,Risk:LOW,0,0,0,0,0,0,0,0,0,0,0,0,0,0,0,0,0,0,0,0,0,0,0,0,0,0,0,0
1962,1,1355,M,30.0709,Risk:LOW,0,0,3,0,0,0,0,0,0,0,9,0,0,0,2,0,0,0,3,0,0,0,6,0,0,0,9,0
1962,1,1356,M,14.786,Risk:LOW,0,0,0,0,0,0,0,0,0,0,0,0,0,0,0,0,0,0,0,0,0,0,0,0,0,0,0,0
1962,1,1357,F,29.9447,Risk:LOW,0,0,16,0,0,0,0,0,0,0,31,0,0,0,6,0,0,0,14,0,0,0,17,0,0,0,24,0
1962,1,1358,M,7.2998,Risk:LOW,0,0,0,0,0,0,0,0,0,0,0,0,0,0,0,0,0,0,0,0,0,0,0,0,0,0,0,0
1962,1,1359,M,24.6491,Risk:HIGH,10,0,0,0,0,0,0,0,21,0,0,0,3,0,0,0,3,0,0,0,4,0,0,0,5,0,0,0
1962,1,1360,F,2.1511,Risk:LOW,0,0,0,0,0,0,0,0,0,0,0,0,0,0,0,0,0,0,0,0,0,0,0,0,0,0,0,0
1962,1,1361,M,37.9678,Risk:LOW,0,0,19,0,0,0,0,0,0,0,35,0,0,0,11,0,0,0,20,0,0,0,27,0,0,0,34,0
1962,1,1362,F,61.4511,Risk:LOW,0,0,18,0,0,0,0,0,0,0,36,0,0,0,10,0,0,0,18,0,0,0,22,0,0,0,26,0
1962,1,1363,F,18.3363,Risk:LOW,0,0,5,0,0,0,0,0,0,0,5,0,0,0,3,0,0,0,5,0,0,0,5,0,0,0,5,0
1962,1,1364,F,12.3057,Risk:LOW,0,0,0,0,0,0,0,0,0,0,0,0,0,0,0,0,0,0,0,0,0,0,0,0,0,0,0,0
1962,1,1365,F,48.5979,Risk:LOW,0,0,18,0,0,0,1,0,0,0,43,0,0,0,5,0,0,0,18,0,0,0,24,0,0,0,35,0
1962,1,1366,F,34.423,Risk:LOW,0,0,18,0,0,0,0,0,0,0,37,0,0,0,11,0,0,0,17,0,0,0,26,0,0,0,34,0
1962,1,1367,F,55.6627,Risk:LOW,0,0,23,0,0,0,0,0,0,0,38,0,0,0,10,0,0,0,23,0,0,0,30,0,0,0,31,0
1962,1,1368,M,17.1642,Risk:LOW,0,0,0,0,0,0,0,0,0,0,0,0,0,0,0,0,0,0,0,0,0,0,0,0,0,0,0,0
1962,1,1369,F,59.7427,Risk:LOW,0,0,16,0,0,0,0,0,0,0,24,0,0,0,9,0,0,0,13,0,0,0,16,0,0,0,18,0
1962,1,1370,M,19.2185,Risk:HIGH,8,0,0,0,0,0,0,0,16,0,0,0,3,0,0,0,3,0,0,0,3,0,0,0,3,0,0,0
1962,1,1371,F,5.20444,Risk:LOW,0,0,0,0,0,0,0,0,0,0,0,0,0,0,0,0,0,0,0,0,0,0,0,0,0,0,0,0
1962,1,1372,M,17.4569,Risk:LOW,0,0,0,0,0,0,0,0,0,0,0,0,0,0,0,0,0,0,0,0,0,0,0,0,0,0,0,0
1962,1,1373,F,45.0856,Risk:LOW,0,0,20,0,0,0,0,0,0,0,44,0,0,0,11,0,0,0,18,0,0,0,31,0,0,0,38,0
1962,1,1374,F,73.7153,Risk:LOW,0,0,0,0,0,0,0,0,0,0,3,0,0,0,0,0,0,0,0,0,0,0,1,0,0,0,3,0
1962,1,1375,M,7.77963,Risk:LOW,0,0,0,0,0,0,0,0,0,0,0,0,0,0,0,0,0,0,0,0,0,0,0,0,0,0,0,0
1962,1,1376,F,22.6417,Risk:LOW,0,0,10,0,0,0,0,0,0,0,13,0,0,0,4,0,0,0,10,0,0,0,12,0,0,0,13,0
1962,1,1377,M,42.6209,Risk:LOW,0,0,23,0,0,0,0,0,0,0,46,0,0,0,11,0,0,0,24,0,0,0,34,0,0,0,44,0
1962,1,1378,M,37.6373,Risk:LOW,0,0,18,0,0,0,1,0,0,0,34,0,0,0,12,0,0,0,17,0,0,0,28,0,0,0,32,0
1962,1,1379,F,2.1471,Risk:LOW,0,0,0,0,0,0,0,0,0,0,0,0,0,0,0,0,0,0,0,0,0,0,0,0,0,0,0,0
1962,1,1380,F,44.2766,Risk:LOW,0,0,24,0,0,0,1,0,0,0,51,0,0,0,11,0,0,0,25,0,0,0,37,0,0,0,47,0
1962,1,1381,M,32.3761,Risk:LOW,0,0,9,0,0,0,0,0,0,0,18,0,0,0,5,0,0,0,8,0,0,0,14,0,0,0,18,0
1962,1,1382,M,38.8015,Risk:LOW,0,0,15,0,0,0,0,0,0,0,37,0,0,0,10,0,0,0,15,0,0,0,22,0,0,0,36,0
1962,1,1383,M,11.4371,Risk:LOW,0,0,0,0,0,0,0,0,0,0,0,0,0,0,0,0,0,0,0,0,0,0,0,0,0,0,0,0
1962,1,1384,M,25.0943,Risk:LOW,0,0,2,0,0,0,0,0,0,0,6,0,0,0,1,0,0,0,2,0,0,0,4,0,0,0,6,0
1962,1,1385,M,49.4568,Risk:LOW,0,0,33,0,0,0,1,0,0,0,65,0,0,0,23,0,0,0,30,0,0,0,42,0,0,0,56,0
1962,1,1386,F,14.9246,Risk:LOW,0,0,0,0,0,0,0,0,0,0,0,0,0,0,0,0,0,0,0,0,0,0,0,0,0,0,0,0
1962,1,1387,M,1.57466,Risk:LOW,0,0,0,0,0,0,0,0,0,0,0,0,0,0,0,0,0,0,0,0,0,0,0,0,0,0,0,0
1962,1,1388,F,58.5489,Risk:LOW,0,0,14,0,0,0,0,0,0,0,25,0,0,0,8,0,0,0,14,0,0,0,19,0,0,0,24,0
1962,1,1389,M,18.3074,Risk:LOW,0,0,1,0,0,0,0,0,0,0,2,0,0,0,0,0,0,0,1,0,0,0,1,0,0,0,2,0
1962,1,1390,F,17.5295,Risk:LOW,0,0,0,0,0,0,0,0,0,0,0,0,0,0,0,0,0,0,0,0,0,0,0,0,0,0,0,0
1962,1,1391,F,1.8766,Risk:LOW,0,0,0,0,0,0,0,0,0,0,0,0,0,0,0,0,0,0,0,0,0,0,0,0,0,0,0,0
1962,1,1392,F,21.3416,Risk:LOW,0,0,6,0,0,0,0,0,0,0,9,0,0,0,4,0,0,0,6,0,0,0,9,0,0,0,9,0
1962,1,1393,F,62.7245,Risk:LOW,0,0,13,0,0,0,1,0,0,0,30,0,0,0,5,0,0,0,13,0,0,0,18,0,0,0,24,0
1962,1,1394,M,8.67353,Risk:LOW,0,0,0,0,0,0,0,0,0,0,0,0,0,0,0,0,0,0,0,0,0,0,0,0,0,0,0,0
1962,1,1395,M,5.55205,Risk:LOW,0,0,0,0,0,0,0,0,0,0,0,0,0,0,0,0,0,0,0,0,0,0,0,0,0,0,0,0
1962,1,1396,F,34.9006,Risk:LOW,0,0,18,0,0,0,0,0,0,0,42,0,0,0,10,0,0,0,19,0,0,0,29,0,0,0,39,0
1962,1,1397,F,20.2563,Risk:LOW,0,0,3,0,0,0,0,0,0,0,7,0,0,0,2,0,0,0,4,0,0,0,7,0,0,0,7,0
1962,1,1398,M,26.6972,Risk:LOW,0,0,3,0,0,0,0,0,0,0,7,0,0,0,2,0,0,0,3,0,0,0,6,0,0,0,7,0
1962,1,1399,M,17.8187,Risk:LOW,0,0,0,0,0,0,0,0,0,0,2,0,0,0,0,0,0,0,0,0,0,0,2,0,0,0,2,0
1962,1,1400,M,13.7221,Risk:LOW,0,0,0,0,0,0,0,0,0,0,0,0,0,0,0,0,0,0,0,0,0,0,0,0,0,0,0,0
1962,1,1401,M,44.7835,Risk:LOW,0,0,24,0,0,0,0,0,0,0,45,0,0,0,13,0,0,0,20,0,0,0,27,0,0,0,40,0
1962,1,1402,F,8.22604,Risk:HIGH,0,0,0,0,0,0,0,0,0,0,0,0,0,0,0,0,0,0,0,0,0,0,0,0,0,0,0,0
1962,1,1403,M,22.4739,Risk:LOW,0,0,0,0,0,0,0,0,0,0,1,0,0,0,0,0,0,0,0,0,0,0,1,0,0,0,1,0
1962,1,1404,M,39.6469,Risk:LOW,0,0,15,0,0,0,0,0,0,0,31,0,0,0,5,0,0,0,15,0,0,0,25,0,0,0,30,0
1962,1,1405,F,9.48581,Risk:HIGH,0,0,0,0,0,0,0,0,0,0,0,0,0,0,0,0,0,0,0,0,0,0,0,0,0,0,0,0
1962,1,1406,M,24.5015,Risk:LOW,0,0,3,0,0,0,0,0,0,0,6,0,0,0,1,0,0,0,3,0,0,0,4,0,0,0,6,0
1962,1,1407,F,17.9605,Risk:LOW,0,0,3,0,0,0,0,0,0,0,7,0,0,0,0,0,0,0,3,0,0,0,4,0,0,0,7,0
1962,1,1408,F,27.0251,Risk:LOW,0,0,10,0,0,0,0,0,0,0,18,0,0,0,8,0,0,0,9,0,0,0,12,0,0,0,17,0
1962,1,1409,M,32.8347,Risk:LOW,0,0,8,0,0,0,0,0,0,0,18,0,0,0,4,0,0,0,8,0,0,0,14,0,0,0,17,0
1962,1,1410,M,10.4207,Risk:LOW,0,0,0,0,0,0,0,0,0,0,0,0,0,0,0,0,0,0,0,0,0,0,0,0,0,0,0,0
1962,1,1411,M,26.3061,Risk:LOW,0,0,3,0,0,0,0,0,0,0,6,0,0,0,2,0,0,0,3,0,0,0,5,0,0,0,6,0
1962,1,1412,F,14.213,Risk:LOW,0,0,0,0,0,0,0,0,0,0,0,0,0,0,0,0,0,0,0,0,0,0,0,0,0,0,0,0
1962,1,1413,F,33.2981,Risk:LOW,0,0,24,0,0,0,0,0,0,0,44,0,0,0,13,0,0,0,23,0,0,0,33,0,0,0,40,0
1962,1,1414,F,7.7383,Risk:LOW,0,0,0,0,0,0,0,0,0,0,0,0,0,0,0,0,0,0,0,0,0,0,0,0,0,0,0,0
1962,1,1415,F,25.5323,Risk:LOW,0,0,6,0,0,0,0,0,0,0,15,0,0,0,3,0,0,0,6,0,0,0,11,0,0,0,14,0
1962,1,1416,M,33.1233,Risk:LOW,0,0,13,0,0,0,0,0,0,0,24,0,0,0,6,0,0,0,13,0,0,0,16,0,0,0,23,0
1962,1,1417,M,43.6215,Risk:LOW,0,0,31,0,0,0,2,0,0,0,51,0,0,0,20,0,0,0,26,0,0,0,39,0,0,0,44,0
1962,1,1418,F,13.8137,Risk:LOW,0,0,2,0,0,0,0,0,0,0,2,0,0,0,1,0,0,0,2,0,0,0,2,0,0,0,2,0
1962,1,1419,M,24.5738,Risk:LOW,0,0,4,0,0,0,0,0,0,0,6,0,0,0,2,0,0,0,4,0,0,0,4,0,0,0,6,0
1962,1,1420,F,23.887,Risk:LOW,0,0,7,0,0,0,1,0,0,0,9,0,0,0,4,0,0,0,7,0,0,0,8,0,0,0,9,0
1962,1,1421,F,54.9116,Risk:LOW,0,0,15,0,0,0,0,0,0,0,25,0,0,0,9,0,0,0,13,0,0,0,16,0,0,0,20,0
1962,1,1422,M,6.06152,Risk:LOW,0,0,0,0,0,0,0,0,0,0,0,0,0,0,0,0,0,0,0,0,0,0,0,0,0,0,0,0
1962,1,1423,F,17.2432,Risk:LOW,0,0,2,0,0,0,0,0,0,0,3,0,0,0,0,0,0,0,2,0,0,0,3,0,0,0,3,0
1962,1,1424,M,35.1602,Risk:LOW,0,0,12,0,0,0,0,0,0,0,26,0,0,0,6,0,0,0,13,0,0,0,18,0,0,0,25,0
1962,1,1425,F,44.5005,Risk:HIGH,1,0,0,0,0,0,0,0,3,0,0,0,0,0,0,0,1,0,0,0,2,0,0,0,3,0,0,0
1962,1,1426,M,12.5869,Risk:LOW,0,0,0,0,0,0,0,0,0,0,0,0,0,0,0,0,0,0,0,0,0,0,0,0,0,0,0,0
1962,1,1427,M,3.85794,Risk:LOW,0,0,0,0,0,0,0,0,0,0,0,0,0,0,0,0,0,0,0,0,0,0,0,0,0,0,0,0
1962,1,1428,F,5.3088,Risk:LOW,0,0,0,0,0,0,0,0,0,0,0,0,0,0,0,0,0,0,0,0,0,0,0,0,0,0,0,0
1962,1,1429,M,19.2151,Risk:LOW,0,0,0,0,0,0,0,0,0,0,1,0,0,0,0,0,0,0,0,0,0,0,1,0,0,0,1,0
1962,1,1430,M,1.71415,Risk:LOW,0,0,0,0,0,0,0,0,0,0,0,0,0,0,0,0,0,0,0,0,0,0,0,0,0,0,0,0
1962,1,1431,M,40.5838,Risk:LOW,0,0,15,0,0,0,0,0,0,0,29,0,0,0,7,0,0,0,14,0,0,0,23,0,0,0,27,0
1962,1,1432,M,21.5496,Risk:LOW,0,0,0,0,0,0,0,0,0,0,1,0,0,0,0,0,0,0,0,0,0,0,1,0,0,0,1,0
1962,1,1433,M,53.7098,Risk:LOW,0,0,35,0,0,0,0,0,0,0,75,0,0,0,17,0,0,0,37,0,0,0,49,0,0,0,62,0
1962,1,1434,M,34.087,Risk:LOW,0,0,14,0,0,0,0,0,0,0,28,0,0,0,7,0,0,0,14,0,0,0,24,0,0,0,27,0
1962,1,1435,F,58.7268,Risk:LOW,0,0,16,0,0,0,0,0,0,0,31,0,0,0,7,0,0,0,15,0,0,0,23,0,0,0,27,0
1962,1,1436,F,11.1642,Risk:LOW,0,0,0,0,0,0,0,0,0,0,0,0,0,0,0,0,0,0,0,0,0,0,0,0,0,0,0,0
1962,1,1437,M,5.94155,Risk:LOW,0,0,0,0,0,0,0,0,0,0,0,0,0,0,0,0,0,0,0,0,0,0,0,0,0,0,0,0
1962,1,1438,F,2.52605,Risk:LOW,0,0,0,0,0,0,0,0,0,0,0,0,0,0,0,0,0,0,0,0,0,0,0,0,0,0,0,0
1962,1,1439,F,8.40704,Risk:LOW,0,0,0,0,0,0,0,0,0,0,0,0,0,0,0,0,0,0,0,0,0,0,0,0,0,0,0,0
1962,1,1440,M,9.91287,Risk:LOW,0,0,0,0,0,0,0,0,0,0,0,0,0,0,0,0,0,0,0,0,0,0,0,0,0,0,0,0
1962,1,1441,M,19.5412,Risk:LOW,0,0,1,0,0,0,0,0,0,0,4,0,0,0,1,0,0,0,1,0,0,0,2,0,0,0,4,0
1962,1,1442,F,14.528,Risk:LOW,0,0,0,0,0,0,0,0,0,0,0,0,0,0,0,0,0,0,0,0,0,0,0,0,0,0,0,0
1962,1,1443,F,21.0725,Risk:LOW,0,0,2,0,0,0,0,0,0,0,4,0,0,0,1,0,0,0,2,0,0,0,4,0,0,0,4,0
1962,1,1444,F,25.0889,Risk:LOW,0,0,7,0,0,0,1,0,0,0,16,0,0,0,2,0,0,0,7,0,0,0,10,0,0,0,16,0
1962,1,1445,F,5.91038,Risk:LOW,0,0,0,0,0,0,0,0,0,0,0,0,0,0,0,0,0,0,0,0,0,0,0,0,0,0,0,0
1962,1,1446,M,10.4323,Risk:LOW,0,0,0,0,0,0,0,0,0,0,0,0,0,0,0,0,0,0,0,0,0,0,0,0,0,0,0,0
1962,1,1447,F,4.78394,Risk:LOW,0,0,0,0,0,0,0,0,0,0,0,0,0,0,0,0,0,0,0,0,0,0,0,0,0,0,0,0
1962,1,1448,F,34.7314,Risk:LOW,0,0,17,0,0,0,1,0,0,0,36,0,0,0,9,0,0,0,17,0,0,0,28,0,0,0,32,0
1962,1,1449,F,63.0928,Risk:HIGH,0,0,0,0,0,0,0,0,1,0,0,0,0,0,0,0,0,0,0,0,0,0,0,0,1,0,0,0
1962,1,1450,M,34.8581,Risk:LOW,0,0,10,0,0,0,0,0,0,0,26,0,0,0,7,0,0,0,10,0,0,0,18,0,0,0,22,0
1962,1,1451,M,4.50738,Risk:HIGH,0,0,0,0,0,0,0,0,0,0,0,0,0,0,0,0,0,0,0,0,0,0,0,0,0,0,0,0
1962,1,1452,M,50.2208,Risk:LOW,0,0,29,0,0,0,0,0,0,0,66,0,0,0,17,0,0,0,28,0,0,0,40,0,0,0,55,0
1962,1,1453,M,41.9544,Risk:LOW,0,0,21,0,0,0,0,0,0,0,38,0,0,0,15,0,0,0,20,0,0,0,28,0,0,0,33,0
1962,1,1454,M,2.86792,Risk:LOW,0,0,0,0,0,0,0,0,0,0,0,0,0,0,0,0,0,0,0,0,0,0,0,0,0,0,0,0
1962,1,1455,M,14.7681,Risk:LOW,0,0,0,0,0,0,0,0,0,0,0,0,0,0,0,0,0,0,0,0,0,0,0,0,0,0,0,0
1962,1,1456,F,16.747,Risk:LOW,0,0,1,0,0,0,0,0,0,0,3,0,0,0,1,0,0,0,1,0,0,0,3,0,0,0,3,0
1962,1,1457,F,51.6153,Risk:LOW,0,0,22,0,0,0,1,0,0,0,35,0,0,0,13,0,0,0,20,0,0,0,25,0,0,0,29,0
1962,1,1458,F,28.19,Risk:LOW,0,0,15,0,0,0,1,0,0,0,23,0,0,0,7,0,0,0,15,0,0,0,20,0,0,0,23,0
1962,1,1459,F,18.03,Risk:LOW,0,0,3,0,0,0,0,0,0,0,7,0,0,0,3,0,0,0,3,0,0,0,5,0,0,0,7,0
1962,1,1460,M,11.3978,Risk:LOW,0,0,0,0,0,0,0,0,0,0,0,0,0,0,0,0,0,0,0,0,0,0,0,0,0,0,0,0
1962,1,1461,M,34.0959,Risk:LOW,0,0,8,0,0,0,0,0,0,0,21,0,0,0,4,0,0,0,8,0,0,0,15,0,0,0,20,0
1962,1,1462,F,18.2359,Risk:LOW,0,0,4,0,0,0,0,0,0,0,7,0,0,0,2,0,0,0,4,0,0,0,6,0,0,0,7,0
1962,1,1463,F,28.5429,Risk:LOW,0,0,14,0,0,0,0,0,0,0,31,0,0,0,9,0,0,0,13,0,0,0,20,0,0,0,27,0
1962,1,1464,M,41.5246,Risk:LOW,0,0,29,0,0,0,0,0,0,0,47,0,0,0,14,0,0,0,28,0,0,0,35,0,0,0,41,0
1962,1,1465,M,64.102,Risk:LOW,0,0,5,0,0,0,0,0,0,0,11,0,0,0,2,0,0,0,5,0,0,0,8,0,0,0,10,0
1962,1,1466,F,14.9892,Risk:LOW,0,0,0,0,0,0,0,0,0,0,0,0,0,0,0,0,0,0,0,0,0,0,0,0,0,0,0,0
1962,1,1467,M,4.79376,Risk:HIGH,0,0,0,0,0,0,0,0,0,0,0,0,0,0,0,0,0,0,0,0,0,0,0,0,0,0,0,0
1962,1,1468,F,7.95952,Risk:LOW,0,0,0,0,0,0,0,0,0,0,0,0,0,0,0,0,0,0,0,0,0,0,0,0,0,0,0,0
1962,1,1469,F,37.9905,Risk:LOW,0,0,31,0,0,0,0,0,0,0,62,0,0,0,18,0,0,0,29,0,0,0,43,0,0,0,53,0
1962,1,1470,M,8.90847,Risk:LOW,0,0,0,0,0,0,0,0,0,0,0,0,0,0,0,0,0,0,0,0,0,0,0,0,0,0,0,0
1962,1,1471,F,42.9942,Risk:LOW,0,0,20,0,0,0,1,0,0,0,46,0,0,0,10,0,0,0,19,0,0,0,26,0,0,0,41,0
1962,1,1472,M,40.8902,Risk:LOW,0,0,28,0,0,0,0,0,0,0,52,0,0,0,11,0,0,0,29,0,0,0,43,0,0,0,46,0
1962,1,1473,M,12.6259,Risk:LOW,0,0,0,0,0,0,0,0,0,0,0,0,0,0,0,0,0,0,0,0,0,0,0,0,0,0,0,0
1962,1,1474,M,3.42817,Risk:LOW,0,0,0,0,0,0,0,0,0,0,0,0,0,0,0,0,0,0,0,0,0,0,0,0,0,0,0,0
1962,1,1475,M,20.0353,Risk:LOW,0,0,0,0,0,0,0,0,0,0,1,0,0,0,0,0,0,0,0,0,0,0,1,0,0,0,1,0
1962,1,1476,F,7.78579,Risk:LOW,0,0,0,0,0,0,0,0,0,0,0,0,0,0,0,0,0,0,0,0,0,0,0,0,0,0,0,0
1962,1,1477,F,12.2115,Risk:LOW,0,0,0,0,0,0,0,0,0,0,0,0,0,0,0,0,0,0,0,0,0,0,0,0,0,0,0,0
1962,1,1478,F,10.9264,Risk:LOW,0,0,0,0,0,0,0,0,0,0,0,0,0,0,0,0,0,0,0,0,0,0,0,0,0,0,0,0
1962,1,1479,M,46.5073,Risk:LOW,0,0,26,0,0,0,1,0,0,0,60,0,0,0,13,0,0,0,23,0,0,0,38,0,0,0,51,0
1962,1,1480,F,38.453,Risk:LOW,0,0,26,0,0,0,0,0,0,0,45,0,0,0,12,0,0,0,24,0,0,0,32,0,0,0,40,0
1962,1,1481,F,39.9041,Risk:LOW,0,0,23,0,0,0,0,0,0,0,43,0,0,0,12,0,0,0,21,0,0,0,30,0,0,0,39,0
1962,1,1482,F,25.0595,Risk:LOW,0,0,7,0,0,0,0,0,0,0,11,0,0,0,4,0,0,0,6,0,0,0,7,0,0,0,10,0
1962,1,1483,F,21.451,Risk:LOW,0,0,4,0,0,0,0,0,0,0,10,0,0,0,3,0,0,0,4,0,0,0,7,0,0,0,9,0
1962,1,1484,M,8.29893,Risk:LOW,0,0,0,0,0,0,0,0,0,0,0,0,0,0,0,0,0,0,0,0,0,0,0,0,0,0,0,0
1962,1,1485,F,34.5752,Risk:LOW,0,0,23,0,0,0,1,0,0,0,47,0,0,0,14,0,0,0,24,0,0,0,33,0,0,0,44,0
1962,1,1486,M,7.17333,Risk:LOW,0,0,0,0,0,0,0,0,0,0,0,0,0,0,0,0,0,0,0,0,0,0,0,0,0,0,0,0
1962,1,1487,M,38.4231,Risk:LOW,0,0,13,0,0,0,0,0,0,0,23,0,0,0,9,0,0,0,13,0,0,0,15,0,0,0,22,0
1962,1,1488,F,63.8407,Risk:LOW,0,0,3,0,0,0,0,0,0,0,9,0,0,0,2,0,0,0,3,0,0,0,5,0,0,0,7,0
1962,1,1489,M,53.0766,Risk:LOW,0,0,47,0,0,0,0,0,0,0,97,0,0,0,23,0,0,0,39,0,0,0,56,0,0,0,73,0
1962,1,1490,F,1.8583,Risk:LOW,0,0,0,0,0,0,0,0,0,0,0,0,0,0,0,0,0,0,0,0,0,0,0,0,0,0,0,0
1962,1,1491,M,40.2184,Risk:LOW,0,0,18,0,0,0,0,0,0,0,33,0,0,0,14,0,0,0,18,0,0,0,26,0,0,0,33,0
1962,1,1492,M,40.8051,Risk:LOW,0,0,21,0,0,0,1,0,0,0,39,0,0,0,12,0,0,0,20,0,0,0,30,0,0,0,38,0
1962,1,1493,F,12.2394,Risk:LOW,0,0,0,0,0,0,0,0,0,0,0,0,0,0,0,0,0,0,0,0,0,0,0,0,0,0,0,0
1962,1,1494,F,67.8483,Risk:HIGH,1,0,0,0,0,0,0,0,2,0,0,0,1,0,0,0,1,0,0,0,1,0,0,0,1,0,0,0
1962,1,1495,M,30.5162,Risk:LOW,0,0,6,0,0,0,0,0,0,0,11,0,0,0,5,0,0,0,6,0,0,0,9,0,0,0,11,0
1962,1,1496,F,2.86616,Risk:HIGH,0,0,0,0,0,0,0,0,0,0,0,0,0,0,0,0,0,0,0,0,0,0,0,0,0,0,0,0
1962,1,1497,M,49.618,Risk:LOW,0,0,48,0,0,0,1,0,0,0,89,0,0,0,29,0,0,0,44,0,0,0,58,0,0,0,71,0
1962,1,1498,M,3.2671,Risk:LOW,0,0,0,0,0,0,0,0,0,0,0,0,0,0,0,0,0,0,0,0,0,0,0,0,0,0,0,0
1962,1,1499,F,5.66505,Risk:LOW,0,0,0,0,0,0,0,0,0,0,0,0,0,0,0,0,0,0,0,0,0,0,0,0,0,0,0,0
1962,1,1500,M,46.9818,Risk:LOW,0,0,41,0,0,0,2,0,0,0,91,0,0,0,21,0,0,0,39,0,0,0,59,0,0,0,76,0
1962,1,1501,F,40.9925,Risk:HIGH,0,0,0,0,0,0,0,0,1,0,0,0,0,0,0,0,0,0,0,0,1,0,0,0,1,0,0,0
1962,1,1502,F,44.0732,Risk:LOW,0,0,26,0,0,0,0,0,0,0,52,0,0,0,14,0,0,0,24,0,0,0,36,0,0,0,44,0
1962,1,1503,F,42.3888,Risk:LOW,0,0,31,0,0,0,1,0,0,0,61,0,0,0,14,0,0,0,29,0,0,0,43,0,0,0,54,0
1962,1,1504,M,13.3764,Risk:LOW,0,0,0,0,0,0,0,0,0,0,0,0,0,0,0,0,0,0,0,0,0,0,0,0,0,0,0,0
1962,1,1505,F,59.014,Risk:LOW,0,0,11,0,0,0,1,0,0,0,22,0,0,0,5,0,0,0,10,0,0,0,15,0,0,0,19,0
1962,1,1506,F,19.875,Risk:LOW,0,0,1,0,0,0,0,0,0,0,1,0,0,0,0,0,0,0,1,0,0,0,1,0,0,0,1,0
1962,1,1507,M,30.9842,Risk:LOW,0,0,12,0,0,0,0,0,0,0,24,0,0,0,7,0,0,0,13,0,0,0,18,0,0,0,24,0
1962,1,1508,M,6.44583,Risk:LOW,0,0,0,0,0,0,0,0,0,0,0,0,0,0,0,0,0,0,0,0,0,0,0,0,0,0,0,0
1962,1,1509,M,3.5788,Risk:LOW,0,0,0,0,0,0,0,0,0,0,0,0,0,0,0,0,0,0,0,0,0,0,0,0,0,0,0,0
1962,1,1510,M,8.28923,Risk:LOW,0,0,0,0,0,0,0,0,0,0,0,0,0,0,0,0,0,0,0,0,0,0,0,0,0,0,0,0
1962,1,1511,M,20.6156,Risk:LOW,0,0,1,0,0,0,0,0,0,0,2,0,0,0,1,0,0,0,1,0,0,0,2,0,0,0,2,0
1962,1,1512,M,18.3796,Risk:LOW,0,0,1,0,0,0,0,0,0,0,1,0,0,0,0,0,0,0,1,0,0,0,1,0,0,0,2,0
1962,1,1513,M,15.0773,Risk:LOW,0,0,0,0,0,0,0,0,0,0,0,0,0,0,0,0,0,0,0,0,0,0,0,0,0,0,0,0
1962,1,1514,M,40.6735,Risk:LOW,0,0,24,0,0,0,0,0,0,0,46,0,0,0,13,0,0,0,25,0,0,0,34,0,0,0,44,0
1962,1,1515,F,48.7985,Risk:LOW,0,0,30,0,0,0,0,0,0,0,55,0,0,0,14,0,0,0,27,0,0,0,34,0,0,0,40,0
1962,1,1516,F,13.7405,Risk:LOW,0,0,0,0,0,0,0,0,0,0,0,0,0,0,0,0,0,0,0,0,0,0,0,0,0,0,0,0
1962,1,1517,F,3.15814,Risk:HIGH,0,0,0,0,0,0,0,0,0,0,0,0,0,0,0,0,0,0,0,0,0,0,0,0,0,0,0,0
1962,1,1518,M,62.5839,Risk:LOW,0,0,24,0,0,0,1,0,0,0,55,0,0,0,13,0,0,0,21,0,0,0,32,0,0,0,43,0
1962,1,1519,F,5.82527,Risk:LOW,0,0,0,0,0,0,0,0,0,0,0,0,0,0,0,0,0,0,0,0,0,0,0,0,0,0,0,0
1962,1,1520,F,46.9119,Risk:LOW,0,0,42,0,0,0,0,0,0,0,102,0,0,0,20,0,0,0,36,0,0,0,62,0,0,0,72,0
1962,1,1521,F,29.8276,Risk:LOW,0,0,17,0,0,0,0,0,0,0,30,0,0,0,5,0,0,0,17,0,0,0,23,0,0,0,28,0
1962,1,1522,F,3.87407,Risk:LOW,0,0,0,0,0,0,0,0,0,0,0,0,0,0,0,0,0,0,0,0,0,0,0,0,0,0,0,0
1962,1,1523,F,52.3394,Risk:LOW,0,0,23,0,0,0,2,0,0,0,37,0,0,0,15,0,0,0,22,0,0,0,27,0,0,0,36,0
1962,1,1524,M,26.6132,Risk:LOW,0,0,2,0,0,0,0,0,0,0,6,0,0,0,1,0,0,0,2,0,0,0,4,0,0,0,6,0
1962,1,1525,M,28.2443,Risk:LOW,0,0,8,0,0,0,0,0,0,0,11,0,0,0,3,0,0,0,8,0,0,0,10,0,0,0,11,0
1962,1,1526,F,2.4947,Risk:LOW,0,0,0,0,0,0,0,0,0,0,0,0,0,0,0,0,0,0,0,0,0,0,0,0,0,0,0,0
1962,1,1527,F,55.0155,Risk:LOW,0,0,8,0,0,0,1,0,0,0,25,0,0,0,4,0,0,0,8,0,0,0,18,0,0,0,23,0
1962,1,1528,M,5.61709,Risk:LOW,0,0,0,0,0,0,0,0,0,0,0,0,0,0,0,0,0,0,0,0,0,0,0,0,0,0,0,0
1962,1,1529,M,37.375,Risk:LOW,0,0,14,0,0,0,0,0,0,0,30,0,0,0,10,0,0,0,13,0,0,0,23,0,0,0,30,0
1962,1,1530,F,4.44725,Risk:LOW,0,0,0,0,0,0,0,0,0,0,0,0,0,0,0,0,0,0,0,0,0,0,0,0,0,0,0,0
1962,1,1531,F,15.6701,Risk:LOW,0,0,5,0,0,0,0,0,0,0,5,0,0,0,5,0,0,0,5,0,0,0,5,0,0,0,5,0
1962,1,1532,M,58.1274,Risk:HIGH,1,0,0,0,0,0,0,0,3,0,0,0,1,0,0,0,1,0,0,0,2,0,0,0,3,0,0,0
1962,1,1533,M,21.0543,Risk:LOW,0,0,2,0,0,0,0,0,0,0,2,0,0,0,1,0,0,0,2,0,0,0,2,0,0,0,2,0
1962,1,1534,M,12.68,Risk:LOW,0,0,0,0,0,0,0,0,0,0,0,0,0,0,0,0,0,0,0,0,0,0,0,0,0,0,0,0
1962,1,1535,M,6.90873,Risk:LOW,0,0,0,0,0,0,0,0,0,0,0,0,0,0,0,0,0,0,0,0,0,0,0,0,0,0,0,0
1962,1,1536,F,10.1095,Risk:LOW,0,0,0,0,0,0,0,0,0,0,0,0,0,0,0,0,0,0,0,0,0,0,0,0,0,0,0,0
1962,1,1537,F,65.695,Risk:LOW,0,0,0,0,0,0,0,0,0,0,2,0,0,0,0,0,0,0,0,0,0,0,1,0,0,0,2,0
1962,1,1538,F,7.68796,Risk:LOW,0,0,0,0,0,0,0,0,0,0,0,0,0,0,0,0,0,0,0,0,0,0,0,0,0,0,0,0
1962,1,1539,M,57.7473,Risk:LOW,0,0,37,0,0,0,2,0,0,0,72,0,0,0,21,0,0,0,35,0,0,0,49,0,0,0,61,0
1962,1,1540,M,7.08838,Risk:LOW,0,0,0,0,0,0,0,0,0,0,0,0,0,0,0,0,0,0,0,0,0,0,0,0,0,0,0,0
1962,1,1541,F,53.2134,Risk:LOW,0,0,17,0,0,0,0,0,0,0,34,0,0,0,7,0,0,0,17,0,0,0,23,0,0,0,29,0
1962,1,1542,F,21.4615,Risk:LOW,0,0,6,0,0,0,0,0,0,0,13,0,0,0,5,0,0,0,6,0,0,0,7,0,0,0,13,0
1962,1,1543,F,13.6514,Risk:HIGH,0,0,0,0,0,0,0,0,0,0,0,0,0,0,0,0,0,0,0,0,0,0,0,0,0,0,0,0
1962,1,1544,M,35.7105,Risk:LOW,0,0,20,0,0,0,0,0,0,0,32,0,0,0,5,0,0,0,19,0,0,0,26,0,0,0,29,0
1962,1,1545,M,21.3737,Risk:LOW,0,0,2,0,0,0,0,0,0,0,4,0,0,0,0,0,0,0,2,0,0,0,3,0,0,0,4,0
1962,1,1546,F,3.2881,Risk:LOW,0,0,0,0,0,0,0,0,0,0,0,0,0,0,0,0,0,0,0,0,0,0,0,0,0,0,0,0
1962,1,1547,M,7.90624,Risk:LOW,0,0,0,0,0,0,0,0,0,0,0,0,0,0,0,0,0,0,0,0,0,0,0,0,0,0,0,0
1962,1,1548,F,4.11237,Risk:LOW,0,0,0,0,0,0,0,0,0,0,0,0,0,0,0,0,0,0,0,0,0,0,0,0,0,0,0,0
1962,1,1549,F,18.4626,Risk:LOW,0,0,1,0,0,0,0,0,0,0,4,0,0,0,1,0,0,0,1,0,0,0,3,0,0,0,4,0
1962,1,1550,F,2.5155,Risk:LOW,0,0,0,0,0,0,0,0,0,0,0,0,0,0,0,0,0,0,0,0,0,0,0,0,0,0,0,0
1962,1,1551,M,29.9096,Risk:LOW,0,0,4,0,0,0,2,0,0,0,11,0,0,0,3,0,0,0,4,0,0,0,7,0,0,0,11,0
1962,1,1552,F,3.73483,Risk:LOW,0,0,0,0,0,0,0,0,0,0,0,0,0,0,0,0,0,0,0,0,0,0,0,0,0,0,0,0
1962,1,1553,M,22.6958,Risk:LOW,0,0,4,0,0,0,0,0,0,0,6,0,0,0,2,0,0,0,4,0,0,0,5,0,0,0,6,0
1962,1,1554,F,73.6725,Risk:LOW,0,0,5,0,0,0,0,0,0,0,9,0,0,0,4,0,0,0,5,0,0,0,8,0,0,0,8,0
1962,1,1555,M,10.4039,Risk:LOW,0,0,0,0,0,0,0,0,0,0,0,0,0,0,0,0,0,0,0,0,0,0,0,0,0,0,0,0
1962,1,1556,M,22.2239,Risk:LOW,0,0,2,0,0,0,1,0,0,0,4,0,0,0,1,0,0,0,2,0,0,0,4,0,0,0,4,0
1962,1,1557,M,40.1888,Risk:LOW,0,0,22,0,0,0,0,0,0,0,39,0,0,0,14,0,0,0,22,0,0,0,30,0,0,0,39,0
1962,1,1558,M,3.10503,Risk:LOW,0,0,0,0,0,0,0,0,0,0,0,0,0,0,0,0,0,0,0,0,0,0,0,0,0,0,0,0
1962,1,1559,F,47.799,Risk:LOW,0,0,36,0,0,0,1,0,0,0,73,0,0,0,14,0,0,0,33,0,0,0,50,0,0,0,61,0
1962,1,1560,F,54.4945,Risk:LOW,0,0,16,0,0,0,0,0,0,0,28,0,0,0,8,0,0,0,15,0,0,0,21,0,0,0,24,0
1962,1,1561,M,12.291,Risk:LOW,0,0,0,0,0,0,0,0,0,0,0,0,0,0,0,0,0,0,0,0,0,0,0,0,0,0,0,0
1962,1,1562,M,14.5264,Risk:LOW,0,0,0,0,0,0,0,0,0,0,0,0,0,0,0,0,0,0,0,0,0,0,0,0,0,0,0,0
1962,1,1563,F,18.0815,Risk:LOW,0,0,1,0,0,0,0,0,0,0,3,0,0,0,0,0,0,0,1,0,0,0,3,0,0,0,3,0
1962,1,1564,M,59.6989,Risk:LOW,0,0,40,0,0,0,1,0,0,0,71,0,0,0,17,0,0,0,36,0,0,0,50,0,0,0,59,0
1962,1,1565,F,41.1153,Risk:LOW,0,0,31,0,0,0,0,0,0,0,80,0,0,0,13,0,0,0,32,0,0,0,45,0,0,0,65,0
1962,1,1566,F,55.8751,Risk:LOW,0,0,21,0,0,0,0,0,0,0,40,0,0,0,10,0,0,0,18,0,0,0,24,0,0,0,27,0
1962,1,1567,F,3.37507,Risk:HIGH,0,0,0,0,0,0,0,0,0,0,0,0,0,0,0,0,0,0,0,0,0,0,0,0,0,0,0,0
1962,1,1568,M,61.7584,Risk:LOW,0,0,24,0,0,0,0,0,0,0,56,0,0,0,12,0,0,0,24,0,0,0,32,0,0,0,47,0
1962,1,1569,F,9.8584,Risk:HIGH,0,0,0,0,0,0,0,0,0,0,0,0,0,0,0,0,0,0,0,0,0,0,0,0,0,0,0,0
1962,1,1570,F,35.8915,Risk:LOW,0,0,28,0,0,0,1,0,0,0,47,0,0,0,18,0,0,0,28,0,0,0,37,0,0,0,45,0
1962,1,1571,F,14.6142,Risk:LOW,0,0,0,0,0,0,0,0,0,0,0,0,0,0,0,0,0,0,0,0,0,0,0,0,0,0,0,0
1962,1,1572,F,56.4409,Risk:LOW,0,0,14,0,0,0,1,0,0,0,37,0,0,0,5,0,0,0,12,0,0,0,18,0,0,0,25,0
1962,1,1573,M,40.5126,Risk:HIGH,4,0,0,0,0,0,0,0,15,0,0,0,2,0,0,0,5,0,0,0,6,0,0,0,8,0,0,0
1962,1,1574,M,11.6009,Risk:LOW,0,0,0,0,0,0,0,0,0,0,0,0,0,0,0,0,0,0,0,0,0,0,0,0,0,0,0,0
1962,1,1575,M,25.7057,Risk:LOW,0,0,5,0,0,0,0,0,0,0,5,0,0,0,1,0,0,0,5,0,0,0,5,0,0,0,5,0
1962,1,1576,F,14.4222,Risk:LOW,0,0,0,0,0,0,0,0,0,0,0,0,0,0,0,0,0,0,0,0,0,0,0,0,0,0,0,0
1962,1,1577,M,56.5446,Risk:LOW,0,0,28,0,0,0,2,0,0,0,71,0,0,0,15,0,0,0,26,0,0,0,48,0,0,0,60,0
1962,1,1578,F,81.3498,Risk:LOW,0,0,4,0,0,0,0,0,0,0,7,0,0,0,2,0,0,0,4,0,0,0,5,0,0,0,6,0
1962,1,1579,M,45.1016,Risk:LOW,0,0,27,0,0,0,0,0,0,0,47,0,0,0,9,0,0,0,25,0,0,0,36,0,0,0,42,0
1962,1,1580,M,4.16237,Risk:LOW,0,0,0,0,0,0,0,0,0,0,0,0,0,0,0,0,0,0,0,0,0,0,0,0,0,0,0,0
1962,1,1581,F,30.9737,Risk:HIGH,8,0,0,0,0,0,0,0,21,0,0,0,2,0,0,0,6,0,0,0,7,0,0,0,7,0,0,0
1962,1,1582,M,45.5403,Risk:LOW,0,0,37,0,0,0,1,0,0,0,57,0,0,0,20,0,0,0,35,0,0,0,41,0,0,0,48,0
1962,1,1583,M,88.4889,Risk:LOW,0,0,4,0,0,0,0,0,0,0,6,0,0,0,2,0,0,0,4,0,0,0,6,0,0,0,6,0
1962,1,1584,F,27.2283,Risk:HIGH,27,0,0,0,0,0,0,0,55,0,0,0,10,0,0,0,11,0,0,0,14,0,0,0,17,0,0,0
1962,1,1585,M,33.8885,Risk:LOW,0,0,11,0,0,0,0,0,0,0,24,0,0,0,6,0,0,0,11,0,0,0,17,0,0,0,23,0
1962,1,1586,M,16.3671,Risk:LOW,0,0,0,0,0,0,0,0,0,0,0,0,0,0,0,0,0,0,0,0,0,0,0,0,0,0,0,0
1962,1,1587,M,39.3177,Risk:LOW,0,0,17,0,0,0,0,0,0,0,30,0,0,0,10,0,0,0,18,0,0,0,24,0,0,0,27,0
1962,1,1588,F,10.1915,Risk:LOW,0,0,0,0,0,0,0,0,0,0,0,0,0,0,0,0,0,0,0,0,0,0,0,0,0,0,0,0
1962,1,1589,F,29.1778,Risk:LOW,0,0,15,0,0,0,0,0,0,0,28,0,0,0,9,0,0,0,13,0,0,0,19,0,0,0,27,0
1962,1,1590,M,16.3969,Risk:LOW,0,0,0,0,0,0,0,0,0,0,0,0,0,0,0,0,0,0,0,0,0,0,0,0,0,0,0,0
1962,1,1591,M,3.49717,Risk:LOW,0,0,0,0,0,0,0,0,0,0,0,0,0,0,0,0,0,0,0,0,0,0,0,0,0,0,0,0
1962,1,1592,F,1.5627,Risk:LOW,0,0,0,0,0,0,0,0,0,0,0,0,0,0,0,0,0,0,0,0,0,0,0,0,0,0,0,0
1962,1,1593,M,34.3526,Risk:LOW,0,0,8,0,0,0,0,0,0,0,23,0,0,0,5,0,0,0,10,0,0,0,19,0,0,0,22,0
1962,1,1594,M,39.9607,Risk:LOW,0,0,18,0,0,0,0,0,0,0,33,0,0,0,7,0,0,0,17,0,0,0,26,0,0,0,29,0
1962,1,1595,M,43.8453,Risk:LOW,0,0,19,0,0,0,0,0,0,0,36,0,0,0,11,0,0,0,19,0,0,0,29,0,0,0,36,0
1962,1,1596,M,15.1906,Risk:LOW,0,0,0,0,0,0,0,0,0,0,0,0,0,0,0,0,0,0,0,0,0,0,0,0,0,0,0,0
1962,1,1597,F,10.0779,Risk:LOW,0,0,0,0,0,0,0,0,0,0,0,0,0,0,0,0,0,0,0,0,0,0,0,0,0,0,0,0
1962,1,1598,M,57.0404,Risk:LOW,0,0,44,0,0,0,1,0,0,0,75,0,0,0,24,0,0,0,41,0,0,0,50,0,0,0,60,0
1962,1,1599,M,48.6152,Risk:LOW,0,0,44,0,0,0,1,0,0,0,74,0,0,0,23,0,0,0,43,0,0,0,52,0,0,0,64,0
1962,1,1600,F,25.1197,Risk:LOW,0,0,4,0,0,0,0,0,0,0,9,0,0,0,3,0,0,0,4,0,0,0,6,0,0,0,9,0
1962,1,1601,F,48.3482,Risk:LOW,0,0,28,0,0,0,0,0,0,0,71,0,0,0,6,0,0,0,26,0,0,0,37,0,0,0,57,0
1962,1,1602,F,39.2908,Risk:LOW,0,0,27,0,0,0,0,0,0,0,51,0,0,0,14,0,0,0,23,0,0,0,37,0,0,0,41,0
1962,1,1603,F,4.2548,Risk:LOW,0,0,0,0,0,0,0,0,0,0,0,0,0,0,0,0,0,0,0,0,0,0,0,0,0,0,0,0
1962,1,1604,F,4.29459,Risk:LOW,0,0,0,0,0,0,0,0,0,0,0,0,0,0,0,0,0,0,0,0,0,0,0,0,0,0,0,0
1962,1,1605,M,25.7944,Risk:LOW,0,0,7,0,0,0,1,0,0,0,10,0,0,0,3,0,0,0,6,0,0,0,8,0,0,0,9,0
1962,1,1606,M,7.64486,Risk:LOW,0,0,0,0,0,0,0,0,0,0,0,0,0,0,0,0,0,0,0,0,0,0,0,0,0,0,0,0
1962,1,1607,F,19.8417,Risk:LOW,0,0,1,0,0,0,0,0,0,0,2,0,0,0,1,0,0,0,1,0,0,0,2,0,0,0,3,0
1962,1,1608,F,53.9862,Risk:LOW,0,0,18,0,0,0,0,0,0,0,28,0,0,0,6,0,0,0,17,0,0,0,22,0,0,0,25,0
1962,1,1609,F,16.5862,Risk:LOW,0,0,0,0,0,0,0,0,0,0,0,0,0,0,0,0,0,0,0,0,0,0,0,0,0,0,0,0
1962,1,1610,F,8.381,Risk:LOW,0,0,0,0,0,0,0,0,0,0,0,0,0,0,0,0,0,0,0,0,0,0,0,0,0,0,0,0
1962,1,1611,M,7.45549,Risk:LOW,0,0,0,0,0,0,0,0,0,0,0,0,0,0,0,0,0,0,0,0,0,0,0,0,0,0,0,0
1962,1,1612,F,15.9041,Risk:LOW,0,0,4,0,0,0,0,0,0,0,5,0,0,0,1,0,0,0,4,0,0,0,5,0,0,0,5,0
1962,1,1613,M,37.1265,Risk:LOW,0,0,13,0,0,0,0,0,0,0,29,0,0,0,7,0,0,0,12,0,0,0,20,0,0,0,27,0
1962,1,1614,M,38.8648,Risk:LOW,0,0,14,0,0,0,0,0,0,0,33,0,0,0,6,0,0,0,14,0,0,0,22,0,0,0,30,0
1962,1,1615,F,4.29088,Risk:LOW,0,0,0,0,0,0,0,0,0,0,0,0,0,0,0,0,0,0,0,0,0,0,0,0,0,0,0,0
1962,1,1616,F,87.7498,Risk:LOW,0,0,1,0,0,0,0,0,0,0,6,0,0,0,1,0,0,0,1,0,0,0,5,0,0,0,6,0
1962,1,1617,M,21.0459,Risk:LOW,0,0,2,0,0,0,0,0,0,0,3,0,0,0,1,0,0,0,2,0,0,0,3,0,0,0,3,0
1962,1,1618,F,30.4445,Risk:LOW,0,0,20,0,0,0,0,0,0,0,33,0,0,0,10,0,0,0,18,0,0,0,23,0,0,0,32,0
1962,1,1619,F,4.63818,Risk:LOW,0,0,0,0,0,0,0,0,0,0,0,0,0,0,0,0,0,0,0,0,0,0,0,0,0,0,0,0
1962,1,1620,M,65.7779,Risk:LOW,0,0,4,0,0,0,0,0,0,0,12,0,0,0,3,0,0,0,4,0,0,0,7,0,0,0,11,0
1962,1,1621,F,11.7162,Risk:LOW,0,0,0,0,0,0,0,0,0,0,0,0,0,0,0,0,0,0,0,0,0,0,0,0,0,0,0,0
1962,1,1622,F,51.4908,Risk:LOW,0,0,22,0,0,0,1,0,0,0,36,0,0,0,10,0,0,0,21,0,0,0,26,0,0,0,30,0
1962,1,1623,F,32.3219,Risk:LOW,0,0,19,0,0,0,0,0,0,0,37,0,0,0,9,0,0,0,19,0,0,0,28,0,0,0,36,0
1962,1,1624,F,11.2604,Risk:LOW,0,0,0,0,0,0,0,0,0,0,0,0,0,0,0,0,0,0,0,0,0,0,0,0,0,0,0,0
1962,1,1625,F,34.916,Risk:LOW,0,0,19,0,0,0,0,0,0,0,38,0,0,0,9,0,0,0,19,0,0,0,29,0,0,0,35,0
1962,1,1626,F,6.6432,Risk:LOW,0,0,0,0,0,0,0,0,0,0,0,0,0,0,0,0,0,0,0,0,0,0,0,0,0,0,0,0
1962,1,1627,M,3.47823,Risk:LOW,0,0,0,0,0,0,0,0,0,0,0,0,0,0,0,0,0,0,0,0,0,0,0,0,0,0,0,0
1962,1,1628,M,11.884,Risk:LOW,0,0,0,0,0,0,0,0,0,0,0,0,0,0,0,0,0,0,0,0,0,0,0,0,0,0,0,0
1962,1,1629,M,41.2935,Risk:LOW,0,0,29,0,0,0,0,0,0,0,52,0,0,0,13,0,0,0,26,0,0,0,39,0,0,0,46,0
1962,1,1630,F,29.3143,Risk:LOW,0,0,24,0,0,0,1,0,0,0,39,0,0,0,12,0,0,0,23,0,0,0,30,0,0,0,37,0
1962,1,1631,F,11.4502,Risk:LOW,0,0,0,0,0,0,0,0,0,0,0,0,0,0,0,0,0,0,0,0,0,0,0,0,0,0,0,0
1962,1,1632,F,32.0651,Risk:LOW,0,0,21,0,0,0,1,0,0,0,35,0,0,0,10,0,0,0,20,0,0,0,27,0,0,0,31,0
1962,1,1633,F,57.1494,Risk:LOW,0,0,8,0,0,0,0,0,0,0,22,0,0,0,3,0,0,0,7,0,0,0,13,0,0,0,18,0
1962,1,1634,M,74.372,Risk:LOW,0,0,2,0,0,0,0,0,0,0,4,0,0,0,0,0,0,0,2,0,0,0,2,0,0,0,3,0
1962,1,1635,M,19.6781,Risk:LOW,0,0,1,0,0,0,0,0,0,0,1,0,0,0,0,0,0,0,1,0,0,0,1,0,0,0,1,0
1962,1,1636,M,24.3989,Risk:LOW,0,0,6,0,0,0,1,0,0,0,8,0,0,0,2,0,0,0,6,0,0,0,6,0,0,0,7,0
1962,1,1637,F,54.073,Risk:LOW,0,0,16,0,0,0,0,0,0,0,25,0,0,0,9,0,0,0,15,0,0,0,19,0,0,0,22,0
1962,1,1638,F,12.4257,Risk:LOW,0,0,0,0,0,0,0,0,0,0,0,0,0,0,0,0,0,0,0,0,0,0,0,0,0,0,0,0
1962,1,1639,F,20.4773,Risk:LOW,0,0,7,0,0,0,0,0,0,0,7,0,0,0,3,0,0,0,7,0,0,0,7,0,0,0,7,0
1962,1,1640,M,37.0628,Risk:HIGH,18,0,0,0,0,0,0,0,22,0,0,0,6,0,0,0,10,0,0,0,10,0,0,0,10,0,0,0
1962,1,1641,F,11.7034,Risk:HIGH,0,0,0,0,0,0,0,0,0,0,0,0,0,0,0,0,0,0,0,0,0,0,0,0,0,0,0,0
1962,1,1642,M,12.0618,Risk:LOW,0,0,0,0,0,0,0,0,0,0,0,0,0,0,0,0,0,0,0,0,0,0,0,0,0,0,0,0
1962,1,1643,F,11.186,Risk:LOW,0,0,0,0,0,0,0,0,0,0,0,0,0,0,0,0,0,0,0,0,0,0,0,0,0,0,0,0
1962,1,1644,M,9.22885,Risk:HIGH,0,0,0,0,0,0,0,0,0,0,0,0,0,0,0,0,0,0,0,0,0,0,0,0,0,0,0,0
1962,1,1645,M,22.8747,Risk:HIGH,10,0,0,0,1,0,0,0,21,0,0,0,3,0,0,0,5,0,0,0,5,0,0,0,5,0,0,0
1962,1,1646,F,13.9891,Risk:LOW,0,0,0,0,0,0,0,0,0,0,0,0,0,0,0,0,0,0,0,0,0,0,0,0,0,0,0,0
1962,1,1647,F,31.1157,Risk:LOW,0,0,21,0,0,0,3,0,0,0,37,0,0,0,12,0,0,0,20,0,0,0,30,0,0,0,34,0
1962,1,1648,F,27.9513,Risk:LOW,0,0,14,0,0,0,0,0,0,0,21,0,0,0,8,0,0,0,14,0,0,0,17,0,0,0,20,0
1962,1,1649,M,22.85,Risk:LOW,0,0,1,0,0,0,0,0,0,0,2,0,0,0,1,0,0,0,1,0,0,0,2,0,0,0,2,0
1962,1,1650,M,10.6119,Risk:LOW,0,0,0,0,0,0,0,0,0,0,0,0,0,0,0,0,0,0,0,0,0,0,0,0,0,0,0,0
1962,1,1651,M,2.92138,Risk:LOW,0,0,0,0,0,0,0,0,0,0,0,0,0,0,0,0,0,0,0,0,0,0,0,0,0,0,0,0
1962,1,1652,F,6.22788,Risk:LOW,0,0,0,0,0,0,0,0,0,0,0,0,0,0,0,0,0,0,0,0,0,0,0,0,0,0,0,0
1962,1,1653,M,10.3721,Risk:LOW,0,0,0,0,0,0,0,0,0,0,0,0,0,0,0,0,0,0,0,0,0,0,0,0,0,0,0,0
1962,1,1654,F,67.0192,Risk:LOW,0,0,1,0,0,0,0,0,0,0,10,0,0,0,1,0,0,0,2,0,0,0,5,0,0,0,10,0
1962,1,1655,M,76.3742,Risk:LOW,0,0,6,0,0,0,1,0,0,0,9,0,0,0,3,0,0,0,6,0,0,0,7,0,0,0,8,0
1962,1,1656,M,7.47147,Risk:LOW,0,0,0,0,0,0,0,0,0,0,0,0,0,0,0,0,0,0,0,0,0,0,0,0,0,0,0,0
1962,1,1657,M,27.4527,Risk:HIGH,8,0,0,0,0,0,0,0,16,0,0,0,3,0,0,0,5,0,0,0,6,0,0,0,6,0,0,0
1962,1,1658,M,11.0666,Risk:LOW,0,0,0,0,0,0,0,0,0,0,0,0,0,0,0,0,0,0,0,0,0,0,0,0,0,0,0,0
1962,1,1659,F,12.8529,Risk:LOW,0,0,0,0,0,0,0,0,0,0,0,0,0,0,0,0,0,0,0,0,0,0,0,0,0,0,0,0
1962,1,1660,M,3.24521,Risk:LOW,0,0,0,0,0,0,0,0,0,0,0,0,0,0,0,0,0,0,0,0,0,0,0,0,0,0,0,0
1962,1,1661,F,40.2119,Risk:HIGH,2,0,0,0,0,0,0,0,6,0,0,0,1,0,0,0,2,0,0,0,4,0,0,0,4,0,0,0
1962,1,1662,M,2.72789,Risk:LOW,0,0,0,0,0,0,0,0,0,0,0,0,0,0,0,0,0,0,0,0,0,0,0,0,0,0,0,0
1962,1,1663,M,1.73245,Risk:LOW,0,0,0,0,0,0,0,0,0,0,0,0,0,0,0,0,0,0,0,0,0,0,0,0,0,0,0,0
1962,1,1664,M,51.3215,Risk:LOW,0,0,36,0,0,0,1,0,0,0,80,0,0,0,22,0,0,0,33,0,0,0,50,0,0,0,66,0
1962,1,1665,F,44.1673,Risk:LOW,0,0,21,0,0,0,1,0,0,0,52,0,0,0,8,0,0,0,20,0,0,0,31,0,0,0,41,0
1962,1,1666,F,20.0046,Risk:LOW,0,0,4,0,0,0,0,0,0,0,7,0,0,0,2,0,0,0,4,0,0,0,6,0,0,0,7,0
1962,1,1667,M,58.6112,Risk:LOW,0,0,39,0,0,0,0,0,0,0,77,0,0,0,22,0,0,0,36,0,0,0,45,0,0,0,55,0
1962,1,1668,M,24.3315,Risk:LOW,0,0,5,0,0,0,1,0,0,0,7,0,0,0,5,0,0,0,5,0,0,0,7,0,0,0,7,0
1962,1,1669,M,8.86744,Risk:LOW,0,0,0,0,0,0,0,0,0,0,0,0,0,0,0,0,0,0,0,0,0,0,0,0,0,0,0,0
1962,1,1670,M,3.44015,Risk:LOW,0,0,0,0,0,0,0,0,0,0,0,0,0,0,0,0,0,0,0,0,0,0,0,0,0,0,0,0
1962,1,1671,F,4.06374,Risk:LOW,0,0,0,0,0,0,0,0,0,0,0,0,0,0,0,0,0,0,0,0,0,0,0,0,0,0,0,0
1962,1,1672,F,26.44,Risk:LOW,0,0,7,0,0,0,0,0,0,0,18,0,0,0,3,0,0,0,7,0,0,0,14,0,0,0,18,0
1962,1,1673,M,38.2059,Risk:LOW,0,0,18,0,0,0,0,0,0,0,37,0,0,0,10,0,0,0,18,0,0,0,28,0,0,0,37,0
1962,1,1674,F,5.29184,Risk:HIGH,0,0,0,0,0,0,0,0,0,0,0,0,0,0,0,0,0,0,0,0,0,0,0,0,0,0,0,0
1962,1,1675,M,3.61744,Risk:LOW,0,0,0,0,0,0,0,0,0,0,0,0,0,0,0,0,0,0,0,0,0,0,0,0,0,0,0,0
1962,1,1676,M,1.54152,Risk:LOW,0,0,0,0,0,0,0,0,0,0,0,0,0,0,0,0,0,0,0,0,0,0,0,0,0,0,0,0
1962,1,1677,F,30.071,Risk:LOW,0,0,16,0,0,0,1,0,0,0,40,0,0,0,6,0,0,0,16,0,0,0,25,0,0,0,40,0
1962,1,1678,F,63.677,Risk:HIGH,0,0,0,0,0,0,0,0,0,0,0,0,0,0,0,0,0,0,0,0,0,0,0,0,0,0,0,0
1962,1,1679,F,7.50909,Risk:LOW,0,0,0,0,0,0,0,0,0,0,0,0,0,0,0,0,0,0,0,0,0,0,0,0,0,0,0,0
1962,1,1680,F,10.7692,Risk:LOW,0,0,0,0,0,0,0,0,0,0,0,0,0,0,0,0,0,0,0,0,0,0,0,0,0,0,0,0
1962,1,1681,F,12.6917,Risk:LOW,0,0,0,0,0,0,0,0,0,0,0,0,0,0,0,0,0,0,0,0,0,0,0,0,0,0,0,0
1962,1,1682,F,55.6924,Risk:LOW,0,0,16,0,0,0,0,0,0,0,29,0,0,0,8,0,0,0,13,0,0,0,21,0,0,0,24,0
1962,1,1683,F,19.2658,Risk:LOW,0,0,4,0,0,0,0,0,0,0,6,0,0,0,1,0,0,0,4,0,0,0,5,0,0,0,6,0
1962,1,1684,F,25.0462,Risk:LOW,0,0,5,0,0,0,0,0,0,0,13,0,0,0,4,0,0,0,5,0,0,0,10,0,0,0,13,0
1962,1,1685,F,17.9952,Risk:LOW,0,0,5,0,0,0,0,0,0,0,8,0,0,0,3,0,0,0,5,0,0,0,7,0,0,0,8,0
1962,1,1686,F,5.52925,Risk:LOW,0,0,0,0,0,0,0,0,0,0,0,0,0,0,0,0,0,0,0,0,0,0,0,0,0,0,0,0
1962,1,1687,M,59.1473,Risk:LOW,0,0,28,0,0,0,0,0,0,0,67,0,0,0,13,0,0,0,27,0,0,0,41,0,0,0,56,0
1962,1,1688,F,2.47385,Risk:LOW,0,0,0,0,0,0,0,0,0,0,0,0,0,0,0,0,0,0,0,0,0,0,0,0,0,0,0,0
1962,1,1689,F,14.5971,Risk:LOW,0,0,0,0,0,0,0,0,0,0,0,0,0,0,0,0,0,0,0,0,0,0,0,0,0,0,0,0
1962,1,1690,F,13.7698,Risk:HIGH,0,0,0,0,0,0,0,0,0,0,0,0,0,0,0,0,0,0,0,0,0,0,0,0,0,0,0,0
1962,1,1691,M,40.082,Risk:LOW,0,0,16,0,0,0,2,0,0,0,32,0,0,0,7,0,0,0,15,0,0,0,24,0,0,0,31,0
1962,1,1692,F,6.85435,Risk:LOW,0,0,0,0,0,0,0,0,0,0,0,0,0,0,0,0,0,0,0,0,0,0,0,0,0,0,0,0
1962,1,1693,M,57.8661,Risk:LOW,0,0,37,0,0,0,0,0,0,0,73,0,0,0,16,0,0,0,34,0,0,0,54,0,0,0,61,0
1962,1,1694,M,2.2802,Risk:LOW,0,0,0,0,0,0,0,0,0,0,0,0,0,0,0,0,0,0,0,0,0,0,0,0,0,0,0,0
1962,1,1695,F,28.2164,Risk:LOW,0,0,21,0,0,0,1,0,0,0,40,0,0,0,13,0,0,0,21,0,0,0,33,0,0,0,37,0
1962,1,1696,M,30.281,Risk:LOW,0,0,12,0,0,0,1,0,0,0,17,0,0,0,9,0,0,0,12,0,0,0,14,0,0,0,17,0
1962,1,1697,M,18.4511,Risk:HIGH,8,0,0,0,0,0,0,0,15,0,0,0,2,0,0,0,3,0,0,0,4,0,0,0,4,0,0,0
1962,1,1698,M,20.0314,Risk:LOW,0,0,1,0,0,0,0,0,0,0,1,0,0,0,0,0,0,0,1,0,0,0,1,0,0,0,1,0
1962,1,1699,M,39.1543,Risk:LOW,0,0,17,0,0,0,0,0,0,0,33,0,0,0,12,0,0,0,17,0,0,0,26,0,0,0,31,0
1962,1,1700,M,41.767,Risk:HIGH,3,0,0,0,0,0,0,0,16,0,0,0,3,0,0,0,3,0,0,0,9,0,0,0,11,0,0,0
1962,1,1701,F,21.0661,Risk:LOW,0,0,5,0,0,0,0,0,0,0,6,0,0,0,4,0,0,0,5,0,0,0,6,0,0,0,6,0
1962,1,1702,F,48.7087,Risk:LOW,0,0,19,0,0,0,1,0,0,0,51,0,0,0,8,0,0,0,19,0,0,0,31,0,0,0,43,0
1962,1,1703,M,8.19774,Risk:LOW,0,0,0,0,0,0,0,0,0,0,0,0,0,0,0,0,0,0,0,0,0,0,0,0,0,0,0,0
1962,1,1704,F,50.9993,Risk:LOW,0,0,20,0,0,0,1,0,0,0,31,0,0,0,9,0,0,0,18,0,0,0,24,0,0,0,27,0
1962,1,1705,M,9.06279,Risk:LOW,0,0,0,0,0,0,0,0,0,0,0,0,0,0,0,0,0,0,0,0,0,0,0,0,0,0,0,0
1962,1,1706,M,7.48359,Risk:LOW,0,0,0,0,0,0,0,0,0,0,0,0,0,0,0,0,0,0,0,0,0,0,0,0,0,0,0,0
1962,1,1707,M,13.5799,Risk:LOW,0,0,0,0,0,0,0,0,0,0,0,0,0,0,0,0,0,0,0,0,0,0,0,0,0,0,0,0
1962,1,1708,F,3.10258,Risk:LOW,0,0,0,0,0,0,0,0,0,0,0,0,0,0,0,0,0,0,0,0,0,0,0,0,0,0,0,0
1962,1,1709,M,17.4418,Risk:LOW,0,0,0,0,0,0,0,0,0,0,0,0,0,0,0,0,0,0,0,0,0,0,0,0,0,0,0,0
1962,1,1710,M,3.36476,Risk:LOW,0,0,0,0,0,0,0,0,0,0,0,0,0,0,0,0,0,0,0,0,0,0,0,0,0,0,0,0
1962,1,1711,F,42.3581,Risk:LOW,0,0,28,0,0,0,0,0,0,0,69,0,0,0,16,0,0,0,26,0,0,0,44,0,0,0,57,0
1962,1,1712,F,78.8705,Risk:LOW,0,0,3,0,0,0,0,0,0,0,8,0,0,0,2,0,0,0,3,0,0,0,5,0,0,0,8,0
1962,1,1713,M,14.063,Risk:LOW,0,0,0,0,0,0,0,0,0,0,0,0,0,0,0,0,0,0,0,0,0,0,0,0,0,0,0,0
1962,1,1714,M,17.5075,Risk:LOW,0,0,1,0,0,0,0,0,0,0,1,0,0,0,1,0,0,0,1,0,0,0,1,0,0,0,1,0
1962,1,1715,F,3.87417,Risk:LOW,0,0,0,0,0,0,0,0,0,0,0,0,0,0,0,0,0,0,0,0,0,0,0,0,0,0,0,0
1962,1,1716,F,42.948,Risk:HIGH,0,0,0,0,0,0,0,0,0,0,0,0,0,0,0,0,0,0,0,0,0,0,0,0,0,0,0,0
1962,1,1717,M,6.59848,Risk:LOW,0,0,0,0,0,0,0,0,0,0,0,0,0,0,0,0,0,0,0,0,0,0,0,0,0,0,0,0
1962,1,1718,F,16.0982,Risk:LOW,0,0,1,0,0,0,0,0,0,0,1,0,0,0,1,0,0,0,1,0,0,0,1,0,0,0,1,0
1962,1,1719,M,16.9877,Risk:LOW,0,0,0,0,0,0,0,0,0,0,0,0,0,0,0,0,0,0,0,0,0,0,0,0,0,0,0,0
1962,1,1720,M,17.4939,Risk:LOW,0,0,1,0,0,0,0,0,0,0,3,0,0,0,1,0,0,0,1,0,0,0,3,0,0,0,3,0
1962,1,1721,F,19.5094,Risk:LOW,0,0,5,0,0,0,0,0,0,0,6,0,0,0,1,0,0,0,5,0,0,0,5,0,0,0,6,0
1962,1,1722,F,9.09188,Risk:LOW,0,0,0,0,0,0,0,0,0,0,0,0,0,0,0,0,0,0,0,0,0,0,0,0,0,0,0,0
1962,1,1723,M,22.171,Risk:LOW,0,0,0,0,0,0,0,0,0,0,0,0,0,0,0,0,0,0,0,0,0,0,0,0,0,0,0,0
1962,1,1724,F,7.03799,Risk:LOW,0,0,0,0,0,0,0,0,0,0,0,0,0,0,0,0,0,0,0,0,0,0,0,0,0,0,0,0
1962,1,1725,F,12.7656,Risk:LOW,0,0,0,0,0,0,0,0,0,0,0,0,0,0,0,0,0,0,0,0,0,0,0,0,0,0,0,0
1962,1,1726,M,29.7962,Risk:LOW,0,0,8,0,0,0,0,0,0,0,16,0,0,0,3,0,0,0,8,0,0,0,11,0,0,0,15,0
1962,1,1727,M,12.2337,Risk:LOW,0,0,0,0,0,0,0,0,0,0,0,0,0,0,0,0,0,0,0,0,0,0,0,0,0,0,0,0
1962,1,1728,F,10.7024,Risk:LOW,0,0,0,0,0,0,0,0,0,0,0,0,0,0,0,0,0,0,0,0,0,0,0,0,0,0,0,0
1962,1,1729,M,26.5509,Risk:LOW,0,0,3,0,0,0,0,0,0,0,7,0,0,0,0,0,0,0,4,0,0,0,7,0,0,0,7,0
1962,1,1730,M,12.4248,Risk:LOW,0,0,0,0,0,0,0,0,0,0,0,0,0,0,0,0,0,0,0,0,0,0,0,0,0,0,0,0
1962,1,1731,M,45.8043,Risk:LOW,0,0,39,0,0,0,1,0,0,0,73,0,0,0,20,0,0,0,39,0,0,0,54,0,0,0,62,0
1962,1,1732,F,35.2035,Risk:LOW,0,0,29,0,0,0,0,0,0,0,49,0,0,0,12,0,0,0,29,0,0,0,39,0,0,0,46,0
1962,1,1733,F,19.6453,Risk:LOW,0,0,5,0,0,0,0,0,0,0,7,0,0,0,3,0,0,0,5,0,0,0,5,0,0,0,7,0
1962,1,1734,F,45.8756,Risk:LOW,0,0,60,0,0,0,0,0,0,0,100,0,0,0,32,0,0,0,47,0,0,0,61,0,0,0,70,0
1962,1,1735,M,26.6665,Risk:LOW,0,0,3,0,0,0,0,0,0,0,9,0,0,0,1,0,0,0,4,0,0,0,7,0,0,0,9,0
1962,1,1736,M,38.4858,Risk:LOW,0,0,17,0,0,0,2,0,0,0,41,0,0,0,11,0,0,0,16,0,0,0,25,0,0,0,36,0
1962,1,1737,F,6.41526,Risk:LOW,0,0,0,0,0,0,0,0,0,0,0,0,0,0,0,0,0,0,0,0,0,0,0,0,0,0,0,0
1962,1,1738,M,9.41737,Risk:LOW,0,0,0,0,0,0,0,0,0,0,0,0,0,0,0,0,0,0,0,0,0,0,0,0,0,0,0,0
1962,1,1739,M,28.8216,Risk:LOW,0,0,7,0,0,0,0,0,0,0,16,0,0,0,2,0,0,0,6,0,0,0,11,0,0,0,14,0
1962,1,1740,F,45.0121,Risk:LOW,0,0,21,0,0,0,0,0,0,0,42,0,0,0,14,0,0,0,22,0,0,0,29,0,0,0,38,0
1963,1,2,F,13.0359,Risk:LOW,0,0,0,0,0,0,0,0,0,0,0,0,0,0,0,0,0,0,0,0,0,0,0,0,0,0,0,0
1963,1,3,F,21.6407,Risk:LOW,0,0,7,0,0,0,0,0,0,0,9,0,0,0,6,0,0,0,7,0,0,0,8,0,0,0,9,0
1963,1,4,M,74.3178,Risk:LOW,0,0,4,0,0,0,1,0,0,0,7,0,0,0,2,0,0,0,4,0,0,0,5,0,0,0,8,0
1963,1,5,M,40.3558,Risk:LOW,0,0,22,0,0,0,0,0,0,0,42,0,0,0,10,0,0,0,20,0,0,0,30,0,0,0,36,0
1963,1,6,M,12.2864,Risk:LOW,0,0,0,0,0,0,0,0,0,0,0,0,0,0,0,0,0,0,0,0,0,0,0,0,0,0,0,0
1963,1,7,F,8.96957,Risk:LOW,0,0,0,0,0,0,0,0,0,0,0,0,0,0,0,0,0,0,0,0,0,0,0,0,0,0,0,0
1963,1,8,F,30.0469,Risk:LOW,0,0,15,0,0,0,0,0,0,0,30,0,0,0,5,0,0,0,14,0,0,0,22,0,0,0,29,0
1963,1,9,F,52.2285,Risk:LOW,0,0,29,0,0,0,0,0,0,0,49,0,0,0,8,0,0,0,30,0,0,0,39,0,0,0,45,0
1963,1,10,M,51.0892,Risk:LOW,0,0,31,0,0,0,2,0,0,0,67,0,0,0,10,0,0,0,27,0,0,0,38,0,0,0,53,0
1963,1,11,M,38.5302,Risk:LOW,0,0,18,0,0,0,1,0,0,0,34,0,0,0,12,0,0,0,18,0,0,0,23,0,0,0,32,0
1963,1,12,M,3.87689,Risk:LOW,0,0,0,0,0,0,0,0,0,0,0,0,0,0,0,0,0,0,0,0,0,0,0,0,0,0,0,0
1963,1,13,M,45.2906,Risk:LOW,0,0,26,0,0,0,0,0,0,0,50,0,0,0,10,0,0,0,25,0,0,0,35,0,0,0,45,0
1963,1,14,M,52.7268,Risk:LOW,0,0,31,0,0,0,1,0,0,0,57,0,0,0,19,0,0,0,28,0,0,0,40,0,0,0,50,0
1963,1,15,F,22.5109,Risk:LOW,0,0,4,0,0,0,0,0,0,0,5,0,0,0,1,0,0,0,4,0,0,0,5,0,0,0,5,0
1963,1,16,M,6.47644,Risk:LOW,0,0,0,0,0,0,0,0,0,0,0,0,0,0,0,0,0,0,0,0,0,0,0,0,0,0,0,0
1963,1,17,M,7.33325,Risk:LOW,0,0,0,0,0,0,0,0,0,0,0,0,0,0,0,0,0,0,0,0,0,0,0,0,0,0,0,0
1963,1,18,M,9.23959,Risk:LOW,0,0,0,0,0,0,0,0,0,0,0,0,0,0,0,0,0,0,0,0,0,0,0,0,0,0,0,0
1963,1,19,M,4.25928,Risk:LOW,0,0,0,0,0,0,0,0,0,0,0,0,0,0,0,0,0,0,0,0,0,0,0,0,0,0,0,0
1963,1,20,M,42.0424,Risk:LOW,0,0,29,0,0,0,0,0,0,0,46,0,0,0,16,0,0,0,28,0,0,0,38,0,0,0,45,0
1963,1,21,M,46.112,Risk:LOW,0,0,24,0,0,0,0,0,0,0,54,0,0,0,11,0,0,0,23,0,0,0,35,0,0,0,46,0
1963,1,22,F,26.0803,Risk:LOW,0,0,11,0,0,0,0,0,0,0,15,0,0,0,7,0,0,0,11,0,0,0,13,0,0,0,16,0
1963,1,23,M,18.3817,Risk:LOW,0,0,0,0,0,0,0,0,0,0,0,0,0,0,0,0,0,0,0,0,0,0,0,0,0,0,0,0
1963,1,24,M,2.61016,Risk:HIGH,0,0,0,0,0,0,0,0,0,0,0,0,0,0,0,0,0,0,0,0,0,0,0,0,0,0,0,0
1963,1,25,F,26.8514,Risk:LOW,0,0,11,0,0,0,1,0,0,0,21,0,0,0,6,0,0,0,11,0,0,0,16,0,0,0,17,0
1963,1,26,M,16.9256,Risk:LOW,0,0,2,0,0,0,0,0,0,0,2,0,0,0,1,0,0,0,2,0,0,0,2,0,0,0,2,0
1963,1,27,F,12.6076,Risk:LOW,0,0,0,0,0,0,0,0,0,0,0,0,0,0,0,0,0,0,0,0,0,0,0,0,0,0,0,0
1963,1,28,M,2.60578,Risk:LOW,0,0,0,0,0,0,0,0,0,0,0,0,0,0,0,0,0,0,0,0,0,0,0,0,0,0,0,0
1963,1,29,F,50.1067,Risk:LOW,0,0,25,0,0,0,0,0,0,0,55,0,0,0,11,0,0,0,24,0,0,0,30,0,0,0,44,0
1963,1,30,M,14.9376,Risk:LOW,0,0,0,0,0,0,0,0,0,0,0,0,0,0,0,0,0,0,0,0,0,0,0,0,0,0,0,0
1963,1,31,F,51.701,Risk:LOW,0,0,30,0,0,0,0,0,0,0,58,0,0,0,17,0,0,0,27,0,0,0,37,0,0,0,47,0
1963,1,32,M,17.4021,Risk:LOW,0,0,0,0,0,0,0,0,0,0,0,0,0,0,0,0,0,0,0,0,0,0,0,0,0,0,0,0
1963,1,33,M,29.8182,Risk:LOW,0,0,4,0,0,0,0,0,0,0,7,0,0,0,0,0,0,0,4,0,0,0,6,0,0,0,9,0
1963,1,34,F,4.42764,Risk:LOW,0,0,0,0,0,0,0,0,0,0,0,0,0,0,0,0,0,0,0,0,0,0,0,0,0,0,0,0
1963,1,35,F,8.59369,Risk:LOW,0,0,0,0,0,0,0,0,0,0,0,0,0,0,0,0,0,0,0,0,0,0,0,0,0,0,0,0
1963,1,36,M,36.9515,Risk:LOW,0,0,23,0,0,0,1,0,0,0,33,0,0,0,14,0,0,0,21,0,0,0,27,0,0,0,31,0
1963,1,37,M,6.47306,Risk:LOW,0,0,0,0,0,0,0,0,0,0,0,0,0,0,0,0,0,0,0,0,0,0,0,0,0,0,0,0
1963,1,38,M,27.5608,Risk:LOW,0,0,4,0,0,0,0,0,0,0,10,0,0,0,1,0,0,0,5,0,0,0,7,0,0,0,10,0
1963,1,39,M,15.7856,Risk:LOW,0,0,0,0,0,0,0,0,0,0,0,0,0,0,0,0,0,0,0,0,0,0,0,0,0,0,0,0
1963,1,40,F,17.3593,Risk:LOW,0,0,5,0,0,0,0,0,0,0,9,0,0,0,3,0,0,0,5,0,0,0,7,0,0,0,9,0
1963,1,41,M,12.5248,Risk:LOW,0,0,0,0,0,0,0,0,0,0,0,0,0,0,0,0,0,0,0,0,0,0,0,0,0,0,0,0
1963,1,42,F,25.7142,Risk:LOW,0,0,10,0,0,0,0,0,0,0,19,0,0,0,6,0,0,0,10,0,0,0,15,0,0,0,20,0
1963,1,43,M,38.286,Risk:LOW,0,0,8,0,0,0,0,0,0,0,17,0,0,0,2,0,0,0,9,0,0,0,14,0,0,0,17,0
1963,1,44,F,9.08188,Risk:LOW,0,0,0,0,0,0,0,0,0,0,0,0,0,0,0,0,0,0,0,0,0,0,0,0,0,0,0,0
1963,1,45,M,60.9097,Risk:LOW,0,0,15,0,0,0,1,0,0,0,37,0,0,0,10,0,0,0,15,0,0,0,20,0,0,0,36,0
1963,1,46,F,14.3091,Risk:LOW,0,0,0,0,0,0,0,0,0,0,0,0,0,0,0,0,0,0,0,0,0,0,0,0,0,0,0,0
1963,1,47,M,8.69014,Risk:LOW,0,0,0,0,0,0,0,0,0,0,0,0,0,0,0,0,0,0,0,0,0,0,0,0,0,0,0,0
1963,1,48,M,12.7379,Risk:LOW,0,0,0,0,0,0,0,0,0,0,0,0,0,0,0,0,0,0,0,0,0,0,0,0,0,0,0,0
1963,1,49,M,3.78712,Risk:LOW,0,0,0,0,0,0,0,0,0,0,0,0,0,0,0,0,0,0,0,0,0,0,0,0,0,0,0,0
1963,1,50,F,32.2411,Risk:LOW,0,0,17,0,0,0,0,0,0,0,37,0,0,0,9,0,0,0,19,0,0,0,28,0,0,0,35,0
1963,1,51,F,14.3482,Risk:LOW,0,0,0,0,0,0,0,0,0,0,0,0,0,0,0,0,0,0,0,0,0,0,0,0,0,0,0,0
1963,1,52,F,30.953,Risk:LOW,0,0,14,0,0,0,0,0,0,0,27,0,0,0,7,0,0,0,13,0,0,0,22,0,0,0,26,0
1963,1,53,M,5.57237,Risk:LOW,0,0,0,0,0,0,0,0,0,0,0,0,0,0,0,0,0,0,0,0,0,0,0,0,0,0,0,0
1963,1,54,M,51.9959,Risk:LOW,0,0,33,0,0,0,0,0,0,0,63,0,0,0,12,0,0,0,28,0,0,0,39,0,0,0,49,0
1963,1,55,M,44.65,Risk:LOW,0,0,23,0,0,0,0,0,0,0,50,0,0,0,12,0,0,0,24,0,0,0,32,0,0,0,43,0
1963,1,56,M,30.5358,Risk:LOW,0,0,11,0,0,0,0,0,0,0,15,0,0,0,5,0,0,0,11,0,0,0,14,0,0,0,15,0
1963,1,57,M,46.4383,Risk:LOW,0,0,23,0,0,0,0,0,0,0,38,0,0,0,8,0,0,0,23,0,0,0,31,0,0,0,38,0
1963,1,58,M,22.6307,Risk:LOW,0,0,1,0,0,0,0,0,0,0,2,0,0,0,0,0,0,0,1,0,0,0,2,0,0,0,2,0
1963,1,59,M,35.207,Risk:LOW,0,0,11,0,0,0,0,0,0,0,26,0,0,0,5,0,0,0,10,0,0,0,16,0,0,0,24,0
1963,1,60,F,14.2143,Risk:LOW,0,0,0,0,0,0,0,0,0,0,0,0,0,0,0,0,0,0,0,0,0,0,0,0,0,0,0,0
1963,1,61,F,20.3575,Risk:LOW,0,0,4,0,0,0,0,0,0,0,7,0,0,0,4,0,0,0,4,0,0,0,6,0,0,0,7,0
1963,1,62,M,49.6511,Risk:LOW,0,0,42,0,0,0,1,0,0,0,90,0,0,0,18,0,0,0,41,0,0,0,52,0,0,0,71,0
1963,1,63,M,2.57115,Risk:LOW,0,0,0,0,0,0,0,0,0,0,0,0,0,0,0,0,0,0,0,0,0,0,0,0,0,0,0,0
1963,1,64,M,9.61787,Risk:LOW,0,0,0,0,0,0,0,0,0,0,0,0,0,0,0,0,0,0,0,0,0,0,0,0,0,0,0,0
1963,1,65,M,32.0802,Risk:LOW,0,0,15,0,0,0,1,0,0,0,21,0,0,0,11,0,0,0,15,0,0,0,19,0,0,0,21,0
1963,1,66,M,26.7782,Risk:HIGH,9,0,0,0,0,0,0,0,20,0,0,0,3,0,0,0,4,0,0,0,5,0,0,0,5,0,0,0
1963,1,67,M,19.6422,Risk:LOW,0,0,1,0,0,0,0,0,0,0,3,0,0,0,1,0,0,0,1,0,0,0,2,0,0,0,3,0
1963,1,68,F,36.6034,Risk:LOW,0,0,16,0,0,0,0,0,0,0,39,0,0,0,7,0,0,0,15,0,0,0,24,0,0,0,37,0
1963,1,69,F,19.3547,Risk:LOW,0,0,3,0,0,0,1,0,0,0,6,0,0,0,1,0,0,0,3,0,0,0,4,0,0,0,6,0
1963,1,70,F,42.3124,Risk:HIGH,1,0,0,0,0,0,0,0,2,0,0,0,1,0,0,0,1,0,0,0,1,0,0,0,1,0,0,0
1963,1,71,M,4.56477,Risk:LOW,0,0,0,0,0,0,0,0,0,0,0,0,0,0,0,0,0,0,0,0,0,0,0,0,0,0,0,0
1963,1,72,F,33.8817,Risk:LOW,0,0,25,0,0,0,0,0,0,0,47,0,0,0,13,0,0,0,23,0,0,0,32,0,0,0,42,0
1963,1,73,M,46.9274,Risk:LOW,0,0,22,0,0,0,0,0,0,0,47,0,0,0,11,0,0,0,23,0,0,0,35,0,0,0,45,0
1963,1,74,F,20.1707,Risk:LOW,0,0,1,0,0,0,0,0,0,0,3,0,0,0,1,0,0,0,1,0,0,0,2,0,0,0,5,0
1963,1,75,F,31.0671,Risk:LOW,0,0,15,0,0,0,1,0,0,0,28,0,0,0,9,0,0,0,15,0,0,0,24,0,0,0,27,0
1963,1,76,F,55.8848,Risk:LOW,0,0,13,0,0,0,0,0,0,0,25,0,0,0,5,0,0,0,11,0,0,0,16,0,0,0,19,0
1963,1,77,M,12.3542,Risk:LOW,0,0,0,0,0,0,0,0,0,0,0,0,0,0,0,0,0,0,0,0,0,0,0,0,0,0,0,0
1963,1,78,M,49.9109,Risk:LOW,0,0,52,0,0,0,1,0,0,0,105,0,0,0,25,0,0,0,49,0,0,0,71,0,0,0,80,0
1963,1,79,M,7.79679,Risk:LOW,0,0,0,0,0,0,0,0,0,0,0,0,0,0,0,0,0,0,0,0,0,0,0,0,0,0,0,0
1963,1,80,F,48.1892,Risk:LOW,0,0,19,0,0,0,1,0,0,0,43,0,0,0,11,0,0,0,19,0,0,0,29,0,0,0,37,0
1963,1,81,M,4.2772,Risk:LOW,0,0,0,0,0,0,0,0,0,0,0,0,0,0,0,0,0,0,0,0,0,0,0,0,0,0,0,0
1963,1,82,M,8.93743,Risk:LOW,0,0,0,0,0,0,0,0,0,0,0,0,0,0,0,0,0,0,0,0,0,0,0,0,0,0,0,0
1963,1,83,F,4.12974,Risk:LOW,0,0,0,0,0,0,0,0,0,0,0,0,0,0,0,0,0,0,0,0,0,0,0,0,0,0,0,0
1963,1,84,F,7.95445,Risk:LOW,0,0,0,0,0,0,0,0,0,0,0,0,0,0,0,0,0,0,0,0,0,0,0,0,0,0,0,0
1963,1,85,M,24.2894,Risk:LOW,0,0,1,0,0,0,0,0,0,0,6,0,0,0,0,0,0,0,1,0,0,0,4,0,0,0,6,0
1963,1,86,M,24.7827,Risk:LOW,0,0,2,0,0,0,0,0,0,0,5,0,0,0,0,0,0,0,2,0,0,0,4,0,0,0,5,0
1963,1,87,M,62.8523,Risk:LOW,0,0,4,0,0,0,0,0,0,0,23,0,0,0,2,0,0,0,4,0,0,0,16,0,0,0,20,0
1963,1,88,F,9.9166,Risk:LOW,0,0,0,0,0,0,0,0,0,0,0,0,0,0,0,0,0,0,0,0,0,0,0,0,0,0,0,0
1963,1,89,M,42.6944,Risk:LOW,0,0,15,0,0,0,1,0,0,0,39,0,0,0,9,0,0,0,14,0,0,0,26,0,0,0,36,0
1963,1,90,F,15.8354,Risk:LOW,0,0,4,0,0,0,0,0,0,0,4,0,0,0,4,0,0,0,4,0,0,0,4,0,0,0,4,0
1963,1,91,M,13.5111,Risk:LOW,0,0,0,0,0,0,0,0,0,0,0,0,0,0,0,0,0,0,0,0,0,0,0,0,0,0,0,0
1963,1,92,F,24.8868,Risk:LOW,0,0,7,0,0,0,0,0,0,0,14,0,0,0,5,0,0,0,7,0,0,0,10,0,0,0,13,0
1963,1,93,M,43.9037,Risk:LOW,0,0,23,0,0,0,1,0,0,0,50,0,0,0,11,0,0,0,21,0,0,0,32,0,0,0,42,0
1963,1,94,M,3.35128,Risk:LOW,0,0,0,0,0,0,0,0,0,0,0,0,0,0,0,0,0,0,0,0,0,0,0,0,0,0,0,0
1963,1,95,M,29.3244,Risk:LOW,0,0,8,0,0,0,1,0,0,0,14,0,0,0,4,0,0,0,8,0,0,0,10,0,0,0,14,0
1963,1,96,F,7.29582,Risk:LOW,0,0,0,0,0,0,0,0,0,0,0,0,0,0,0,0,0,0,0,0,0,0,0,0,0,0,0,0
1963,1,97,M,39.4026,Risk:LOW,0,0,20,0,0,0,0,0,0,0,32,0,0,0,10,0,0,0,17,0,0,0,26,0,0,0,29,0
1963,1,98,M,15.6178,Risk:LOW,0,0,0,0,0,0,0,0,0,0,0,0,0,0,0,0,0,0,0,0,0,0,0,0,0,0,0,0
1963,1,99,M,47.662,Risk:LOW,0,0,32,0,0,0,1,0,0,0,54,0,0,0,22,0,0,0,30,0,0,0,39,0,0,0,49,0
1963,1,100,M,55.9563,Risk:LOW,0,0,30,0,0,0,1,0,0,0,61,0,0,0,11,0,0,0,27,0,0,0,40,0,0,0,52,0
1963,1,101,F,24.3413,Risk:LOW,0,0,5,0,0,0,0,0,0,0,17,0,0,0,3,0,0,0,6,0,0,0,13,0,0,0,17,0
1963,1,102,M,57.7894,Risk:LOW,0,0,33,0,0,0,1,0,0,0,66,0,0,0,20,0,0,0,31,0,0,0,48,0,0,0,60,0
1963,1,103,F,34.5983,Risk:LOW,0,0,45,0,0,0,1,0,0,0,65,0,0,0,17,0,0,0,44,0,0,0,54,0,0,0,61,0
1963,1,104,F,56.5567,Risk:LOW,0,0,6,0,0,0,0,0,0,0,19,0,0,0,1,0,0,0,6,0,0,0,11,0,0,0,14,0
1963,1,105,F,19.5228,Risk:LOW,0,0,3,0,0,0,0,0,0,0,8,0,0,0,2,0,0,0,3,0,0,0,6,0,0,0,8,0
1963,1,106,M,13.0937,Risk:LOW,0,0,0,0,0,0,0,0,0,0,0,0,0,0,0,0,0,0,0,0,0,0,0,0,0,0,0,0
1963,1,107,F,6.19857,Risk:LOW,0,0,0,0,0,0,0,0,0,0,0,0,0,0,0,0,0,0,0,0,0,0,0,0,0,0,0,0
1963,1,108,F,37.0155,Risk:LOW,0,0,15,0,0,0,1,0,0,0,37,0,0,0,8,0,0,0,16,0,0,0,26,0,0,0,35,0
1963,1,109,F,6.32257,Risk:LOW,0,0,0,0,0,0,0,0,0,0,0,0,0,0,0,0,0,0,0,0,0,0,0,0,0,0,0,0
1963,1,110,F,50.258,Risk:LOW,0,0,22,0,0,0,0,0,0,0,45,0,0,0,13,0,0,0,19,0,0,0,28,0,0,0,36,0
1963,1,111,M,21.0389,Risk:LOW,0,0,2,0,0,0,0,0,0,0,2,0,0,0,2,0,0,0,2,0,0,0,2,0,0,0,2,0
1963,1,112,M,31.931,Risk:LOW,0,0,14,0,0,0,0,0,0,0,25,0,0,0,7,0,0,0,14,0,0,0,17,0,0,0,25,0
1963,1,113,F,14.1844,Risk:LOW,0,0,0,0,0,0,0,0,0,0,0,0,0,0,0,0,0,0,0,0,0,0,0,0,0,0,0,0
1963,1,114,F,49.6125,Risk:LOW,0,0,16,0,0,0,0,0,0,0,39,0,0,0,9,0,0,0,15,0,0,0,21,0,0,0,33,0
1963,1,115,F,43.6222,Risk:LOW,0,0,30,0,0,0,1,0,0,0,55,0,0,0,18,0,0,0,30,0,0,0,43,0,0,0,51,0
1963,1,116,M,3.78755,Risk:LOW,0,0,0,0,0,0,0,0,0,0,0,0,0,0,0,0,0,0,0,0,0,0,0,0,0,0,0,0
1963,1,117,F,5.89378,Risk:LOW,0,0,0,0,0,0,0,0,0,0,0,0,0,0,0,0,0,0,0,0,0,0,0,0,0,0,0,0
1963,1,118,M,30.0776,Risk:LOW,0,0,5,0,0,0,0,0,0,0,11,0,0,0,2,0,0,0,5,0,0,0,8,0,0,0,12,0
1963,1,119,M,35.9817,Risk:LOW,0,0,11,0,0,0,0,0,0,0,27,0,0,0,4,0,0,0,11,0,0,0,23,0,0,0,25,0
1963,1,120,F,29.1471,Risk:LOW,0,0,12,0,0,0,0,0,0,0,33,0,0,0,4,0,0,0,12,0,0,0,23,0,0,0,32,0
1963,1,121,M,12.9385,Risk:LOW,0,0,0,0,0,0,0,0,0,0,0,0,0,0,0,0,0,0,0,0,0,0,0,0,0,0,0,0
1963,1,122,M,4.72848,Risk:LOW,0,0,0,0,0,0,0,0,0,0,0,0,0,0,0,0,0,0,0,0,0,0,0,0,0,0,0,0
1963,1,123,F,7.48674,Risk:LOW,0,0,0,0,0,0,0,0,0,0,0,0,0,0,0,0,0,0,0,0,0,0,0,0,0,0,0,0
1963,1,124,F,12.1147,Risk:LOW,0,0,0,0,0,0,0,0,0,0,0,0,0,0,0,0,0,0,0,0,0,0,0,0,0,0,0,0
1963,1,125,F,11.0999,Risk:LOW,0,0,0,0,0,0,0,0,0,0,0,0,0,0,0,0,0,0,0,0,0,0,0,0,0,0,0,0
1963,1,126,F,48.966,Risk:LOW,0,0,20,0,0,0,1,0,0,0,35,0,0,0,12,0,0,0,17,0,0,0,23,0,0,0,32,0
1963,1,127,F,66.0062,Risk:LOW,0,0,2,0,0,0,0,0,0,0,6,0,0,0,1,0,0,0,2,0,0,0,4,0,0,0,7,0
1963,1,128,M,26.2794,Risk:LOW,0,0,3,0,0,0,0,0,0,0,7,0,0,0,2,0,0,0,3,0,0,0,4,0,0,0,7,0
1963,1,129,F,40.147,Risk:LOW,0,0,23,0,0,0,0,0,0,0,54,0,0,0,14,0,0,0,24,0,0,0,36,0,0,0,49,0
1963,1,130,F,4.65718,Risk:LOW,0,0,0,0,0,0,0,0,0,0,0,0,0,0,0,0,0,0,0,0,0,0,0,0,0,0,0,0
1963,1,131,F,9.85627,Risk:LOW,0,0,0,0,0,0,0,0,0,0,0,0,0,0,0,0,0,0,0,0,0,0,0,0,0,0,0,0
1963,1,132,M,19.9229,Risk:LOW,0,0,0,0,0,0,0,0,0,0,0,0,0,0,0,0,0,0,0,0,0,0,0,0,0,0,0,0
1963,1,133,M,35.2332,Risk:LOW,0,0,16,0,0,0,0,0,0,0,32,0,0,0,5,0,0,0,16,0,0,0,21,0,0,0,28,0
1963,1,134,F,15.9928,Risk:LOW,0,0,3,0,0,0,0,0,0,0,5,0,0,0,2,0,0,0,3,0,0,0,4,0,0,0,5,0
1963,1,135,M,51.1536,Risk:LOW,0,0,29,0,0,0,1,0,0,0,59,0,0,0,12,0,0,0,25,0,0,0,40,0,0,0,47,0
1963,1,136,F,10.625,Risk:LOW,0,0,0,0,0,0,0,0,0,0,0,0,0,0,0,0,0,0,0,0,0,0,0,0,0,0,0,0
1963,1,137,F,78.2347,Risk:LOW,0,0,4,0,0,0,0,0,0,0,8,0,0,0,1,0,0,0,4,0,0,0,6,0,0,0,7,0
1963,1,138,F,13.9837,Risk:LOW,0,0,0,0,0,0,0,0,0,0,0,0,0,0,0,0,0,0,0,0,0,0,0,0,0,0,0,0
1963,1,139,F,32.1599,Risk:LOW,0,0,16,0,0,0,0,0,0,0,30,0,0,0,7,0,0,0,16,0,0,0,22,0,0,0,26,0
1963,1,140,F,65.0547,Risk:LOW,0,0,1,0,0,0,0,0,0,0,6,0,0,0,1,0,0,0,1,0,0,0,3,0,0,0,6,0
1963,1,141,M,14.0951,Risk:HIGH,0,0,0,0,0,0,0,0,0,0,0,0,0,0,0,0,0,0,0,0,0,0,0,0,0,0,0,0
1963,1,142,F,28.4352,Risk:LOW,0,0,14,0,0,0,0,0,0,0,26,0,0,0,8,0,0,0,14,0,0,0,18,0,0,0,25,0
1963,1,143,M,4.80096,Risk:HIGH,0,0,0,0,0,0,0,0,0,0,0,0,0,0,0,0,0,0,0,0,0,0,0,0,0,0,0,0
1963,1,144,F,8.18198,Risk:LOW,0,0,0,0,0,0,0,0,0,0,0,0,0,0,0,0,0,0,0,0,0,0,0,0,0,0,0,0
1963,1,145,M,30.3473,Risk:LOW,0,0,7,0,0,0,0,0,0,0,13,0,0,0,5,0,0,0,7,0,0,0,11,0,0,0,13,0
1963,1,146,F,8.40232,Risk:LOW,0,0,0,0,0,0,0,0,0,0,0,0,0,0,0,0,0,0,0,0,0,0,0,0,0,0,0,0
1963,1,147,M,61.9209,Risk:LOW,0,0,12,0,0,0,1,0,0,0,30,0,0,0,6,0,0,0,11,0,0,0,20,0,0,0,29,0
1963,1,148,M,77.7909,Risk:LOW,0,0,4,0,0,0,1,0,0,0,10,0,0,0,4,0,0,0,4,0,0,0,8,0,0,0,10,0
1963,1,149,F,34.9683,Risk:LOW,0,0,31,0,0,0,0,0,0,0,51,0,0,0,18,0,0,0,31,0,0,0,41,0,0,0,49,0
1963,1,150,M,55.2301,Risk:LOW,0,0,56,0,0,0,0,0,0,0,104,0,0,0,23,0,0,0,47,0,0,0,59,0,0,0,75,0
1963,1,151,M,25.0511,Risk:HIGH,11,0,0,0,1,0,0,0,21,0,0,0,4,0,0,0,6,0,0,0,6,0,0,0,6,0,0,0
1963,1,152,F,4.76723,Risk:LOW,0,0,0,0,0,0,0,0,0,0,0,0,0,0,0,0,0,0,0,0,0,0,0,0,0,0,0,0
1963,1,153,F,31.4029,Risk:LOW,0,0,15,0,0,0,0,0,0,0,30,0,0,0,8,0,0,0,15,0,0,0,23,0,0,0,30,0
1963,1,154,F,26.4202,Risk:LOW,0,0,11,0,0,0,1,0,0,0,23,0,0,0,6,0,0,0,11,0,0,0,17,0,0,0,22,0
1963,1,155,F,11.1004,Risk:LOW,0,0,0,0,0,0,0,0,0,0,0,0,0,0,0,0,0,0,0,0,0,0,0,0,0,0,0,0
1963,1,156,M,69.6167,Risk:LOW,0,0,11,0,0,0,0,0,0,0,17,0,0,0,6,0,0,0,11,0,0,0,12,0,0,0,17,0
1963,1,157,F,36.7949,Risk:LOW,0,0,23,0,0,0,1,0,0,0,45,0,0,0,14,0,0,0,22,0,0,0,31,0,0,0,39,0
1963,1,158,F,5.21166,Risk:LOW,0,0,0,0,0,0,0,0,0,0,0,0,0,0,0,0,0,0,0,0,0,0,0,0,0,0,0,0
1963,1,159,F,11.1497,Risk:LOW,0,0,0,0,0,0,0,0,0,0,0,0,0,0,0,0,0,0,0,0,0,0,0,0,0,0,0,0
1963,1,160,F,41.1172,Risk:LOW,0,0,23,0,0,0,1,0,0,0,47,0,0,0,11,0,0,0,21,0,0,0,26,0,0,0,41,0
1963,1,161,F,45.8168,Risk:LOW,0,0,25,0,0,0,2,0,0,0,52,0,0,0,13,0,0,0,23,0,0,0,31,0,0,0,43,0
1963,1,162,F,46.1612,Risk:LOW,0,0,21,0,0,0,0,0,0,0,47,0,0,0,10,0,0,0,19,0,0,0,28,0,0,0,36,0
1963,1,163,M,7.53363,Risk:LOW,0,0,0,0,0,0,0,0,0,0,0,0,0,0,0,0,0,0,0,0,0,0,0,0,0,0,0,0
1963,1,164,M,51.9749,Risk:LOW,0,0,24,0,0,0,1,0,0,0,52,0,0,0,15,0,0,0,25,0,0,0,40,0,0,0,48,0
1963,1,165,M,6.91261,Risk:LOW,0,0,0,0,0,0,0,0,0,0,0,0,0,0,0,0,0,0,0,0,0,0,0,0,0,0,0,0
1963,1,166,M,45.197,Risk:LOW,0,0,25,0,0,0,1,0,0,0,49,0,0,0,14,0,0,0,23,0,0,0,31,0,0,0,46,0
1963,1,167,M,70.2571,Risk:LOW,0,0,8,0,0,0,0,0,0,0,12,0,0,0,5,0,0,0,7,0,0,0,10,0,0,0,11,0
1963,1,168,F,6.62713,Risk:HIGH,0,0,0,0,0,0,0,0,0,0,0,0,0,0,0,0,0,0,0,0,0,0,0,0,0,0,0,0
1963,1,169,M,44.7001,Risk:LOW,0,0,29,0,0,0,1,0,0,0,49,0,0,0,12,0,0,0,29,0,0,0,39,0,0,0,49,0
1963,1,170,M,11.1931,Risk:LOW,0,0,0,0,0,0,0,0,0,0,0,0,0,0,0,0,0,0,0,0,0,0,0,0,0,0,0,0
1963,1,171,F,18.4582,Risk:LOW,0,0,3,0,0,0,0,0,0,0,8,0,0,0,1,0,0,0,3,0,0,0,5,0,0,0,8,0
1963,1,172,F,11.9734,Risk:LOW,0,0,0,0,0,0,0,0,0,0,0,0,0,0,0,0,0,0,0,0,0,0,0,0,0,0,0,0
1963,1,173,F,42.4052,Risk:LOW,0,0,24,0,0,0,1,0,0,0,51,0,0,0,14,0,0,0,24,0,0,0,35,0,0,0,46,0
1963,1,174,F,17.864,Risk:LOW,0,0,4,0,0,0,0,0,0,0,5,0,0,0,1,0,0,0,4,0,0,0,5,0,0,0,5,0
1963,1,175,F,16.3979,Risk:LOW,0,0,0,0,0,0,0,0,0,0,0,0,0,0,0,0,0,0,0,0,0,0,0,0,0,0,0,0
1963,1,176,F,57.5963,Risk:LOW,0,0,13,0,0,0,0,0,0,0,22,0,0,0,9,0,0,0,12,0,0,0,15,0,0,0,16,0
1963,1,177,M,75.8864,Risk:LOW,0,0,5,0,0,0,0,0,0,0,9,0,0,0,3,0,0,0,5,0,0,0,6,0,0,0,9,0
1963,1,178,M,46.5203,Risk:LOW,0,0,15,0,0,0,0,0,0,0,39,0,0,0,7,0,0,0,15,0,0,0,28,0,0,0,37,0
1963,1,179,M,15.3972,Risk:LOW,0,0,0,0,0,0,0,0,0,0,0,0,0,0,0,0,0,0,0,0,0,0,0,0,0,0,0,0
1963,1,180,M,6.52895,Risk:LOW,0,0,0,0,0,0,0,0,0,0,0,0,0,0,0,0,0,0,0,0,0,0,0,0,0,0,0,0
1963,1,181,F,4.64529,Risk:LOW,0,0,0,0,0,0,0,0,0,0,0,0,0,0,0,0,0,0,0,0,0,0,0,0,0,0,0,0
1963,1,182,M,15.8891,Risk:LOW,0,0,0,0,0,0,0,0,0,0,0,0,0,0,0,0,0,0,0,0,0,0,0,0,0,0,0,0
1963,1,183,M,27.0688,Risk:LOW,0,0,6,0,0,0,1,0,0,0,12,0,0,0,4,0,0,0,6,0,0,0,9,0,0,0,11,0
1963,1,184,M,19.1887,Risk:LOW,0,0,0,0,0,0,0,0,0,0,0,0,0,0,0,0,0,0,0,0,0,0,0,0,0,0,0,0
1963,1,185,F,5.01072,Risk:LOW,0,0,0,0,0,0,0,0,0,0,0,0,0,0,0,0,0,0,0,0,0,0,0,0,0,0,0,0
1963,1,186,M,69.2647,Risk:LOW,0,0,5,0,0,0,0,0,0,0,13,0,0,0,4,0,0,0,6,0,0,0,7,0,0,0,12,0
1963,1,187,M,10.3247,Risk:LOW,0,0,0,0,0,0,0,0,0,0,0,0,0,0,0,0,0,0,0,0,0,0,0,0,0,0,0,0
1963,1,188,F,22.5131,Risk:LOW,0,0,5,0,0,0,0,0,0,0,12,0,0,0,2,0,0,0,5,0,0,0,9,0,0,0,12,0
1963,1,189,F,66.8249,Risk:LOW,0,0,5,0,0,0,1,0,0,0,10,0,0,0,4,0,0,0,5,0,0,0,7,0,0,0,9,0
1963,1,190,F,19.3229,Risk:LOW,0,0,3,0,0,0,0,0,0,0,4,0,0,0,0,0,0,0,3,0,0,0,4,0,0,0,4,0
1963,1,191,F,36.8012,Risk:LOW,0,0,23,0,0,0,1,0,0,0,40,0,0,0,13,0,0,0,21,0,0,0,26,0,0,0,36,0
1963,1,192,F,24.7394,Risk:LOW,0,0,7,0,0,0,0,0,0,0,16,0,0,0,3,0,0,0,7,0,0,0,10,0,0,0,16,0
1963,1,193,F,11.8121,Risk:LOW,0,0,0,0,0,0,0,0,0,0,0,0,0,0,0,0,0,0,0,0,0,0,0,0,0,0,0,0
1963,1,194,F,2.79155,Risk:LOW,0,0,0,0,0,0,0,0,0,0,0,0,0,0,0,0,0,0,0,0,0,0,0,0,0,0,0,0
1963,1,195,F,22.3609,Risk:LOW,0,0,5,0,0,0,0,0,0,0,8,0,0,0,2,0,0,0,5,0,0,0,6,0,0,0,8,0
1963,1,196,M,37.8287,Risk:LOW,0,0,13,0,0,0,0,0,0,0,24,0,0,0,7,0,0,0,14,0,0,0,20,0,0,0,24,0
1963,1,197,F,26.5552,Risk:LOW,0,0,12,0,0,0,1,0,0,0,22,0,0,0,6,0,0,0,13,0,0,0,17,0,0,0,22,0
1963,1,198,F,54.8817,Risk:LOW,0,0,18,0,0,0,1,0,0,0,29,0,0,0,10,0,0,0,18,0,0,0,22,0,0,0,25,0
1963,1,199,F,78.0699,Risk:LOW,0,0,4,0,0,0,0,0,0,0,4,0,0,0,2,0,0,0,4,0,0,0,4,0,0,0,4,0
1963,1,200,M,17.3016,Risk:LOW,0,0,2,0,0,0,0,0,0,0,5,0,0,0,1,0,0,0,2,0,0,0,4,0,0,0,5,0
1963,1,201,M,14.7841,Risk:LOW,0,0,0,0,0,0,0,0,0,0,0,0,0,0,0,0,0,0,0,0,0,0,0,0,0,0,0,0
1963,1,202,F,28.8305,Risk:LOW,0,0,14,0,0,0,0,0,0,0,29,0,0,0,5,0,0,0,11,0,0,0,19,0,0,0,26,0
1963,1,203,F,41.0882,Risk:LOW,0,0,31,0,0,0,1,0,0,0,58,0,0,0,15,0,0,0,28,0,0,0,40,0,0,0,51,0
1963,1,204,F,34.9071,Risk:LOW,0,0,25,0,0,0,0,0,0,0,60,0,0,0,11,0,0,0,26,0,0,0,38,0,0,0,56,0
1963,1,205,F,57.0747,Risk:LOW,0,0,16,0,0,0,1,0,0,0,28,0,0,0,9,0,0,0,15,0,0,0,21,0,0,0,23,0
1963,1,206,F,18.1943,Risk:LOW,0,0,1,0,0,0,0,0,0,0,3,0,0,0,1,0,0,0,1,0,0,0,2,0,0,0,3,0
1963,1,207,F,8.9972,Risk:LOW,0,0,0,0,0,0,0,0,0,0,0,0,0,0,0,0,0,0,0,0,0,0,0,0,0,0,0,0
1963,1,208,F,25.3746,Risk:LOW,0,0,10,0,0,0,0,0,0,0,19,0,0,0,6,0,0,0,10,0,0,0,14,0,0,0,19,0
1963,1,209,F,22.4729,Risk:LOW,0,0,3,0,0,0,0,0,0,0,7,0,0,0,2,0,0,0,3,0,0,0,6,0,0,0,7,0
1963,1,210,M,51.728,Risk:LOW,0,0,30,0,0,0,1,0,0,0,67,0,0,0,15,0,0,0,28,0,0,0,41,0,0,0,53,0
1963,1,211,F,14.5288,Risk:LOW,0,0,0,0,0,0,0,0,0,0,0,0,0,0,0,0,0,0,0,0,0,0,0,0,0,0,0,0
1963,1,212,F,25.1829,Risk:HIGH,25,0,0,0,1,0,0,0,54,0,0,0,4,0,0,0,8,0,0,0,9,0,0,0,9,0,0,0
1963,1,213,M,54.8573,Risk:LOW,0,0,47,0,0,0,0,0,0,0,101,0,0,0,19,0,0,0,39,0,0,0,58,0,0,0,74,0
1963,1,214,F,22.3852,Risk:LOW,0,0,4,0,0,0,0,0,0,0,8,0,0,0,2,0,0,0,4,0,0,0,6,0,0,0,8,0
1963,1,215,F,12.5265,Risk:LOW,0,0,0,0,0,0,0,0,0,0,0,0,0,0,0,0,0,0,0,0,0,0,0,0,0,0,0,0
1963,1,216,M,18.2592,Risk:LOW,0,0,1,0,0,0,0,0,0,0,1,0,0,0,1,0,0,0,1,0,0,0,1,0,0,0,1,0
1963,1,217,M,24.9299,Risk:LOW,0,0,2,0,0,0,1,0,0,0,4,0,0,0,2,0,0,0,2,0,0,0,4,0,0,0,4,0
1963,1,218,M,42.0241,Risk:LOW,0,0,11,0,0,0,0,0,0,0,36,0,0,0,4,0,0,0,11,0,0,0,25,0,0,0,34,0
1963,1,219,F,49.8932,Risk:LOW,0,0,22,0,0,0,0,0,0,0,52,0,0,0,9,0,0,0,22,0,0,0,33,0,0,0,39,0
1963,1,220,M,81.4226,Risk:LOW,0,0,7,0,0,0,0,0,0,0,14,0,0,0,5,0,0,0,6,0,0,0,9,0,0,0,12,0
1963,1,221,M,38.7303,Risk:HIGH,9,0,0,0,0,0,0,0,21,0,0,0,4,0,0,0,5,0,0,0,7,0,0,0,8,0,0,0
1963,1,222,F,21.3416,Risk:LOW,0,0,3,0,0,0,0,0,0,0,7,0,0,0,2,0,0,0,3,0,0,0,6,0,0,0,7,0
1963,1,223,F,74.6228,Risk:LOW,0,0,9,0,0,0,0,0,0,0,13,0,0,0,5,0,0,0,9,0,0,0,12,0,0,0,13,0
1963,1,224,F,59.6355,Risk:LOW,0,0,20,0,0,0,1,0,0,0,41,0,0,0,11,0,0,0,19,0,0,0,23,0,0,0,31,0
1963,1,225,M,4.78541,Risk:LOW,0,0,0,0,0,0,0,0,0,0,0,0,0,0,0,0,0,0,0,0,0,0,0,0,0,0,0,0
1963,1,226,M,34.6174,Risk:LOW,0,0,20,0,0,0,1,0,0,0,31,0,0,0,11,0,0,0,20,0,0,0,23,0,0,0,27,0
1963,1,227,M,23.9754,Risk:LOW,0,0,0,0,0,0,0,0,0,0,3,0,0,0,0,0,0,0,0,0,0,0,1,0,0,0,3,0
1963,1,228,F,66.4014,Risk:LOW,0,0,4,0,0,0,1,0,0,0,4,0,0,0,2,0,0,0,4,0,0,0,4,0,0,0,4,0
1963,1,229,M,20.3561,Risk:LOW,0,0,1,0,0,0,0,0,0,0,2,0,0,0,0,0,0,0,1,0,0,0,1,0,0,0,2,0
1963,1,230,F,32.3132,Risk:LOW,0,0,24,0,0,0,1,0,0,0,42,0,0,0,14,0,0,0,24,0,0,0,34,0,0,0,40,0
1963,1,231,F,41.8212,Risk:LOW,0,0,26,0,0,0,1,0,0,0,60,0,0,0,14,0,0,0,26,0,0,0,43,0,0,0,52,0
1963,1,232,F,11.5614,Risk:LOW,0,0,0,0,0,0,0,0,0,0,0,0,0,0,0,0,0,0,0,0,0,0,0,0,0,0,0,0
1963,1,233,F,40.2591,Risk:LOW,0,0,26,0,0,0,0,0,0,0,75,0,0,0,9,0,0,0,26,0,0,0,41,0,0,0,63,0
1963,1,234,F,41.6736,Risk:LOW,0,0,38,0,0,0,1,0,0,0,68,0,0,0,13,0,0,0,34,0,0,0,46,0,0,0,58,0
1963,1,235,M,42.7742,Risk:LOW,0,0,23,0,0,0,1,0,0,0,41,0,0,0,14,0,0,0,23,0,0,0,30,0,0,0,39,0
1963,1,236,M,50.6717,Risk:LOW,0,0,23,0,0,0,1,0,0,0,55,0,0,0,14,0,0,0,21,0,0,0,28,0,0,0,45,0
1963,1,237,M,41.1748,Risk:HIGH,6,0,0,0,1,0,0,0,9,0,0,0,2,0,0,0,5,0,0,0,5,0,0,0,6,0,0,0
1963,1,238,M,40.5,Risk:LOW,0,0,21,0,0,0,1,0,0,0,30,0,0,0,7,0,0,0,20,0,0,0,26,0,0,0,29,0
1963,1,239,M,20.3864,Risk:LOW,0,0,1,0,0,0,0,0,0,0,1,0,0,0,0,0,0,0,1,0,0,0,1,0,0,0,1,0
1963,1,240,F,12.044,Risk:LOW,0,0,0,0,0,0,0,0,0,0,0,0,0,0,0,0,0,0,0,0,0,0,0,0,0,0,0,0
1963,1,241,F,34.8411,Risk:LOW,0,0,31,0,0,0,1,0,0,0,60,0,0,0,15,0,0,0,29,0,0,0,39,0,0,0,57,0
1963,1,242,F,47.6842,Risk:LOW,0,0,20,0,0,0,2,0,0,0,53,0,0,0,11,0,0,0,18,0,0,0,27,0,0,0,39,0
1963,1,243,M,27.4141,Risk:LOW,0,0,4,0,0,0,0,0,0,0,10,0,0,0,1,0,0,0,4,0,0,0,8,0,0,0,10,0
1963,1,244,M,74.6486,Risk:LOW,0,0,4,0,0,0,0,0,0,0,8,0,0,0,3,0,0,0,4,0,0,0,7,0,0,0,8,0
1963,1,245,F,50.1899,Risk:LOW,0,0,24,0,0,0,1,0,0,0,50,0,0,0,14,0,0,0,22,0,0,0,32,0,0,0,40,0
1963,1,246,F,10.8264,Risk:LOW,0,0,0,0,0,0,0,0,0,0,0,0,0,0,0,0,0,0,0,0,0,0,0,0,0,0,0,0
1963,1,247,M,65.578,Risk:HIGH,1,0,0,0,0,0,0,0,3,0,0,0,0,0,0,0,1,0,0,0,2,0,0,0,3,0,0,0
1963,1,248,M,50.0092,Risk:LOW,0,0,51,0,0,0,0,0,0,0,92,0,0,0,24,0,0,0,47,0,0,0,63,0,0,0,75,0
1963,1,249,F,8.18169,Risk:LOW,0,0,0,0,0,0,0,0,0,0,0,0,0,0,0,0,0,0,0,0,0,0,0,0,0,0,0,0
1963,1,250,M,38.0327,Risk:LOW,0,0,12,0,0,0,0,0,0,0,28,0,0,0,6,0,0,0,13,0,0,0,21,0,0,0,25,0
1963,1,251,F,36.8486,Risk:LOW,0,0,17,0,0,0,0,0,0,0,42,0,0,0,10,0,0,0,17,0,0,0,31,0,0,0,41,0
1963,1,252,F,62.011,Risk:HIGH,1,0,0,0,0,0,0,0,1,0,0,0,1,0,0,0,1,0,0,0,1,0,0,0,1,0,0,0
1963,1,253,F,9.23592,Risk:LOW,0,0,0,0,0,0,0,0,0,0,0,0,0,0,0,0,0,0,0,0,0,0,0,0,0,0,0,0
1963,1,254,M,6.84188,Risk:LOW,0,0,0,0,0,0,0,0,0,0,0,0,0,0,0,0,0,0,0,0,0,0,0,0,0,0,0,0
1963,1,255,M,5.01637,Risk:LOW,0,0,0,0,0,0,0,0,0,0,0,0,0,0,0,0,0,0,0,0,0,0,0,0,0,0,0,0
1963,1,256,F,24.207,Risk:LOW,0,0,8,0,0,0,0,0,0,0,21,0,0,0,4,0,0,0,8,0,0,0,14,0,0,0,21,0
1963,1,257,M,33.6055,Risk:LOW,0,0,18,0,0,0,0,0,0,0,26,0,0,0,10,0,0,0,18,0,0,0,24,0,0,0,25,0
1963,1,258,M,6.71882,Risk:LOW,0,0,0,0,0,0,0,0,0,0,0,0,0,0,0,0,0,0,0,0,0,0,0,0,0,0,0,0
1963,1,259,F,16.0779,Risk:LOW,0,0,0,0,0,0,0,0,0,0,0,0,0,0,0,0,0,0,0,0,0,0,0,0,0,0,0,0
1963,1,260,F,62.7441,Risk:LOW,0,0,13,0,0,0,1,0,0,0,32,0,0,0,3,0,0,0,13,0,0,0,17,0,0,0,26,0
1963,1,261,M,5.95557,Risk:LOW,0,0,0,0,0,0,0,0,0,0,0,0,0,0,0,0,0,0,0,0,0,0,0,0,0,0,0,0
1963,1,262,F,55.9171,Risk:LOW,0,0,6,0,0,0,0,0,0,0,15,0,0,0,3,0,0,0,6,0,0,0,10,0,0,0,13,0
1963,1,263,M,12.5733,Risk:LOW,0,0,0,0,0,0,0,0,0,0,0,0,0,0,0,0,0,0,0,0,0,0,0,0,0,0,0,0
1963,1,264,F,30.0664,Risk:HIGH,15,0,0,0,0,0,0,0,32,0,0,0,4,0,0,0,8,0,0,0,10,0,0,0,12,0,0,0
1963,1,265,M,3.57099,Risk:LOW,0,0,0,0,0,0,0,0,0,0,0,0,0,0,0,0,0,0,0,0,0,0,0,0,0,0,0,0
1963,1,266,F,9.59791,Risk:LOW,0,0,0,0,0,0,0,0,0,0,0,0,0,0,0,0,0,0,0,0,0,0,0,0,0,0,0,0
1963,1,267,F,39.9677,Risk:LOW,0,0,41,0,0,0,0,0,0,0,84,0,0,0,22,0,0,0,38,0,0,0,56,0,0,0,71,0
1963,1,268,F,65.4053,Risk:HIGH,0,0,0,0,0,0,0,0,0,0,0,0,0,0,0,0,0,0,0,0,0,0,0,0,0,0,0,0
1963,1,269,F,53.9087,Risk:LOW,0,0,16,0,0,0,0,0,0,0,36,0,0,0,6,0,0,0,14,0,0,0,22,0,0,0,29,0
1963,1,270,M,43.4043,Risk:LOW,0,0,22,0,0,0,0,0,0,0,53,0,0,0,12,0,0,0,20,0,0,0,37,0,0,0,47,0
1963,1,271,F,5.44132,Risk:LOW,0,0,0,0,0,0,0,0,0,0,0,0,0,0,0,0,0,0,0,0,0,0,0,0,0,0,0,0
1963,1,272,M,17.2129,Risk:HIGH,0,0,0,0,0,0,0,0,0,0,0,0,0,0,0,0,0,0,0,0,0,0,0,0,0,0,0,0
1963,1,273,F,68.7067,Risk:LOW,0,0,2,0,0,0,0,0,0,0,6,0,0,0,2,0,0,0,2,0,0,0,4,0,0,0,7,0
1963,1,274,F,9.82557,Risk:LOW,0,0,0,0,0,0,0,0,0,0,0,0,0,0,0,0,0,0,0,0,0,0,0,0,0,0,0,0
1963,1,275,F,18.7996,Risk:LOW,0,0,5,0,0,0,0,0,0,0,6,0,0,0,4,0,0,0,5,0,0,0,5,0,0,0,5,0
1963,1,276,M,31.3357,Risk:LOW,0,0,14,0,0,0,0,0,0,0,28,0,0,0,6,0,0,0,14,0,0,0,19,0,0,0,27,0
1963,1,277,F,13.2448,Risk:LOW,0,0,0,0,0,0,0,0,0,0,0,0,0,0,0,0,0,0,0,0,0,0,0,0,0,0,0,0
1963,1,278,M,43.0871,Risk:LOW,0,0,19,0,0,0,0,0,0,0,36,0,0,0,8,0,0,0,19,0,0,0,24,0,0,0,33,0
1963,1,279,M,6.98165,Risk:LOW,0,0,0,0,0,0,0,0,0,0,0,0,0,0,0,0,0,0,0,0,0,0,0,0,0,0,0,0
1963,1,280,M,12.6651,Risk:LOW,0,0,0,0,0,0,0,0,0,0,0,0,0,0,0,0,0,0,0,0,0,0,0,0,0,0,0,0
1963,1,281,M,54.3244,Risk:LOW,0,0,45,0,0,0,0,0,0,0,74,0,0,0,18,0,0,0,40,0,0,0,48,0,0,0,55,0
1963,1,282,M,6.59828,Risk:LOW,0,0,0,0,0,0,0,0,0,0,0,0,0,0,0,0,0,0,0,0,0,0,0,0,0,0,0,0
1963,1,283,M,3.87005,Risk:HIGH,0,0,0,0,0,0,0,0,0,0,0,0,0,0,0,0,0,0,0,0,0,0,0,0,0,0,0,0
1963,1,284,F,40.6847,Risk:LOW,0,0,22,0,0,0,0,0,0,0,49,0,0,0,11,0,0,0,22,0,0,0,32,0,0,0,45,0
1963,1,285,M,62.7468,Risk:LOW,0,0,10,0,0,0,0,0,0,0,34,0,0,0,4,0,0,0,11,0,0,0,20,0,0,0,30,0
1963,1,286,M,55.7183,Risk:LOW,0,0,29,0,0,0,2,0,0,0,68,0,0,0,15,0,0,0,26,0,0,0,44,0,0,0,57,0
1963,1,287,M,33.2644,Risk:LOW,0,0,10,0,0,0,0,0,0,0,28,0,0,0,6,0,0,0,10,0,0,0,20,0,0,0,28,0
1963,1,288,F,3.10881,Risk:LOW,0,0,0,0,0,0,0,0,0,0,0,0,0,0,0,0,0,0,0,0,0,0,0,0,0,0,0,0
1963,1,289,M,43.0483,Risk:LOW,0,0,26,0,0,0,0,0,0,0,53,0,0,0,11,0,0,0,25,0,0,0,31,0,0,0,44,0
1963,1,290,M,10.343,Risk:LOW,0,0,0,0,0,0,0,0,0,0,0,0,0,0,0,0,0,0,0,0,0,0,0,0,0,0,0,0
1963,1,291,M,41.8782,Risk:LOW,0,0,10,0,0,0,0,0,0,0,30,0,0,0,5,0,0,0,10,0,0,0,23,0,0,0,30,0
1963,1,292,M,22.2451,Risk:LOW,0,0,0,0,0,0,0,0,0,0,1,0,0,0,0,0,0,0,0,0,0,0,0,0,0,0,1,0
1963,1,293,M,24.7319,Risk:LOW,0,0,2,0,0,0,0,0,0,0,4,0,0,0,1,0,0,0,2,0,0,0,3,0,0,0,4,0
1963,1,294,F,27.3448,Risk:LOW,0,0,8,0,0,0,0,0,0,0,17,0,0,0,5,0,0,0,8,0,0,0,14,0,0,0,17,0
1963,1,295,F,30.0217,Risk:LOW,0,0,15,0,0,0,1,0,0,0,31,0,0,0,9,0,0,0,15,0,0,0,22,0,0,0,29,0
1963,1,296,M,6.27346,Risk:HIGH,0,0,0,0,0,0,0,0,0,0,0,0,0,0,0,0,0,0,0,0,0,0,0,0,0,0,0,0
1963,1,297,M,9.29804,Risk:LOW,0,0,0,0,0,0,0,0,0,0,0,0,0,0,0,0,0,0,0,0,0,0,0,0,0,0,0,0
1963,1,298,M,4.97903,Risk:LOW,0,0,0,0,0,0,0,0,0,0,0,0,0,0,0,0,0,0,0,0,0,0,0,0,0,0,0,0
1963,1,299,M,29.6424,Risk:LOW,0,0,9,0,0,0,0,0,0,0,13,0,0,0,4,0,0,0,9,0,0,0,10,0,0,0,13,0
1963,1,300,F,5.39223,Risk:LOW,0,0,0,0,0,0,0,0,0,0,0,0,0,0,0,0,0,0,0,0,0,0,0,0,0,0,0,0
1963,1,301,F,9.63272,Risk:LOW,0,0,0,0,0,0,0,0,0,0,0,0,0,0,0,0,0,0,0,0,0,0,0,0,0,0,0,0
1963,1,302,M,5.3851,Risk:LOW,0,0,0,0,0,0,0,0,0,0,0,0,0,0,0,0,0,0,0,0,0,0,0,0,0,0,0,0
1963,1,303,F,41.8454,Risk:LOW,0,0,25,0,0,0,1,0,0,0,50,0,0,0,11,0,0,0,24,0,0,0,34,0,0,0,43,0
1963,1,304,M,17.2203,Risk:LOW,0,0,0,0,0,0,0,0,0,0,0,0,0,0,0,0,0,0,0,0,0,0,0,0,0,0,0,0
1963,1,305,M,12.8483,Risk:LOW,0,0,0,0,0,0,0,0,0,0,0,0,0,0,0,0,0,0,0,0,0,0,0,0,0,0,0,0
1963,1,306,M,29.9135,Risk:LOW,0,0,5,0,0,0,0,0,0,0,11,0,0,0,3,0,0,0,5,0,0,0,7,0,0,0,11,0
1963,1,307,F,55.0851,Risk:LOW,0,0,10,0,0,0,0,0,0,0,24,0,0,0,6,0,0,0,10,0,0,0,19,0,0,0,20,0
1963,1,308,M,14.4378,Risk:LOW,0,0,0,0,0,0,0,0,0,0,0,0,0,0,0,0,0,0,0,0,0,0,0,0,0,0,0,0
1963,1,309,F,55.3278,Risk:LOW,0,0,9,0,0,0,0,0,0,0,25,0,0,0,3,0,0,0,10,0,0,0,18,0,0,0,22,0
1963,1,310,M,7.83435,Risk:LOW,0,0,0,0,0,0,0,0,0,0,0,0,0,0,0,0,0,0,0,0,0,0,0,0,0,0,0,0
1963,1,311,F,20.5156,Risk:LOW,0,0,5,0,0,0,0,0,0,0,6,0,0,0,1,0,0,0,5,0,0,0,6,0,0,0,7,0
1963,1,312,F,10.9697,Risk:LOW,0,0,0,0,0,0,0,0,0,0,0,0,0,0,0,0,0,0,0,0,0,0,0,0,0,0,0,0
1963,1,313,M,50.4136,Risk:HIGH,1,0,0,0,0,0,0,0,5,0,0,0,1,0,0,0,1,0,0,0,3,0,0,0,5,0,0,0
1963,1,314,M,29.1116,Risk:LOW,0,0,5,0,0,0,0,0,0,0,10,0,0,0,2,0,0,0,5,0,0,0,7,0,0,0,10,0
1963,1,315,M,29.3836,Risk:LOW,0,0,8,0,0,0,0,0,0,0,13,0,0,0,5,0,0,0,7,0,0,0,10,0,0,0,12,0
1963,1,316,F,40.2146,Risk:LOW,0,0,32,0,0,0,1,0,0,0,69,0,0,0,15,0,0,0,30,0,0,0,44,0,0,0,63,0
1963,1,317,M,66.0221,Risk:LOW,0,0,3,0,0,0,0,0,0,0,9,0,0,0,1,0,0,0,3,0,0,0,7,0,0,0,9,0
1963,1,318,M,37.5101,Risk:LOW,0,0,21,0,0,0,1,0,0,0,37,0,0,0,11,0,0,0,20,0,0,0,25,0,0,0,32,0
1963,1,319,F,53.9117,Risk:LOW,0,0,13,0,0,0,0,0,0,0,32,0,0,0,7,0,0,0,11,0,0,0,19,0,0,0,25,0
1963,1,320,F,35.6122,Risk:LOW,0,0,18,0,0,0,1,0,0,0,42,0,0,0,11,0,0,0,19,0,0,0,31,0,0,0,37,0
1963,1,321,F,48.322,Risk:HIGH,1,0,0,0,0,0,0,0,3,0,0,0,0,0,0,0,1,0,0,0,2,0,0,0,3,0,0,0
1963,1,322,F,53.0372,Risk:LOW,0,0,13,0,0,0,0,0,0,0,40,0,0,0,7,0,0,0,12,0,0,0,24,0,0,0,35,0
1963,1,323,M,10.8302,Risk:LOW,0,0,0,0,0,0,0,0,0,0,0,0,0,0,0,0,0,0,0,0,0,0,0,0,0,0,0,0
1963,1,324,F,64.0386,Risk:LOW,0,0,4,0,0,0,0,0,0,0,9,0,0,0,2,0,0,0,5,0,0,0,8,0,0,0,10,0
1963,1,325,M,35.8949,Risk:LOW,0,0,19,0,0,0,0,0,0,0,30,0,0,0,9,0,0,0,17,0,0,0,23,0,0,0,26,0
1963,1,326,M,11.5052,Risk:LOW,0,0,0,0,0,0,0,0,0,0,0,0,0,0,0,0,0,0,0,0,0,0,0,0,0,0,0,0
1963,1,327,F,27.8765,Risk:LOW,0,0,16,0,0,0,1,0,0,0,26,0,0,0,8,0,0,0,16,0,0,0,24,0,0,0,26,0
1963,1,328,M,29.5936,Risk:LOW,0,0,6,0,0,0,0,0,0,0,10,0,0,0,4,0,0,0,6,0,0,0,7,0,0,0,10,0
1963,1,329,F,62.6272,Risk:HIGH,0,0,0,0,0,0,0,0,0,0,0,0,0,0,0,0,0,0,0,0,0,0,0,0,0,0,0,0
1963,1,330,F,8.73019,Risk:LOW,0,0,0,0,0,0,0,0,0,0,0,0,0,0,0,0,0,0,0,0,0,0,0,0,0,0,0,0
1963,1,331,M,9.90135,Risk:LOW,0,0,0,0,0,0,0,0,0,0,0,0,0,0,0,0,0,0,0,0,0,0,0,0,0,0,0,0
1963,1,332,F,5.73839,Risk:LOW,0,0,0,0,0,0,0,0,0,0,0,0,0,0,0,0,0,0,0,0,0,0,0,0,0,0,0,0
1963,1,333,M,9.22773,Risk:LOW,0,0,0,0,0,0,0,0,0,0,0,0,0,0,0,0,0,0,0,0,0,0,0,0,0,0,0,0
1963,1,334,M,14.4721,Risk:LOW,0,0,0,0,0,0,0,0,0,0,0,0,0,0,0,0,0,0,0,0,0,0,0,0,0,0,0,0
1963,1,335,F,11.4986,Risk:LOW,0,0,0,0,0,0,0,0,0,0,0,0,0,0,0,0,0,0,0,0,0,0,0,0,0,0,0,0
1963,1,336,M,40.5815,Risk:LOW,0,0,22,0,0,0,1,0,0,0,38,0,0,0,9,0,0,0,22,0,0,0,29,0,0,0,36,0
1963,1,337,M,46.9908,Risk:LOW,0,0,28,0,0,0,1,0,0,0,54,0,0,0,13,0,0,0,28,0,0,0,41,0,0,0,47,0
1963,1,338,F,27.1626,Risk:LOW,0,0,11,0,0,0,1,0,0,0,21,0,0,0,5,0,0,0,9,0,0,0,13,0,0,0,19,0
1963,1,339,F,18.8404,Risk:HIGH,46,0,0,0,2,0,0,0,93,0,0,0,8,0,0,0,11,0,0,0,13,0,0,0,13,0,0,0
1963,1,340,F,7.1405,Risk:LOW,0,0,0,0,0,0,0,0,0,0,0,0,0,0,0,0,0,0,0,0,0,0,0,0,0,0,0,0
1963,1,341,F,24.216,Risk:LOW,0,0,10,0,0,0,0,0,0,0,15,0,0,0,3,0,0,0,10,0,0,0,13,0,0,0,15,0
1963,1,342,M,17.2395,Risk:LOW,0,0,0,0,0,0,0,0,0,0,0,0,0,0,0,0,0,0,0,0,0,0,0,0,0,0,0,0
1963,1,343,F,32.2051,Risk:LOW,0,0,14,0,0,0,0,0,0,0,26,0,0,0,9,0,0,0,13,0,0,0,19,0,0,0,26,0
1963,1,344,F,46.1166,Risk:LOW,0,0,33,0,0,0,0,0,0,0,75,0,0,0,15,0,0,0,26,0,0,0,36,0,0,0,53,0
1963,1,345,F,26.2008,Risk:LOW,0,0,8,0,0,0,0,0,0,0,17,0,0,0,4,0,0,0,8,0,0,0,13,0,0,0,17,0
1963,1,346,M,38.7103,Risk:LOW,0,0,21,0,0,0,0,0,0,0,40,0,0,0,11,0,0,0,20,0,0,0,31,0,0,0,38,0
1963,1,347,F,30.6974,Risk:LOW,0,0,23,0,0,0,0,0,0,0,36,0,0,0,14,0,0,0,22,0,0,0,29,0,0,0,34,0
1963,1,348,M,24.6039,Risk:LOW,0,0,4,0,0,0,0,0,0,0,7,0,0,0,3,0,0,0,4,0,0,0,5,0,0,0,7,0
1963,1,349,F,65.0604,Risk:LOW,0,0,3,0,0,0,0,0,0,0,8,0,0,0,2,0,0,0,2,0,0,0,5,0,0,0,7,0
1963,1,350,M,63.1689,Risk:LOW,0,0,5,0,0,0,0,0,0,0,17,0,0,0,2,0,0,0,5,0,0,0,9,0,0,0,16,0
1963,1,351,F,31.42,Risk:LOW,0,0,20,0,0,0,0,0,0,0,37,0,0,0,7,0,0,0,20,0,0,0,29,0,0,0,36,0
1963,1,352,F,82.1191,Risk:LOW,0,0,5,0,0,0,0,0,0,0,10,0,0,0,3,0,0,0,5,0,0,0,7,0,0,0,9,0
1963,1,353,M,43.4919,Risk:LOW,0,0,18,0,0,0,0,0,0,0,48,0,0,0,10,0,0,0,15,0,0,0,29,0,0,0,41,0
1963,1,354,M,8.37983,Risk:LOW,0,0,0,0,0,0,0,0,0,0,0,0,0,0,0,0,0,0,0,0,0,0,0,0,0,0,0,0
1963,1,355,M,10.4721,Risk:LOW,0,0,0,0,0,0,0,0,0,0,0,0,0,0,0,0,0,0,0,0,0,0,0,0,0,0,0,0
1963,1,356,M,35.2228,Risk:LOW,0,0,13,0,0,0,0,0,0,0,25,0,0,0,7,0,0,0,13,0,0,0,19,0,0,0,24,0
1963,1,357,F,34.0933,Risk:LOW,0,0,30,0,0,0,1,0,0,0,54,0,0,0,14,0,0,0,30,0,0,0,41,0,0,0,49,0
1963,1,358,M,4.42269,Risk:LOW,0,0,0,0,0,0,0,0,0,0,0,0,0,0,0,0,0,0,0,0,0,0,0,0,0,0,0,0
1963,1,359,F,44.987,Risk:LOW,0,0,37,0,0,0,1,0,0,0,72,0,0,0,23,0,0,0,34,0,0,0,51,0,0,0,61,0
1963,1,360,M,24.0591,Risk:LOW,0,0,3,0,0,0,0,0,0,0,5,0,0,0,2,0,0,0,4,0,0,0,5,0,0,0,6,0
1963,1,361,F,6.7361,Risk:LOW,0,0,0,0,0,0,0,0,0,0,0,0,0,0,0,0,0,0,0,0,0,0,0,0,0,0,0,0
1963,1,362,M,31.826,Risk:LOW,0,0,13,0,0,0,1,0,0,0,22,0,0,0,7,0,0,0,14,0,0,0,19,0,0,0,22,0
1963,1,363,M,17.58,Risk:LOW,0,0,3,0,0,0,0,0,0,0,4,0,0,0,2,0,0,0,3,0,0,0,3,0,0,0,4,0
1963,1,364,M,44.6338,Risk:LOW,0,0,26,0,0,0,1,0,0,0,53,0,0,0,11,0,0,0,24,0,0,0,34,0,0,0,48,0
1963,1,365,M,27.6468,Risk:LOW,0,0,5,0,0,0,0,0,0,0,11,0,0,0,4,0,0,0,5,0,0,0,6,0,0,0,11,0
1963,1,366,M,18.7139,Risk:LOW,0,0,0,0,0,0,0,0,0,0,0,0,0,0,0,0,0,0,0,0,0,0,0,0,0,0,0,0
1963,1,367,F,9.62046,Risk:LOW,0,0,0,0,0,0,0,0,0,0,0,0,0,0,0,0,0,0,0,0,0,0,0,0,0,0,0,0
1963,1,368,F,28.5205,Risk:LOW,0,0,8,0,0,0,0,0,0,0,18,0,0,0,5,0,0,0,8,0,0,0,15,0,0,0,19,0
1963,1,369,F,31.4542,Risk:HIGH,4,0,0,0,0,0,0,0,7,0,0,0,4,0,0,0,4,0,0,0,5,0,0,0,6,0,0,0
1963,1,370,M,38.1829,Risk:LOW,0,0,15,0,0,0,0,0,0,0,31,0,0,0,7,0,0,0,13,0,0,0,22,0,0,0,27,0
1963,1,371,F,30.7868,Risk:LOW,0,0,16,0,0,0,0,0,0,0,33,0,0,0,7,0,0,0,17,0,0,0,25,0,0,0,32,0
1963,1,372,M,30.8745,Risk:LOW,0,0,9,0,0,0,0,0,0,0,18,0,0,0,3,0,0,0,9,0,0,0,15,0,0,0,18,0
1963,1,373,M,34.7001,Risk:HIGH,11,0,0,0,0,0,0,0,23,0,0,0,6,0,0,0,6,0,0,0,6,0,0,0,6,0,0,0
1963,1,374,M,48.0267,Risk:LOW,0,0,47,0,0,0,1,0,0,0,69,0,0,0,23,0,0,0,41,0,0,0,54,0,0,0,60,0
1963,1,375,F,11.2839,Risk:LOW,0,0,0,0,0,0,0,0,0,0,0,0,0,0,0,0,0,0,0,0,0,0,0,0,0,0,0,0
1963,1,376,F,16.616,Risk:LOW,0,0,0,0,0,0,0,0,0,0,0,0,0,0,0,0,0,0,0,0,0,0,0,0,0,0,0,0
1963,1,377,M,28.8884,Risk:LOW,0,0,6,0,0,0,0,0,0,0,13,0,0,0,2,0,0,0,6,0,0,0,9,0,0,0,13,0
1963,1,378,M,45.3368,Risk:LOW,0,0,24,0,0,0,1,0,0,0,46,0,0,0,13,0,0,0,24,0,0,0,33,0,0,0,43,0
1963,1,379,F,15.3755,Risk:LOW,0,0,0,0,0,0,0,0,0,0,0,0,0,0,0,0,0,0,0,0,0,0,0,0,0,0,0,0
1963,1,380,M,23.1608,Risk:LOW,0,0,1,0,0,0,0,0,0,0,4,0,0,0,1,0,0,0,1,0,0,0,3,0,0,0,4,0
1963,1,381,M,83.8103,Risk:LOW,0,0,7,0,0,0,1,0,0,0,15,0,0,0,3,0,0,0,7,0,0,0,11,0,0,0,15,0
1963,1,382,M,7.48765,Risk:LOW,0,0,0,0,0,0,0,0,0,0,0,0,0,0,0,0,0,0,0,0,0,0,0,0,0,0,0,0
1963,1,383,F,5.1218,Risk:LOW,0,0,0,0,0,0,0,0,0,0,0,0,0,0,0,0,0,0,0,0,0,0,0,0,0,0,0,0
1963,1,384,M,14.6759,Risk:LOW,0,0,0,0,0,0,0,0,0,0,0,0,0,0,0,0,0,0,0,0,0,0,0,0,0,0,0,0
1963,1,385,F,39.6212,Risk:HIGH,8,0,0,0,0,0,0,0,14,0,0,0,5,0,0,0,6,0,0,0,6,0,0,0,6,0,0,0
1963,1,386,F,9.61682,Risk:LOW,0,0,0,0,0,0,0,0,0,0,0,0,0,0,0,0,0,0,0,0,0,0,0,0,0,0,0,0
1963,1,387,M,19.1947,Risk:LOW,0,0,0,0,0,0,0,0,0,0,0,0,0,0,0,0,0,0,0,0,0,0,0,0,0,0,0,0
1963,1,388,M,16.3303,Risk:LOW,0,0,0,0,0,0,0,0,0,0,0,0,0,0,0,0,0,0,0,0,0,0,0,0,0,0,0,0
1963,1,389,F,59.3229,Risk:LOW,0,0,13,0,0,0,0,0,0,0,30,0,0,0,7,0,0,0,10,0,0,0,18,0,0,0,26,0
1963,1,390,F,22.7601,Risk:LOW,0,0,1,0,0,0,0,0,0,0,3,0,0,0,1,0,0,0,1,0,0,0,2,0,0,0,3,0
1963,1,391,F,12.2364,Risk:LOW,0,0,0,0,0,0,0,0,0,0,0,0,0,0,0,0,0,0,0,0,0,0,0,0,0,0,0,0
1963,1,392,F,18.448,Risk:LOW,0,0,4,0,0,0,0,0,0,0,7,0,0,0,3,0,0,0,4,0,0,0,6,0,0,0,7,0
1963,1,393,M,2.62204,Risk:LOW,0,0,0,0,0,0,0,0,0,0,0,0,0,0,0,0,0,0,0,0,0,0,0,0,0,0,0,0
1963,1,394,M,33.8268,Risk:LOW,0,0,13,0,0,0,0,0,0,0,22,0,0,0,8,0,0,0,11,0,0,0,15,0,0,0,20,0
1963,1,395,M,50.0301,Risk:LOW,0,0,57,0,0,0,0,0,0,0,102,0,0,0,23,0,0,0,47,0,0,0,61,0,0,0,75,0
1963,1,396,F,9.93803,Risk:LOW,0,0,0,0,0,0,0,0,0,0,0,0,0,0,0,0,0,0,0,0,0,0,0,0,0,0,0,0
1963,1,397,F,2.57742,Risk:LOW,0,0,0,0,0,0,0,0,0,0,0,0,0,0,0,0,0,0,0,0,0,0,0,0,0,0,0,0
1963,1,398,F,18.342,Risk:LOW,0,0,2,0,0,0,0,0,0,0,3,0,0,0,1,0,0,0,2,0,0,0,2,0,0,0,3,0
1963,1,399,M,6.59017,Risk:LOW,0,0,0,0,0,0,0,0,0,0,0,0,0,0,0,0,0,0,0,0,0,0,0,0,0,0,0,0
1963,1,400,M,13.7328,Risk:LOW,0,0,0,0,0,0,0,0,0,0,0,0,0,0,0,0,0,0,0,0,0,0,0,0,0,0,0,0
1963,1,401,F,5.37956,Risk:LOW,0,0,0,0,0,0,0,0,0,0,0,0,0,0,0,0,0,0,0,0,0,0,0,0,0,0,0,0
1963,1,402,F,31.15,Risk:LOW,0,0,15,0,0,0,0,0,0,0,31,0,0,0,8,0,0,0,16,0,0,0,23,0,0,0,29,0
1963,1,403,M,67.5719,Risk:LOW,0,0,6,0,0,0,0,0,0,0,13,0,0,0,4,0,0,0,6,0,0,0,8,0,0,0,12,0
1963,1,404,F,10.7525,Risk:LOW,0,0,0,0,0,0,0,0,0,0,0,0,0,0,0,0,0,0,0,0,0,0,0,0,0,0,0,0
1963,1,405,F,8.58945,Risk:LOW,0,0,0,0,0,0,0,0,0,0,0,0,0,0,0,0,0,0,0,0,0,0,0,0,0,0,0,0
1963,1,406,F,6.00535,Risk:LOW,0,0,0,0,0,0,0,0,0,0,0,0,0,0,0,0,0,0,0,0,0,0,0,0,0,0,0,0
1963,1,407,F,18.1193,Risk:LOW,0,0,1,0,0,0,0,0,0,0,4,0,0,0,1,0,0,0,1,0,0,0,2,0,0,0,4,0
1963,1,408,F,11.3265,Risk:LOW,0,0,0,0,0,0,0,0,0,0,0,0,0,0,0,0,0,0,0,0,0,0,0,0,0,0,0,0
1963,1,409,M,14.5087,Risk:LOW,0,0,0,0,0,0,0,0,0,0,0,0,0,0,0,0,0,0,0,0,0,0,0,0,0,0,0,0
1963,1,410,F,60.5457,Risk:LOW,0,0,17,0,0,0,0,0,0,0,32,0,0,0,7,0,0,0,15,0,0,0,20,0,0,0,25,0
1963,1,411,F,30.0623,Risk:LOW,0,0,19,0,0,0,0,0,0,0,36,0,0,0,10,0,0,0,19,0,0,0,27,0,0,0,34,0
1963,1,412,M,5.58518,Risk:LOW,0,0,0,0,0,0,0,0,0,0,0,0,0,0,0,0,0,0,0,0,0,0,0,0,0,0,0,0
1963,1,413,M,9.91765,Risk:LOW,0,0,0,0,0,0,0,0,0,0,0,0,0,0,0,0,0,0,0,0,0,0,0,0,0,0,0,0
1963,1,414,F,3.85689,Risk:LOW,0,0,0,0,0,0,0,0,0,0,0,0,0,0,0,0,0,0,0,0,0,0,0,0,0,0,0,0
1963,1,415,M,18.4636,Risk:LOW,0,0,1,0,0,0,0,0,0,0,1,0,0,0,1,0,0,0,1,0,0,0,1,0,0,0,1,0
1963,1,416,M,73.262,Risk:LOW,0,0,5,0,0,0,0,0,0,0,10,0,0,0,2,0,0,0,5,0,0,0,7,0,0,0,9,0
1963,1,417,M,12.7615,Risk:LOW,0,0,0,0,0,0,0,0,0,0,0,0,0,0,0,0,0,0,0,0,0,0,0,0,0,0,0,0
1963,1,418,F,35.257,Risk:LOW,0,0,21,0,0,0,1,0,0,0,39,0,0,0,9,0,0,0,22,0,0,0,29,0,0,0,38,0
1963,1,419,M,40.914,Risk:LOW,0,0,17,0,0,0,0,0,0,0,35,0,0,0,7,0,0,0,17,0,0,0,24,0,0,0,33,0
1963,1,420,F,36.0624,Risk:LOW,0,0,24,0,0,0,0,0,0,0,50,0,0,0,11,0,0,0,22,0,0,0,34,0,0,0,46,0
1963,1,421,F,52.8795,Risk:LOW,0,0,24,0,0,0,1,0,0,0,43,0,0,0,12,0,0,0,20,0,0,0,29,0,0,0,33,0
1963,1,422,M,32.0254,Risk:LOW,0,0,9,0,0,0,1,0,0,0,22,0,0,0,6,0,0,0,8,0,0,0,14,0,0,0,21,0
1963,1,423,M,35.6565,Risk:LOW,0,0,24,0,0,0,0,0,0,0,37,0,0,0,7,0,0,0,22,0,0,0,29,0,0,0,34,0
1963,1,424,F,56.5761,Risk:LOW,0,0,8,0,0,0,0,0,0,0,20,0,0,0,7,0,0,0,8,0,0,0,13,0,0,0,18,0
1963,1,425,M,20.851,Risk:LOW,0,0,0,0,0,0,0,0,0,0,1,0,0,0,0,0,0,0,0,0,0,0,1,0,0,0,1,0
1963,1,426,M,3.32387,Risk:LOW,0,0,0,0,0,0,0,0,0,0,0,0,0,0,0,0,0,0,0,0,0,0,0,0,0,0,0,0
1963,1,427,M,19.955,Risk:LOW,0,0,1,0,0,0,0,0,0,0,1,0,0,0,0,0,0,0,1,0,0,0,1,0,0,0,1,0
1963,1,428,F,38.3797,Risk:LOW,0,0,38,0,0,0,1,0,0,0,63,0,0,0,19,0,0,0,38,0,0,0,46,0,0,0,57,0
1963,1,429,F,13.7873,Risk:HIGH,0,0,0,0,0,0,0,0,0,0,0,0,0,0,0,0,0,0,0,0,0,0,0,0,0,0,0,0
1963,1,430,F,56.029,Risk:LOW,0,0,10,0,0,0,0,0,0,0,17,0,0,0,5,0,0,0,9,0,0,0,13,0,0,0,17,0
1963,1,431,M,26.0807,Risk:LOW,0,0,3,0,0,0,0,0,0,0,9,0,0,0,2,0,0,0,3,0,0,0,4,0,0,0,9,0
1963,1,432,F,63.0526,Risk:LOW,0,0,5,0,0,0,0,0,0,0,21,0,0,0,0,0,0,0,5,0,0,0,9,0,0,0,19,0
1963,1,433,M,13.1618,Risk:LOW,0,0,0,0,0,0,0,0,0,0,0,0,0,0,0,0,0,0,0,0,0,0,0,0,0,0,0,0
1963,1,434,F,61.7903,Risk:LOW,0,0,11,0,0,0,1,0,0,0,30,0,0,0,6,0,0,0,10,0,0,0,17,0,0,0,22,0
1963,1,435,M,20.79,Risk:LOW,0,0,1,0,0,0,0,0,0,0,3,0,0,0,0,0,0,0,1,0,0,0,3,0,0,0,3,0
1963,1,436,F,31.6945,Risk:LOW,0,0,11,0,0,0,1,0,0,0,25,0,0,0,6,0,0,0,11,0,0,0,21,0,0,0,27,0
1963,1,437,F,5.67215,Risk:LOW,0,0,0,0,0,0,0,0,0,0,0,0,0,0,0,0,0,0,0,0,0,0,0,0,0,0,0,0
1963,1,438,F,59.5195,Risk:LOW,0,0,15,0,0,0,0,0,0,0,30,0,0,0,7,0,0,0,14,0,0,0,22,0,0,0,24,0
1963,1,439,F,9.56935,Risk:LOW,0,0,0,0,0,0,0,0,0,0,0,0,0,0,0,0,0,0,0,0,0,0,0,0,0,0,0,0
1963,1,440,M,49.0712,Risk:LOW,0,0,59,0,0,0,1,0,0,0,112,0,0,0,26,0,0,0,52,0,0,0,71,0,0,0,88,0
1963,1,441,M,9.90094,Risk:LOW,0,0,0,0,0,0,0,0,0,0,0,0,0,0,0,0,0,0,0,0,0,0,0,0,0,0,0,0
1963,1,442,F,28.6557,Risk:LOW,0,0,13,0,0,0,1,0,0,0,30,0,0,0,8,0,0,0,13,0,0,0,23,0,0,0,28,0
1963,1,443,F,37.2019,Risk:LOW,0,0,21,0,0,0,1,0,0,0,39,0,0,0,12,0,0,0,21,0,0,0,30,0,0,0,37,0
1963,1,444,F,21.2758,Risk:LOW,0,0,3,0,0,0,1,0,0,0,7,0,0,0,2,0,0,0,3,0,0,0,6,0,0,0,7,0
1963,1,445,F,7.41249,Risk:LOW,0,0,0,0,0,0,0,0,0,0,0,0,0,0,0,0,0,0,0,0,0,0,0,0,0,0,0,0
1963,1,446,F,17.4056,Risk:LOW,0,0,4,0,0,0,0,0,0,0,8,0,0,0,2,0,0,0,4,0,0,0,5,0,0,0,8,0
1963,1,447,M,27.4275,Risk:HIGH,5,0,0,0,0,0,0,0,17,0,0,0,2,0,0,0,5,0,0,0,6,0,0,0,6,0,0,0
1963,1,448,F,23.277,Risk:LOW,0,0,8,0,0,0,0,0,0,0,15,0,0,0,7,0,0,0,8,0,0,0,14,0,0,0,15,0
1963,1,449,M,4.45294,Risk:LOW,0,0,0,0,0,0,0,0,0,0,0,0,0,0,0,0,0,0,0,0,0,0,0,0,0,0,0,0
1963,1,450,M,22.2275,Risk:LOW,0,0,1,0,0,0,0,0,0,0,2,0,0,0,1,0,0,0,1,0,0,0,1,0,0,0,3,0
1963,1,451,F,9.62729,Risk:LOW,0,0,0,0,0,0,0,0,0,0,0,0,0,0,0,0,0,0,0,0,0,0,0,0,0,0,0,0
1963,1,452,F,6.85049,Risk:LOW,0,0,0,0,0,0,0,0,0,0,0,0,0,0,0,0,0,0,0,0,0,0,0,0,0,0,0,0
1963,1,453,M,29.3555,Risk:LOW,0,0,10,0,0,0,0,0,0,0,18,0,0,0,3,0,0,0,9,0,0,0,12,0,0,0,17,0
1963,1,454,F,52.2535,Risk:LOW,0,0,25,0,0,0,0,0,0,0,41,0,0,0,13,0,0,0,23,0,0,0,29,0,0,0,37,0
1963,1,455,M,20.455,Risk:LOW,0,0,2,0,0,0,0,0,0,0,2,0,0,0,1,0,0,0,2,0,0,0,2,0,0,0,2,0
1963,1,456,M,14.7833,Risk:LOW,0,0,0,0,0,0,0,0,0,0,0,0,0,0,0,0,0,0,0,0,0,0,0,0,0,0,0,0
1963,1,457,M,26.1772,Risk:LOW,0,0,4,0,0,0,1,0,0,0,10,0,0,0,3,0,0,0,4,0,0,0,9,0,0,0,10,0
1963,1,458,F,41.0547,Risk:LOW,0,0,20,0,0,0,1,0,0,0,43,0,0,0,9,0,0,0,18,0,0,0,25,0,0,0,37,0
1963,1,459,F,15.2979,Risk:LOW,0,0,0,0,0,0,0,0,0,0,0,0,0,0,0,0,0,0,0,0,0,0,0,0,0,0,0,0
1963,1,460,F,14.0121,Risk:LOW,0,0,0,0,0,0,0,0,0,0,0,0,0,0,0,0,0,0,0,0,0,0,0,0,0,0,0,0
1963,1,461,F,28.3082,Risk:LOW,0,0,21,0,0,0,1,0,0,0,33,0,0,0,11,0,0,0,20,0,0,0,24,0,0,0,28,0
1963,1,462,M,55.8663,Risk:LOW,0,0,35,0,0,0,1,0,0,0,71,0,0,0,20,0,0,0,32,0,0,0,48,0,0,0,64,0
1963,1,463,F,27.7284,Risk:LOW,0,0,12,0,0,0,0,0,0,0,18,0,0,0,11,0,0,0,12,0,0,0,14,0,0,0,17,0
1963,1,464,F,3.44686,Risk:LOW,0,0,0,0,0,0,0,0,0,0,0,0,0,0,0,0,0,0,0,0,0,0,0,0,0,0,0,0
1963,1,465,F,53.8333,Risk:LOW,0,0,14,0,0,0,0,0,0,0,28,0,0,0,5,0,0,0,12,0,0,0,18,0,0,0,24,0
1963,1,466,M,5.83531,Risk:LOW,0,0,0,0,0,0,0,0,0,0,0,0,0,0,0,0,0,0,0,0,0,0,0,0,0,0,0,0
1963,1,467,M,5.63111,Risk:LOW,0,0,0,0,0,0,0,0,0,0,0,0,0,0,0,0,0,0,0,0,0,0,0,0,0,0,0,0
1963,1,468,M,37.1912,Risk:LOW,0,0,13,0,0,0,1,0,0,0,28,0,0,0,8,0,0,0,13,0,0,0,21,0,0,0,26,0
1963,1,469,F,41.1868,Risk:LOW,0,0,21,0,0,0,1,0,0,0,52,0,0,0,7,0,0,0,22,0,0,0,35,0,0,0,45,0
1963,1,470,M,12.2383,Risk:LOW,0,0,0,0,0,0,0,0,0,0,0,0,0,0,0,0,0,0,0,0,0,0,0,0,0,0,0,0
1963,1,471,F,20.1512,Risk:LOW,0,0,3,0,0,0,0,0,0,0,4,0,0,0,1,0,0,0,3,0,0,0,4,0,0,0,5,0
1963,1,472,M,7.02579,Risk:LOW,0,0,0,0,0,0,0,0,0,0,0,0,0,0,0,0,0,0,0,0,0,0,0,0,0,0,0,0
1963,1,473,F,56.0635,Risk:LOW,0,0,11,0,0,0,0,0,0,0,19,0,0,0,7,0,0,0,10,0,0,0,15,0,0,0,17,0
1963,1,474,M,7.0093,Risk:LOW,0,0,0,0,0,0,0,0,0,0,0,0,0,0,0,0,0,0,0,0,0,0,0,0,0,0,0,0
1963,1,475,M,50.971,Risk:LOW,0,0,22,0,0,0,2,0,0,0,61,0,0,0,14,0,0,0,21,0,0,0,41,0,0,0,54,0
1963,1,476,F,45.723,Risk:LOW,0,0,35,0,0,0,1,0,0,0,63,0,0,0,14,0,0,0,32,0,0,0,46,0,0,0,55,0
1963,1,477,F,4.25176,Risk:LOW,0,0,0,0,0,0,0,0,0,0,0,0,0,0,0,0,0,0,0,0,0,0,0,0,0,0,0,0
1963,1,478,F,5.5357,Risk:LOW,0,0,0,0,0,0,0,0,0,0,0,0,0,0,0,0,0,0,0,0,0,0,0,0,0,0,0,0
1963,1,479,M,61.3036,Risk:LOW,0,0,19,0,0,0,3,0,0,0,36,0,0,0,14,0,0,0,21,0,0,0,26,0,0,0,34,0
1963,1,480,M,67.3146,Risk:LOW,0,0,4,0,0,0,0,0,0,0,12,0,0,0,2,0,0,0,4,0,0,0,4,0,0,0,9,0
1963,1,481,M,3.27527,Risk:LOW,0,0,0,0,0,0,0,0,0,0,0,0,0,0,0,0,0,0,0,0,0,0,0,0,0,0,0,0
1963,1,482,F,12.0393,Risk:LOW,0,0,0,0,0,0,0,0,0,0,0,0,0,0,0,0,0,0,0,0,0,0,0,0,0,0,0,0
1963,1,483,F,6.98713,Risk:LOW,0,0,0,0,0,0,0,0,0,0,0,0,0,0,0,0,0,0,0,0,0,0,0,0,0,0,0,0
1963,1,484,F,35.7601,Risk:LOW,0,0,21,0,0,0,0,0,0,0,46,0,0,0,15,0,0,0,20,0,0,0,28,0,0,0,41,0
1963,1,485,F,52.6026,Risk:LOW,0,0,20,0,0,0,0,0,0,0,45,0,0,0,8,0,0,0,19,0,0,0,26,0,0,0,36,0
1963,1,486,F,13.5591,Risk:LOW,0,0,0,0,0,0,0,0,0,0,0,0,0,0,0,0,0,0,0,0,0,0,0,0,0,0,0,0
1963,1,487,M,57.1537,Risk:LOW,0,0,28,0,0,0,2,0,0,0,55,0,0,0,15,0,0,0,25,0,0,0,37,0,0,0,48,0
1963,1,488,F,21.8382,Risk:HIGH,27,0,0,0,1,0,0,0,64,0,0,0,9,0,0,0,11,0,0,0,13,0,0,0,13,0,0,0
1963,1,489,F,45.6593,Risk:LOW,0,0,31,0,0,0,0,0,0,0,58,0,0,0,16,0,0,0,27,0,0,0,37,0,0,0,45,0
1963,1,490,F,32.3368,Risk:LOW,0,0,20,0,0,0,0,0,0,0,42,0,0,0,8,0,0,0,20,0,0,0,34,0,0,0,41,0
1963,1,491,F,4.05289,Risk:LOW,0,0,0,0,0,0,0,0,0,0,0,0,0,0,0,0,0,0,0,0,0,0,0,0,0,0,0,0
1963,1,492,M,3.16719,Risk:LOW,0,0,0,0,0,0,0,0,0,0,0,0,0,0,0,0,0,0,0,0,0,0,0,0,0,0,0,0
1963,1,493,F,29.7892,Risk:LOW,0,0,11,0,0,0,0,0,0,0,22,0,0,0,7,0,0,0,9,0,0,0,14,0,0,0,19,0
1963,1,494,F,52.1433,Risk:LOW,0,0,29,0,0,0,0,0,0,0,55,0,0,0,15,0,0,0,25,0,0,0,35,0,0,0,44,0
1963,1,495,F,10.5779,Risk:LOW,0,0,0,0,0,0,0,0,0,0,0,0,0,0,0,0,0,0,0,0,0,0,0,0,0,0,0,0
1963,1,496,F,40.3924,Risk:LOW,0,0,30,0,0,0,1,0,0,0,56,0,0,0,11,0,0,0,25,0,0,0,36,0,0,0,44,0
1963,1,497,M,11.2786,Risk:LOW,0,0,0,0,0,0,0,0,0,0,0,0,0,0,0,0,0,0,0,0,0,0,0,0,0,0,0,0
1963,1,498,M,17.9771,Risk:LOW,0,0,1,0,0,0,0,0,0,0,2,0,0,0,1,0,0,0,1,0,0,0,2,0,0,0,2,0
1963,1,499,F,22.3553,Risk:LOW,0,0,4,0,0,0,0,0,0,0,6,0,0,0,2,0,0,0,4,0,0,0,5,0,0,0,6,0
1963,1,500,F,18.7139,Risk:LOW,0,0,2,0,0,0,0,0,0,0,3,0,0,0,1,0,0,0,2,0,0,0,3,0,0,0,3,0
1963,1,501,F,4.93566,Risk:LOW,0,0,0,0,0,0,0,0,0,0,0,0,0,0,0,0,0,0,0,0,0,0,0,0,0,0,0,0
1963,1,502,F,19.643,Risk:LOW,0,0,2,0,0,0,0,0,0,0,5,0,0,0,1,0,0,0,2,0,0,0,4,0,0,0,5,0
1963,1,503,F,24.2598,Risk:LOW,0,0,11,0,0,0,0,0,0,0,16,0,0,0,7,0,0,0,11,0,0,0,14,0,0,0,15,0
1963,1,504,F,11.8738,Risk:LOW,0,0,0,0,0,0,0,0,0,0,0,0,0,0,0,0,0,0,0,0,0,0,0,0,0,0,0,0
1963,1,505,F,33.5111,Risk:LOW,0,0,35,0,0,0,0,0,0,0,59,0,0,0,16,0,0,0,32,0,0,0,42,0,0,0,54,0
1963,1,506,F,3.0883,Risk:LOW,0,0,0,0,0,0,0,0,0,0,0,0,0,0,0,0,0,0,0,0,0,0,0,0,0,0,0,0
1963,1,507,M,17.0857,Risk:LOW,0,0,0,0,0,0,0,0,0,0,0,0,0,0,0,0,0,0,0,0,0,0,0,0,0,0,0,0
1963,1,508,M,34.0301,Risk:LOW,0,0,17,0,0,0,0,0,0,0,29,0,0,0,9,0,0,0,17,0,0,0,22,0,0,0,27,0
1963,1,509,M,6.15474,Risk:LOW,0,0,0,0,0,0,0,0,0,0,0,0,0,0,0,0,0,0,0,0,0,0,0,0,0,0,0,0
1963,1,510,F,3.76114,Risk:LOW,0,0,0,0,0,0,0,0,0,0,0,0,0,0,0,0,0,0,0,0,0,0,0,0,0,0,0,0
1963,1,511,F,7.43671,Risk:LOW,0,0,0,0,0,0,0,0,0,0,0,0,0,0,0,0,0,0,0,0,0,0,0,0,0,0,0,0
1963,1,512,M,26.3644,Risk:LOW,0,0,7,0,0,0,0,0,0,0,9,0,0,0,3,0,0,0,7,0,0,0,7,0,0,0,9,0
1963,1,513,M,38.0923,Risk:LOW,0,0,22,0,0,0,0,0,0,0,34,0,0,0,11,0,0,0,22,0,0,0,28,0,0,0,32,0
1963,1,514,M,8.85296,Risk:LOW,0,0,0,0,0,0,0,0,0,0,0,0,0,0,0,0,0,0,0,0,0,0,0,0,0,0,0,0
1963,1,515,F,4.3214,Risk:LOW,0,0,0,0,0,0,0,0,0,0,0,0,0,0,0,0,0,0,0,0,0,0,0,0,0,0,0,0
1963,1,516,M,33.2255,Risk:LOW,0,0,11,0,0,0,0,0,0,0,24,0,0,0,10,0,0,0,11,0,0,0,16,0,0,0,23,0
1963,1,517,F,2.70622,Risk:LOW,0,0,0,0,0,0,0,0,0,0,0,0,0,0,0,0,0,0,0,0,0,0,0,0,0,0,0,0
1963,1,518,M,10.7117,Risk:LOW,0,0,0,0,0,0,0,0,0,0,0,0,0,0,0,0,0,0,0,0,0,0,0,0,0,0,0,0
1963,1,519,M,51.7733,Risk:LOW,0,0,29,0,0,0,0,0,0,0,62,0,0,0,17,0,0,0,29,0,0,0,43,0,0,0,60,0
1963,1,520,F,20.6563,Risk:LOW,0,0,3,0,0,0,0,0,0,0,7,0,0,0,1,0,0,0,3,0,0,0,5,0,0,0,7,0
1963,1,521,M,21.8935,Risk:LOW,0,0,0,0,0,0,0,0,0,0,2,0,0,0,0,0,0,0,0,0,0,0,1,0,0,0,2,0
1963,1,522,M,28.3104,Risk:LOW,0,0,4,0,0,0,0,0,0,0,7,0,0,0,2,0,0,0,4,0,0,0,6,0,0,0,7,0
1963,1,523,F,7.61659,Risk:LOW,0,0,0,0,0,0,0,0,0,0,0,0,0,0,0,0,0,0,0,0,0,0,0,0,0,0,0,0
1963,1,524,M,8.09394,Risk:LOW,0,0,0,0,0,0,0,0,0,0,0,0,0,0,0,0,0,0,0,0,0,0,0,0,0,0,0,0
1963,1,525,M,37.5853,Risk:LOW,0,0,14,0,0,0,1,0,0,0,34,0,0,0,5,0,0,0,15,0,0,0,22,0,0,0,31,0
1963,1,526,M,19.3736,Risk:LOW,0,0,0,0,0,0,0,0,0,0,2,0,0,0,0,0,0,0,0,0,0,0,1,0,0,0,2,0
1963,1,527,M,27.6349,Risk:HIGH,9,0,0,0,1,0,0,0,19,0,0,0,2,0,0,0,3,0,0,0,4,0,0,0,5,0,0,0
1963,1,528,F,12.5555,Risk:LOW,0,0,0,0,0,0,0,0,0,0,0,0,0,0,0,0,0,0,0,0,0,0,0,0,0,0,0,0
1963,1,529,F,9.35694,Risk:LOW,0,0,0,0,0,0,0,0,0,0,0,0,0,0,0,0,0,0,0,0,0,0,0,0,0,0,0,0
1963,1,530,F,67.866,Risk:LOW,0,0,4,0,0,0,0,0,0,0,8,0,0,0,2,0,0,0,4,0,0,0,7,0,0,0,8,0
1963,1,531,M,4.3435,Risk:HIGH,0,0,0,0,0,0,0,0,0,0,0,0,0,0,0,0,0,0,0,0,0,0,0,0,0,0,0,0
1963,1,532,F,22.2738,Risk:LOW,0,0,1,0,0,0,0,0,0,0,6,0,0,0,1,0,0,0,2,0,0,0,5,0,0,0,6,0
1963,1,533,F,24.0414,Risk:LOW,0,0,6,0,0,0,0,0,0,0,12,0,0,0,1,0,0,0,6,0,0,0,9,0,0,0,12,0
1963,1,534,M,8.59895,Risk:HIGH,0,0,0,0,0,0,0,0,0,0,0,0,0,0,0,0,0,0,0,0,0,0,0,0,0,0,0,0
1963,1,535,F,11.4866,Risk:LOW,0,0,0,0,0,0,0,0,0,0,0,0,0,0,0,0,0,0,0,0,0,0,0,0,0,0,0,0
1963,1,536,M,20.3362,Risk:LOW,0,0,2,0,0,0,0,0,0,0,4,0,0,0,1,0,0,0,2,0,0,0,4,0,0,0,4,0
1963,1,537,F,22.5477,Risk:LOW,0,0,2,0,0,0,0,0,0,0,4,0,0,0,2,0,0,0,2,0,0,0,4,0,0,0,4,0
1963,1,538,F,5.55706,Risk:LOW,0,0,0,0,0,0,0,0,0,0,0,0,0,0,0,0,0,0,0,0,0,0,0,0,0,0,0,0
1963,1,539,M,37.0906,Risk:LOW,0,0,21,0,0,0,0,0,0,0,35,0,0,0,11,0,0,0,22,0,0,0,33,0,0,0,35,0
1963,1,540,F,13.3285,Risk:HIGH,0,0,0,0,0,0,0,0,0,0,0,0,0,0,0,0,0,0,0,0,0,0,0,0,0,0,0,0
1963,1,541,M,28.7825,Risk:LOW,0,0,3,0,0,0,0,0,0,0,9,0,0,0,1,0,0,0,3,0,0,0,8,0,0,0,9,0
1963,1,542,M,65.2071,Risk:LOW,0,0,6,0,0,0,0,0,0,0,12,0,0,0,2,0,0,0,6,0,0,0,11,0,0,0,11,0
1963,1,543,F,18.9594,Risk:LOW,0,0,3,0,0,0,0,0,0,0,7,0,0,0,1,0,0,0,3,0,0,0,5,0,0,0,7,0
1963,1,544,F,55.9306,Risk:LOW,0,0,12,0,0,0,0,0,0,0,23,0,0,0,8,0,0,0,11,0,0,0,17,0,0,0,21,0
1963,1,545,F,2.7661,Risk:LOW,0,0,0,0,0,0,0,0,0,0,0,0,0,0,0,0,0,0,0,0,0,0,0,0,0,0,0,0
1963,1,546,M,41.9954,Risk:LOW,0,0,17,0,0,0,0,0,0,0,35,0,0,0,11,0,0,0,16,0,0,0,26,0,0,0,33,0
1963,1,547,M,3.83296,Risk:LOW,0,0,0,0,0,0,0,0,0,0,0,0,0,0,0,0,0,0,0,0,0,0,0,0,0,0,0,0
1963,1,548,M,7.80482,Risk:LOW,0,0,0,0,0,0,0,0,0,0,0,0,0,0,0,0,0,0,0,0,0,0,0,0,0,0,0,0
1963,1,549,M,69.4581,Risk:LOW,0,0,5,0,0,0,0,0,0,0,11,0,0,0,3,0,0,0,5,0,0,0,7,0,0,0,9,0
1963,1,550,F,58.9579,Risk:LOW,0,0,14,0,0,0,0,0,0,0,33,0,0,0,6,0,0,0,14,0,0,0,17,0,0,0,27,0
1963,1,551,F,42.5493,Risk:LOW,0,0,30,0,0,0,2,0,0,0,53,0,0,0,15,0,0,0,28,0,0,0,35,0,0,0,47,0
1963,1,552,M,20.5506,Risk:LOW,0,0,3,0,0,0,0,0,0,0,4,0,0,0,1,0,0,0,3,0,0,0,4,0,0,0,4,0
1963,1,553,F,46.662,Risk:LOW,0,0,36,0,0,0,0,0,0,0,67,0,0,0,17,0,0,0,32,0,0,0,42,0,0,0,54,0
1963,1,554,M,19.1444,Risk:LOW,0,0,1,0,0,0,0,0,0,0,1,0,0,0,1,0,0,0,1,0,0,0,1,0,0,0,1,0
1963,1,555,M,32.7378,Risk:LOW,0,0,16,0,0,0,0,0,0,0,25,0,0,0,10,0,0,0,15,0,0,0,17,0,0,0,23,0
1963,1,556,M,33.8681,Risk:LOW,0,0,19,0,0,0,1,0,0,0,33,0,0,0,12,0,0,0,18,0,0,0,22,0,0,0,32,0
1963,1,557,M,31.2556,Risk:LOW,0,0,7,0,0,0,0,0,0,0,17,0,0,0,5,0,0,0,7,0,0,0,10,0,0,0,17,0
1963,1,558,F,11.0557,Risk:LOW,0,0,0,0,0,0,0,0,0,0,0,0,0,0,0,0,0,0,0,0,0,0,0,0,0,0,0,0
1963,1,559,M,9.7721,Risk:LOW,0,0,0,0,0,0,0,0,0,0,0,0,0,0,0,0,0,0,0,0,0,0,0,0,0,0,0,0
1963,1,560,F,14.6517,Risk:LOW,0,0,0,0,0,0,0,0,0,0,0,0,0,0,0,0,0,0,0,0,0,0,0,0,0,0,0,0
1963,1,561,F,48.8995,Risk:LOW,0,0,27,0,0,0,1,0,0,0,46,0,0,0,8,0,0,0,25,0,0,0,32,0,0,0,40,0
1963,1,562,F,26.2618,Risk:LOW,0,0,11,0,0,0,1,0,0,0,20,0,0,0,4,0,0,0,11,0,0,0,15,0,0,0,20,0
1963,1,563,M,23.0753,Risk:LOW,0,0,8,0,0,0,0,0,0,0,8,0,0,0,5,0,0,0,7,0,0,0,7,0,0,0,7,0
1963,1,564,M,45.8792,Risk:LOW,0,0,19,0,0,0,0,0,0,0,40,0,0,0,12,0,0,0,20,0,0,0,26,0,0,0,38,0
1963,1,565,M,5.76072,Risk:LOW,0,0,0,0,0,0,0,0,0,0,0,0,0,0,0,0,0,0,0,0,0,0,0,0,0,0,0,0
1963,1,566,M,80.7188,Risk:LOW,0,0,1,0,0,0,0,0,0,0,7,0,0,0,1,0,0,0,1,0,0,0,3,0,0,0,7,0
1963,1,567,M,38.245,Risk:LOW,0,0,13,0,0,0,0,0,0,0,33,0,0,0,6,0,0,0,13,0,0,0,23,0,0,0,31,0
1963,1,568,M,10.8704,Risk:LOW,0,0,0,0,0,0,0,0,0,0,0,0,0,0,0,0,0,0,0,0,0,0,0,0,0,0,0,0
1963,1,569,F,49.6898,Risk:LOW,0,0,18,0,0,0,0,0,0,0,37,0,0,0,9,0,0,0,16,0,0,0,21,0,0,0,30,0
1963,1,570,M,35.4762,Risk:LOW,0,0,18,0,0,0,0,0,0,0,31,0,0,0,11,0,0,0,17,0,0,0,25,0,0,0,30,0
1963,1,571,M,47.7498,Risk:LOW,0,0,30,0,0,0,0,0,0,0,59,0,0,0,13,0,0,0,28,0,0,0,40,0,0,0,51,0
1963,1,572,M,25.1884,Risk:LOW,0,0,4,0,0,0,0,0,0,0,5,0,0,0,2,0,0,0,4,0,0,0,4,0,0,0,5,0
1963,1,573,M,4.94995,Risk:LOW,0,0,0,0,0,0,0,0,0,0,0,0,0,0,0,0,0,0,0,0,0,0,0,0,0,0,0,0
1963,1,574,M,43.1357,Risk:LOW,0,0,24,0,0,0,0,0,0,0,46,0,0,0,12,0,0,0,23,0,0,0,30,0,0,0,40,0
1963,1,575,F,20.4753,Risk:LOW,0,0,4,0,0,0,1,0,0,0,7,0,0,0,3,0,0,0,4,0,0,0,6,0,0,0,7,0
1963,1,576,F,54.6698,Risk:HIGH,0,0,0,0,0,0,0,0,1,0,0,0,0,0,0,0,0,0,0,0,1,0,0,0,1,0,0,0
1963,1,577,M,34.0901,Risk:LOW,0,0,16,0,0,0,0,0,0,0,30,0,0,0,9,0,0,0,16,0,0,0,24,0,0,0,31,0
1963,1,578,M,6.13214,Risk:LOW,0,0,0,0,0,0,0,0,0,0,0,0,0,0,0,0,0,0,0,0,0,0,0,0,0,0,0,0
1963,1,579,M,22.4488,Risk:LOW,0,0,1,0,0,0,0,0,0,0,2,0,0,0,0,0,0,0,1,0,0,0,1,0,0,0,2,0
1963,1,580,M,40.7296,Risk:LOW,0,0,21,0,0,0,0,0,0,0,34,0,0,0,14,0,0,0,18,0,0,0,27,0,0,0,32,0
1963,1,581,F,3.54994,Risk:LOW,0,0,0,0,0,0,0,0,0,0,0,0,0,0,0,0,0,0,0,0,0,0,0,0,0,0,0,0
1963,1,582,F,4.83089,Risk:LOW,0,0,0,0,0,0,0,0,0,0,0,0,0,0,0,0,0,0,0,0,0,0,0,0,0,0,0,0
1963,1,583,M,4.33414,Risk:LOW,0,0,0,0,0,0,0,0,0,0,0,0,0,0,0,0,0,0,0,0,0,0,0,0,0,0,0,0
1963,1,584,F,30.3213,Risk:LOW,0,0,18,0,0,0,0,0,0,0,30,0,0,0,11,0,0,0,18,0,0,0,24,0,0,0,27,0
1963,1,585,F,11.2746,Risk:LOW,0,0,0,0,0,0,0,0,0,0,0,0,0,0,0,0,0,0,0,0,0,0,0,0,0,0,0,0
1963,1,586,F,8.63653,Risk:LOW,0,0,0,0,0,0,0,0,0,0,0,0,0,0,0,0,0,0,0,0,0,0,0,0,0,0,0,0
1963,1,587,M,2.66643,Risk:LOW,0,0,0,0,0,0,0,0,0,0,0,0,0,0,0,0,0,0,0,0,0,0,0,0,0,0,0,0
1963,1,588,M,41.4595,Risk:LOW,0,0,22,0,0,0,1,0,0,0,37,0,0,0,10,0,0,0,17,0,0,0,25,0,0,0,30,0
1963,1,589,M,54.9121,Risk:LOW,0,0,35,0,0,0,0,0,0,0,77,0,0,0,20,0,0,0,34,0,0,0,48,0,0,0,62,0
1963,1,590,F,16.176,Risk:LOW,0,0,0,0,0,0,0,0,0,0,0,0,0,0,0,0,0,0,0,0,0,0,0,0,0,0,0,0
1963,1,591,F,32.1409,Risk:LOW,0,0,19,0,0,0,0,0,0,0,32,0,0,0,11,0,0,0,19,0,0,0,26,0,0,0,32,0
1963,1,592,M,39.2312,Risk:LOW,0,0,19,0,0,0,0,0,0,0,34,0,0,0,13,0,0,0,21,0,0,0,27,0,0,0,31,0
1963,1,593,F,64.59,Risk:LOW,0,0,2,0,0,0,0,0,0,0,5,0,0,0,2,0,0,0,2,0,0,0,5,0,0,0,5,0
1963,1,594,M,4.2509,Risk:LOW,0,0,0,0,0,0,0,0,0,0,0,0,0,0,0,0,0,0,0,0,0,0,0,0,0,0,0,0
1963,1,595,M,3.71556,Risk:LOW,0,0,0,0,0,0,0,0,0,0,0,0,0,0,0,0,0,0,0,0,0,0,0,0,0,0,0,0
1963,1,596,M,44.1896,Risk:LOW,0,0,23,0,0,0,0,0,0,0,55,0,0,0,12,0,0,0,24,0,0,0,36,0,0,0,48,0
1963,1,597,M,28.1176,Risk:LOW,0,0,7,0,0,0,0,0,0,0,13,0,0,0,3,0,0,0,7,0,0,0,12,0,0,0,13,0
1963,1,598,F,37.6975,Risk:LOW,0,0,32,0,0,0,3,0,0,0,50,0,0,0,17,0,0,0,27,0,0,0,30,0,0,0,43,0
1963,1,599,F,15.136,Risk:LOW,0,0,0,0,0,0,0,0,0,0,0,0,0,0,0,0,0,0,0,0,0,0,0,0,0,0,0,0
1963,1,600,M,36.5358,Risk:LOW,0,0,15,0,0,0,0,0,0,0,30,0,0,0,8,0,0,0,15,0,0,0,22,0,0,0,29,0
1963,1,601,F,78.4742,Risk:LOW,0,0,6,0,0,0,0,0,0,0,6,0,0,0,3,0,0,0,6,0,0,0,6,0,0,0,6,0
1963,1,602,F,37.6095,Risk:LOW,0,0,19,0,0,0,1,0,0,0,41,0,0,0,12,0,0,0,19,0,0,0,29,0,0,0,40,0
1963,1,603,F,32.88,Risk:LOW,0,0,25,0,0,0,1,0,0,0,43,0,0,0,13,0,0,0,23,0,0,0,33,0,0,0,40,0
1963,1,604,M,5.64347,Risk:LOW,0,0,0,0,0,0,0,0,0,0,0,0,0,0,0,0,0,0,0,0,0,0,0,0,0,0,0,0
1963,1,605,M,44.6554,Risk:LOW,0,0,28,0,0,0,0,0,0,0,57,0,0,0,14,0,0,0,25,0,0,0,43,0,0,0,52,0
1963,1,606,M,32.5978,Risk:LOW,0,0,11,0,0,0,0,0,0,0,25,0,0,0,7,0,0,0,12,0,0,0,15,0,0,0,25,0
1963,1,607,M,16.0143,Risk:LOW,0,0,0,0,0,0,0,0,0,0,0,0,0,0,0,0,0,0,0,0,0,0,0,0,0,0,0,0
1963,1,608,M,16.8954,Risk:LOW,0,0,1,0,0,0,0,0,0,0,1,0,0,0,0,0,0,0,1,0,0,0,1,0,0,0,1,0
1963,1,609,M,57.5238,Risk:LOW,0,0,30,0,0,0,1,0,0,0,74,0,0,0,19,0,0,0,29,0,0,0,49,0,0,0,65,0
1963,1,610,F,12.7873,Risk:LOW,0,0,0,0,0,0,0,0,0,0,0,0,0,0,0,0,0,0,0,0,0,0,0,0,0,0,0,0
1963,1,611,F,16.6437,Risk:LOW,0,0,5,0,0,0,0,0,0,0,9,0,0,0,3,0,0,0,5,0,0,0,9,0,0,0,9,0
1963,1,612,F,16.9207,Risk:LOW,0,0,4,0,0,0,0,0,0,0,8,0,0,0,1,0,0,0,5,0,0,0,8,0,0,0,8,0
1963,1,613,M,34.0708,Risk:LOW,0,0,13,0,0,0,0,0,0,0,19,0,0,0,7,0,0,0,12,0,0,0,14,0,0,0,18,0
1963,1,614,M,57.1221,Risk:LOW,0,0,34,0,0,0,1,0,0,0,71,0,0,0,15,0,0,0,31,0,0,0,45,0,0,0,57,0
1963,1,615,F,29.5698,Risk:LOW,0,0,17,0,0,0,0,0,0,0,30,0,0,0,10,0,0,0,17,0,0,0,24,0,0,0,30,0
1963,1,616,M,5.6205,Risk:LOW,0,0,0,0,0,0,0,0,0,0,0,0,0,0,0,0,0,0,0,0,0,0,0,0,0,0,0,0
1963,1,617,F,26.437,Risk:LOW,0,0,11,0,0,0,0,0,0,0,26,0,0,0,5,0,0,0,11,0,0,0,19,0,0,0,26,0
1963,1,618,F,14.1742,Risk:LOW,0,0,0,0,0,0,0,0,0,0,0,0,0,0,0,0,0,0,0,0,0,0,0,0,0,0,0,0
1963,1,619,M,70.7933,Risk:LOW,0,0,3,0,0,0,0,0,0,0,5,0,0,0,1,0,0,0,3,0,0,0,4,0,0,0,5,0
1963,1,620,M,3.58036,Risk:LOW,0,0,0,0,0,0,0,0,0,0,0,0,0,0,0,0,0,0,0,0,0,0,0,0,0,0,0,0
1963,1,621,F,22.608,Risk:LOW,0,0,1,0,0,0,0,0,0,0,6,0,0,0,0,0,0,0,1,0,0,0,5,0,0,0,6,0
1963,1,622,F,57.7226,Risk:LOW,0,0,9,0,0,0,0,0,0,0,22,0,0,0,5,0,0,0,9,0,0,0,13,0,0,0,19,0
1963,1,623,M,6.51911,Risk:LOW,0,0,0,0,0,0,0,0,0,0,0,0,0,0,0,0,0,0,0,0,0,0,0,0,0,0,0,0
1963,1,624,M,31.155,Risk:LOW,0,0,7,0,0,0,0,0,0,0,11,0,0,0,4,0,0,0,7,0,0,0,8,0,0,0,11,0
1963,1,625,F,75.711,Risk:LOW,0,0,4,0,0,0,0,0,0,0,10,0,0,0,2,0,0,0,4,0,0,0,8,0,0,0,10,0
1963,1,626,F,40.1523,Risk:LOW,0,0,33,0,0,0,0,0,0,0,65,0,0,0,14,0,0,0,30,0,0,0,39,0,0,0,59,0
1963,1,627,F,41.7159,Risk:LOW,0,0,22,0,0,0,0,0,0,0,46,0,0,0,12,0,0,0,22,0,0,0,31,0,0,0,42,0
1963,1,628,F,9.355,Risk:LOW,0,0,0,0,0,0,0,0,0,0,0,0,0,0,0,0,0,0,0,0,0,0,0,0,0,0,0,0
1963,1,629,F,31.9818,Risk:LOW,0,0,19,0,0,0,0,0,0,0,32,0,0,0,9,0,0,0,19,0,0,0,23,0,0,0,31,0
1963,1,630,F,10.4188,Risk:LOW,0,0,0,0,0,0,0,0,0,0,0,0,0,0,0,0,0,0,0,0,0,0,0,0,0,0,0,0
1963,1,631,M,21.9482,Risk:LOW,0,0,0,0,0,0,0,0,0,0,0,0,0,0,0,0,0,0,0,0,0,0,0,0,0,0,0,0
1963,1,632,M,15.9974,Risk:LOW,0,0,1,0,0,0,0,0,0,0,1,0,0,0,0,0,0,0,1,0,0,0,1,0,0,0,1,0
1963,1,633,F,25.012,Risk:LOW,0,0,4,0,0,0,1,0,0,0,12,0,0,0,2,0,0,0,4,0,0,0,8,0,0,0,12,0
1963,1,634,F,35.4749,Risk:LOW,0,0,28,0,0,0,1,0,0,0,48,0,0,0,13,0,0,0,25,0,0,0,35,0,0,0,42,0
1963,1,635,F,8.62808,Risk:LOW,0,0,0,0,0,0,0,0,0,0,0,0,0,0,0,0,0,0,0,0,0,0,0,0,0,0,0,0
1963,1,636,F,28.8111,Risk:LOW,0,0,12,0,0,0,1,0,0,0,29,0,0,0,8,0,0,0,11,0,0,0,16,0,0,0,26,0
1963,1,637,M,24.5187,Risk:LOW,0,0,3,0,0,0,0,0,0,0,6,0,0,0,2,0,0,0,3,0,0,0,4,0,0,0,6,0
1963,1,638,F,37.1634,Risk:LOW,0,0,18,0,0,0,0,0,0,0,35,0,0,0,10,0,0,0,18,0,0,0,23,0,0,0,36,0
1963,1,639,M,11.1316,Risk:LOW,0,0,0,0,0,0,0,0,0,0,0,0,0,0,0,0,0,0,0,0,0,0,0,0,0,0,0,0
1963,1,640,M,55.045,Risk:LOW,0,0,34,0,0,0,0,0,0,0,69,0,0,0,17,0,0,0,33,0,0,0,50,0,0,0,61,0
1963,1,641,M,15.1701,Risk:LOW,0,0,0,0,0,0,0,0,0,0,0,0,0,0,0,0,0,0,0,0,0,0,0,0,0,0,0,0
1963,1,642,M,11.4612,Risk:LOW,0,0,0,0,0,0,0,0,0,0,0,0,0,0,0,0,0,0,0,0,0,0,0,0,0,0,0,0
1963,1,643,M,17.7043,Risk:LOW,0,0,0,0,0,0,0,0,0,0,1,0,0,0,0,0,0,0,0,0,0,0,0,0,0,0,1,0
1963,1,644,F,11.8486,Risk:LOW,0,0,0,0,0,0,0,0,0,0,0,0,0,0,0,0,0,0,0,0,0,0,0,0,0,0,0,0
1963,1,645,M,19.542,Risk:LOW,0,0,1,0,0,0,0,0,0,0,1,0,0,0,0,0,0,0,1,0,0,0,1,0,0,0,1,0
1963,1,646,M,22.7544,Risk:LOW,0,0,4,0,0,0,0,0,0,0,5,0,0,0,1,0,0,0,4,0,0,0,5,0,0,0,5,0
1963,1,647,M,10.4059,Risk:LOW,0,0,0,0,0,0,0,0,0,0,0,0,0,0,0,0,0,0,0,0,0,0,0,0,0,0,0,0
1963,1,648,F,7.62609,Risk:LOW,0,0,0,0,0,0,0,0,0,0,0,0,0,0,0,0,0,0,0,0,0,0,0,0,0,0,0,0
1963,1,649,M,4.62101,Risk:LOW,0,0,0,0,0,0,0,0,0,0,0,0,0,0,0,0,0,0,0,0,0,0,0,0,0,0,0,0
1963,1,650,M,20.0036,Risk:LOW,0,0,2,0,0,0,1,0,0,0,4,0,0,0,1,0,0,0,2,0,0,0,2,0,0,0,3,0
1963,1,651,M,40.0866,Risk:LOW,0,0,18,0,0,0,2,0,0,0,32,0,0,0,12,0,0,0,18,0,0,0,28,0,0,0,33,0
1963,1,652,M,17.1349,Risk:LOW,0,0,3,0,0,0,0,0,0,0,4,0,0,0,3,0,0,0,3,0,0,0,4,0,0,0,4,0
1963,1,653,F,67.0191,Risk:LOW,0,0,3,0,0,0,0,0,0,0,8,0,0,0,2,0,0,0,3,0,0,0,7,0,0,0,8,0
1963,1,654,M,38.7912,Risk:LOW,0,0,20,0,0,0,1,0,0,0,34,0,0,0,12,0,0,0,20,0,0,0,27,0,0,0,33,0
1963,1,655,F,37.5421,Risk:LOW,0,0,24,0,0,0,0,0,0,0,48,0,0,0,14,0,0,0,23,0,0,0,31,0,0,0,44,0
1963,1,656,M,40.5354,Risk:LOW,0,0,17,0,0,0,1,0,0,0,34,0,0,0,8,0,0,0,18,0,0,0,29,0,0,0,34,0
1963,1,657,M,38.125,Risk:LOW,0,0,20,0,0,0,0,0,0,0,37,0,0,0,10,0,0,0,20,0,0,0,28,0,0,0,34,0
1963,1,658,M,42.6237,Risk:LOW,0,0,21,0,0,0,0,0,0,0,39,0,0,0,13,0,0,0,21,0,0,0,30,0,0,0,39,0
1963,1,659,M,44.7201,Risk:LOW,0,0,25,0,0,0,1,0,0,0,50,0,0,0,8,0,0,0,23,0,0,0,35,0,0,0,46,0
1963,1,660,F,34.77,Risk:LOW,0,0,28,0,0,0,0,0,0,0,48,0,0,0,15,0,0,0,27,0,0,0,37,0,0,0,41,0
1963,1,661,F,24.6504,Risk:LOW,0,0,5,0,0,0,0,0,0,0,13,0,0,0,4,0,0,0,5,0,0,0,9,0,0,0,13,0
1963,1,662,F,79.3577,Risk:LOW,0,0,1,0,0,0,0,0,0,0,6,0,0,0,0,0,0,0,1,0,0,0,3,0,0,0,6,0
1963,1,663,F,16.6723,Risk:LOW,0,0,5,0,0,0,0,0,0,0,7,0,0,0,2,0,0,0,5,0,0,0,6,0,0,0,8,0
1963,1,664,F,45.9795,Risk:LOW,0,0,34,0,0,0,1,0,0,0,65,0,0,0,16,0,0,0,32,0,0,0,43,0,0,0,53,0
1963,1,665,M,9.11898,Risk:LOW,0,0,0,0,0,0,0,0,0,0,0,0,0,0,0,0,0,0,0,0,0,0,0,0,0,0,0,0
1963,1,666,F,3.7725,Risk:LOW,0,0,0,0,0,0,0,0,0,0,0,0,0,0,0,0,0,0,0,0,0,0,0,0,0,0,0,0
1963,1,667,M,6.19878,Risk:LOW,0,0,0,0,0,0,0,0,0,0,0,0,0,0,0,0,0,0,0,0,0,0,0,0,0,0,0,0
1963,1,668,F,23.0304,Risk:LOW,0,0,6,0,0,0,0,0,0,0,8,0,0,0,2,0,0,0,6,0,0,0,6,0,0,0,8,0
1963,1,669,M,37.1395,Risk:LOW,0,0,13,0,0,0,2,0,0,0,26,0,0,0,11,0,0,0,14,0,0,0,20,0,0,0,27,0
1963,1,670,F,60.3227,Risk:LOW,0,0,22,0,0,0,1,0,0,0,40,0,0,0,11,0,0,0,21,0,0,0,28,0,0,0,35,0
1963,1,671,M,36.554,Risk:LOW,0,0,13,0,0,0,1,0,0,0,29,0,0,0,6,0,0,0,12,0,0,0,19,0,0,0,27,0
1963,1,672,F,46.0144,Risk:LOW,0,0,30,0,0,0,1,0,0,0,63,0,0,0,14,0,0,0,24,0,0,0,33,0,0,0,48,0
1963,1,673,M,3.87865,Risk:LOW,0,0,0,0,0,0,0,0,0,0,0,0,0,0,0,0,0,0,0,0,0,0,0,0,0,0,0,0
1963,1,674,F,36.8497,Risk:LOW,0,0,18,0,0,0,0,0,0,0,39,0,0,0,10,0,0,0,17,0,0,0,27,0,0,0,37,0
1963,1,675,M,36.5484,Risk:LOW,0,0,14,0,0,0,1,0,0,0,32,0,0,0,6,0,0,0,15,0,0,0,22,0,0,0,29,0
1963,1,676,M,28.4543,Risk:LOW,0,0,7,0,0,0,1,0,0,0,9,0,0,0,3,0,0,0,7,0,0,0,8,0,0,0,10,0
1963,1,677,F,44.0977,Risk:HIGH,0,0,0,0,0,0,0,0,2,0,0,0,0,0,0,0,0,0,0,0,2,0,0,0,2,0,0,0
1963,1,678,F,45.0522,Risk:LOW,0,0,18,0,0,0,1,0,0,0,41,0,0,0,13,0,0,0,19,0,0,0,30,0,0,0,37,0
1963,1,679,F,19.3376,Risk:LOW,0,0,3,0,0,0,0,0,0,0,6,0,0,0,3,0,0,0,3,0,0,0,4,0,0,0,6,0
1963,1,680,F,57.3731,Risk:LOW,0,0,14,0,0,0,0,0,0,0,29,0,0,0,7,0,0,0,10,0,0,0,17,0,0,0,22,0
1963,1,681,F,22.5529,Risk:LOW,0,0,3,0,0,0,1,0,0,0,7,0,0,0,3,0,0,0,3,0,0,0,4,0,0,0,7,0
1963,1,682,M,61.5812,Risk:LOW,0,0,14,0,0,0,1,0,0,0,32,0,0,0,8,0,0,0,12,0,0,0,16,0,0,0,26,0
1963,1,683,M,13.2433,Risk:LOW,0,0,0,0,0,0,0,0,0,0,0,0,0,0,0,0,0,0,0,0,0,0,0,0,0,0,0,0
1963,1,684,M,20.8404,Risk:LOW,0,0,2,0,0,0,0,0,0,0,5,0,0,0,2,0,0,0,2,0,0,0,4,0,0,0,5,0
1963,1,685,F,26.9509,Risk:LOW,0,0,11,0,0,0,0,0,0,0,20,0,0,0,6,0,0,0,11,0,0,0,16,0,0,0,20,0
1963,1,686,F,17.2664,Risk:LOW,0,0,3,0,0,0,1,0,0,0,6,0,0,0,2,0,0,0,3,0,0,0,6,0,0,0,6,0
1963,1,687,M,40.518,Risk:LOW,0,0,23,0,0,0,2,0,0,0,35,0,0,0,13,0,0,0,24,0,0,0,29,0,0,0,35,0
1963,1,688,M,6.80573,Risk:LOW,0,0,0,0,0,0,0,0,0,0,0,0,0,0,0,0,0,0,0,0,0,0,0,0,0,0,0,0
1963,1,689,F,9.30374,Risk:LOW,0,0,0,0,0,0,0,0,0,0,0,0,0,0,0,0,0,0,0,0,0,0,0,0,0,0,0,0
1963,1,690,M,13.7102,Risk:LOW,0,0,0,0,0,0,0,0,0,0,0,0,0,0,0,0,0,0,0,0,0,0,0,0,0,0,0,0
1963,1,691,F,41.0908,Risk:LOW,0,0,25,0,0,0,1,0,0,0,49,0,0,0,12,0,0,0,24,0,0,0,39,0,0,0,45,0
1963,1,692,F,4.08609,Risk:LOW,0,0,0,0,0,0,0,0,0,0,0,0,0,0,0,0,0,0,0,0,0,0,0,0,0,0,0,0
1963,1,693,F,41.4142,Risk:LOW,0,0,28,0,0,0,0,0,0,0,47,0,0,0,15,0,0,0,26,0,0,0,36,0,0,0,45,0
1963,1,694,F,37.6784,Risk:LOW,0,0,32,0,0,0,1,0,0,0,52,0,0,0,16,0,0,0,30,0,0,0,39,0,0,0,48,0
1963,1,695,M,31.2027,Risk:LOW,0,0,18,0,0,0,0,0,0,0,28,0,0,0,10,0,0,0,15,0,0,0,20,0,0,0,25,0
1963,1,696,F,4.13109,Risk:LOW,0,0,0,0,0,0,0,0,0,0,0,0,0,0,0,0,0,0,0,0,0,0,0,0,0,0,0,0
1963,1,697,F,45.1385,Risk:LOW,0,0,25,0,0,0,0,0,0,0,56,0,0,0,12,0,0,0,21,0,0,0,34,0,0,0,48,0
1963,1,698,F,33.6868,Risk:LOW,0,0,36,0,0,0,1,0,0,0,57,0,0,0,14,0,0,0,34,0,0,0,45,0,0,0,53,0
1963,1,699,F,4.54019,Risk:LOW,0,0,0,0,0,0,0,0,0,0,0,0,0,0,0,0,0,0,0,0,0,0,0,0,0,0,0,0
1963,1,700,M,28.0336,Risk:LOW,0,0,10,0,0,0,0,0,0,0,15,0,0,0,5,0,0,0,10,0,0,0,14,0,0,0,14,0
1963,1,701,F,71.4151,Risk:LOW,0,0,5,0,0,0,0,0,0,0,8,0,0,0,2,0,0,0,5,0,0,0,6,0,0,0,8,0
1963,1,702,M,2.51382,Risk:LOW,0,0,0,0,0,0,0,0,0,0,0,0,0,0,0,0,0,0,0,0,0,0,0,0,0,0,0,0
1963,1,703,F,10.6772,Risk:LOW,0,0,0,0,0,0,0,0,0,0,0,0,0,0,0,0,0,0,0,0,0,0,0,0,0,0,0,0
1963,1,704,F,18.6489,Risk:LOW,0,0,3,0,0,0,0,0,0,0,9,0,0,0,2,0,0,0,4,0,0,0,4,0,0,0,9,0
1963,1,705,F,6.12105,Risk:LOW,0,0,0,0,0,0,0,0,0,0,0,0,0,0,0,0,0,0,0,0,0,0,0,0,0,0,0,0
1963,1,706,F,35.8864,Risk:LOW,0,0,21,0,0,0,2,0,0,0,46,0,0,0,12,0,0,0,22,0,0,0,33,0,0,0,42,0
1963,1,707,M,10.1608,Risk:HIGH,0,0,0,0,0,0,0,0,0,0,0,0,0,0,0,0,0,0,0,0,0,0,0,0,0,0,0,0
1963,1,708,F,65.1922,Risk:HIGH,1,0,0,0,0,0,0,0,1,0,0,0,0,0,0,0,1,0,0,0,1,0,0,0,1,0,0,0
1963,1,709,F,51.6056,Risk:LOW,0,0,34,0,0,0,1,0,0,0,57,0,0,0,17,0,0,0,29,0,0,0,38,0,0,0,43,0
1963,1,710,M,43.1393,Risk:LOW,0,0,20,0,0,0,0,0,0,0,44,0,0,0,5,0,0,0,19,0,0,0,28,0,0,0,39,0
1963,1,711,M,28.9233,Risk:LOW,0,0,11,0,0,0,0,0,0,0,19,0,0,0,7,0,0,0,11,0,0,0,17,0,0,0,19,0
1963,1,712,M,33.94,Risk:LOW,0,0,14,0,0,0,0,0,0,0,33,0,0,0,7,0,0,0,14,0,0,0,19,0,0,0,30,0
1963,1,713,M,2.77643,Risk:LOW,0,0,0,0,0,0,0,0,0,0,0,0,0,0,0,0,0,0,0,0,0,0,0,0,0,0,0,0
1963,1,714,F,9.10732,Risk:LOW,0,0,0,0,0,0,0,0,0,0,0,0,0,0,0,0,0,0,0,0,0,0,0,0,0,0,0,0
1963,1,715,M,53.7054,Risk:LOW,0,0,54,0,0,0,2,0,0,0,93,0,0,0,32,0,0,0,46,0,0,0,62,0,0,0,72,0
1963,1,716,F,20.0122,Risk:LOW,0,0,2,0,0,0,0,0,0,0,3,0,0,0,1,0,0,0,2,0,0,0,2,0,0,0,3,0
1963,1,717,F,24.5859,Risk:LOW,0,0,5,0,0,0,0,0,0,0,16,0,0,0,2,0,0,0,5,0,0,0,7,0,0,0,16,0
1963,1,718,F,17.505,Risk:LOW,0,0,1,0,0,0,0,0,0,0,2,0,0,0,1,0,0,0,1,0,0,0,2,0,0,0,2,0
1963,1,719,F,2.89735,Risk:LOW,0,0,0,0,0,0,0,0,0,0,0,0,0,0,0,0,0,0,0,0,0,0,0,0,0,0,0,0
1963,1,720,F,45.4961,Risk:LOW,0,0,34,0,0,0,0,0,0,0,61,0,0,0,14,0,0,0,32,0,0,0,41,0,0,0,47,0
1963,1,721,M,91.7357,Risk:LOW,0,0,5,0,0,0,0,0,0,0,11,0,0,0,3,0,0,0,5,0,0,0,10,0,0,0,11,0
1963,1,722,M,59.5574,Risk:LOW,0,0,44,0,0,0,0,0,0,0,78,0,0,0,20,0,0,0,40,0,0,0,54,0,0,0,64,0
1963,1,723,M,11.6993,Risk:LOW,0,0,0,0,0,0,0,0,0,0,0,0,0,0,0,0,0,0,0,0,0,0,0,0,0,0,0,0
1963,1,724,F,29.0224,Risk:LOW,0,0,12,0,0,0,0,0,0,0,22,0,0,0,6,0,0,0,10,0,0,0,15,0,0,0,20,0
1963,1,725,M,52.126,Risk:LOW,0,0,22,0,0,0,0,0,0,0,49,0,0,0,12,0,0,0,21,0,0,0,30,0,0,0,46,0
1963,1,726,F,19.8018,Risk:LOW,0,0,2,0,0,0,0,0,0,0,3,0,0,0,1,0,0,0,2,0,0,0,2,0,0,0,3,0
1963,1,727,M,62.1287,Risk:LOW,0,0,21,0,0,0,1,0,0,0,41,0,0,0,15,0,0,0,22,0,0,0,31,0,0,0,37,0
1963,1,728,F,80.7635,Risk:LOW,0,0,3,0,0,0,0,0,0,0,6,0,0,0,0,0,0,0,3,0,0,0,4,0,0,0,6,0
1963,1,729,F,37.4579,Risk:LOW,0,0,19,0,0,0,0,0,0,0,43,0,0,0,14,0,0,0,20,0,0,0,30,0,0,0,39,0
1963,1,730,M,58.1532,Risk:LOW,0,0,39,0,0,0,0,0,0,0,75,0,0,0,17,0,0,0,35,0,0,0,49,0,0,0,61,0
1963,1,731,F,5.90471,Risk:LOW,0,0,0,0,0,0,0,0,0,0,0,0,0,0,0,0,0,0,0,0,0,0,0,0,0,0,0,0
1963,1,732,M,31.7431,Risk:HIGH,14,0,0,0,0,0,0,0,29,0,0,0,6,0,0,0,7,0,0,0,7,0,0,0,7,0,0,0
1963,1,733,F,31.7141,Risk:LOW,0,0,19,0,0,0,0,0,0,0,38,0,0,0,10,0,0,0,18,0,0,0,27,0,0,0,36,0
1963,1,734,F,15.0611,Risk:LOW,0,0,0,0,0,0,0,0,0,0,0,0,0,0,0,0,0,0,0,0,0,0,0,0,0,0,0,0
1963,1,735,M,10.9675,Risk:LOW,0,0,0,0,0,0,0,0,0,0,0,0,0,0,0,0,0,0,0,0,0,0,0,0,0,0,0,0
1963,1,736,M,67.1679,Risk:LOW,0,0,9,0,0,0,1,0,0,0,12,0,0,0,5,0,0,0,8,0,0,0,9,0,0,0,11,0
1963,1,737,M,46.1227,Risk:LOW,0,0,28,0,0,0,0,0,0,0,56,0,0,0,11,0,0,0,24,0,0,0,34,0,0,0,47,0
1963,1,738,M,29.8787,Risk:LOW,0,0,5,0,0,0,0,0,0,0,10,0,0,0,1,0,0,0,5,0,0,0,6,0,0,0,9,0
1963,1,739,F,42.9934,Risk:LOW,0,0,31,0,0,0,1,0,0,0,64,0,0,0,17,0,0,0,29,0,0,0,43,0,0,0,53,0
1963,1,740,F,3.58513,Risk:LOW,0,0,0,0,0,0,0,0,0,0,0,0,0,0,0,0,0,0,0,0,0,0,0,0,0,0,0,0
1963,1,741,F,52.1085,Risk:LOW,0,0,17,0,0,0,0,0,0,0,38,0,0,0,12,0,0,0,18,0,0,0,22,0,0,0,32,0
1963,1,742,M,2.90086,Risk:LOW,0,0,0,0,0,0,0,0,0,0,0,0,0,0,0,0,0,0,0,0,0,0,0,0,0,0,0,0
1963,1,743,F,46.7271,Risk:LOW,0,0,27,0,0,0,0,0,0,0,62,0,0,0,16,0,0,0,26,0,0,0,34,0,0,0,50,0
1963,1,744,M,4.14184,Risk:LOW,0,0,0,0,0,0,0,0,0,0,0,0,0,0,0,0,0,0,0,0,0,0,0,0,0,0,0,0
1963,1,745,F,8.2007,Risk:LOW,0,0,0,0,0,0,0,0,0,0,0,0,0,0,0,0,0,0,0,0,0,0,0,0,0,0,0,0
1963,1,746,M,43.0648,Risk:LOW,0,0,22,0,0,0,0,0,0,0,36,0,0,0,11,0,0,0,21,0,0,0,29,0,0,0,35,0
1963,1,747,F,14.2609,Risk:LOW,0,0,0,0,0,0,0,0,0,0,0,0,0,0,0,0,0,0,0,0,0,0,0,0,0,0,0,0
1963,1,748,F,22.0343,Risk:LOW,0,0,4,0,0,0,0,0,0,0,7,0,0,0,2,0,0,0,4,0,0,0,5,0,0,0,7,0
1963,1,749,F,31.825,Risk:LOW,0,0,14,0,0,0,1,0,0,0,30,0,0,0,7,0,0,0,15,0,0,0,22,0,0,0,30,0
1963,1,750,F,36.4756,Risk:LOW,0,0,23,0,0,0,1,0,0,0,38,0,0,0,12,0,0,0,21,0,0,0,30,0,0,0,36,0
1963,1,751,M,4.56866,Risk:LOW,0,0,0,0,0,0,0,0,0,0,0,0,0,0,0,0,0,0,0,0,0,0,0,0,0,0,0,0
1963,1,752,M,15.351,Risk:LOW,0,0,0,0,0,0,0,0,0,0,0,0,0,0,0,0,0,0,0,0,0,0,0,0,0,0,0,0
1963,1,753,F,33.4069,Risk:LOW,0,0,26,0,0,0,1,0,0,0,49,0,0,0,12,0,0,0,26,0,0,0,34,0,0,0,45,0
1963,1,754,M,23.9628,Risk:LOW,0,0,2,0,0,0,0,0,0,0,5,0,0,0,1,0,0,0,2,0,0,0,4,0,0,0,6,0
1963,1,755,M,22.1146,Risk:LOW,0,0,0,0,0,0,0,0,0,0,3,0,0,0,0,0,0,0,0,0,0,0,2,0,0,0,3,0
1963,1,756,F,4.0201,Risk:LOW,0,0,0,0,0,0,0,0,0,0,0,0,0,0,0,0,0,0,0,0,0,0,0,0,0,0,0,0
1963,1,757,M,59.1874,Risk:LOW,0,0,43,0,0,0,0,0,0,0,99,0,0,0,21,0,0,0,43,0,0,0,57,0,0,0,74,0
1963,1,758,M,73.4727,Risk:LOW,0,0,4,0,0,0,0,0,0,0,11,0,0,0,1,0,0,0,4,0,0,0,8,0,0,0,11,0
1963,1,759,F,21.3734,Risk:LOW,0,0,3,0,0,0,0,0,0,0,5,0,0,0,1,0,0,0,3,0,0,0,4,0,0,0,5,0
1963,1,760,M,4.05038,Risk:LOW,0,0,0,0,0,0,0,0,0,0,0,0,0,0,0,0,0,0,0,0,0,0,0,0,0,0,0,0
1963,1,761,M,35.113,Risk:LOW,0,0,21,0,0,0,1,0,0,0,30,0,0,0,13,0,0,0,21,0,0,0,25,0,0,0,30,0
1963,1,762,M,66.3798,Risk:LOW,0,0,4,0,0,0,1,0,0,0,8,0,0,0,3,0,0,0,4,0,0,0,7,0,0,0,8,0
1963,1,763,F,9.69121,Risk:LOW,0,0,0,0,0,0,0,0,0,0,0,0,0,0,0,0,0,0,0,0,0,0,0,0,0,0,0,0
1963,1,764,M,34.8982,Risk:LOW,0,0,14,0,0,0,0,0,0,0,25,0,0,0,6,0,0,0,15,0,0,0,19,0,0,0,23,0
1963,1,765,M,35.9644,Risk:LOW,0,0,16,0,0,0,0,0,0,0,34,0,0,0,7,0,0,0,16,0,0,0,28,0,0,0,32,0
1963,1,766,F,29.4058,Risk:LOW,0,0,11,0,0,0,0,0,0,0,25,0,0,0,4,0,0,0,11,0,0,0,17,0,0,0,24,0
1963,1,767,F,64.5756,Risk:LOW,0,0,9,0,0,0,1,0,0,0,17,0,0,0,4,0,0,0,8,0,0,0,11,0,0,0,14,0
1963,1,768,M,43.2999,Risk:LOW,0,0,25,0,0,0,0,0,0,0,49,0,0,0,14,0,0,0,24,0,0,0,34,0,0,0,45,0
1963,1,769,M,23.4761,Risk:LOW,0,0,4,0,0,0,0,0,0,0,7,0,0,0,3,0,0,0,4,0,0,0,4,0,0,0,7,0
1963,1,770,M,61.0885,Risk:LOW,0,0,23,0,0,0,0,0,0,0,42,0,0,0,12,0,0,0,22,0,0,0,26,0,0,0,36,0
1963,1,771,M,5.44843,Risk:LOW,0,0,0,0,0,0,0,0,0,0,0,0,0,0,0,0,0,0,0,0,0,0,0,0,0,0,0,0
1963,1,772,F,42.9958,Risk:LOW,0,0,44,0,0,0,2,0,0,0,74,0,0,0,27,0,0,0,42,0,0,0,50,0,0,0,62,0
1963,1,773,M,26.7205,Risk:LOW,0,0,5,0,0,0,0,0,0,0,11,0,0,0,4,0,0,0,5,0,0,0,9,0,0,0,11,0
1963,1,774,M,18.0421,Risk:LOW,0,0,1,0,0,0,0,0,0,0,2,0,0,0,1,0,0,0,1,0,0,0,2,0,0,0,2,0
1963,1,775,M,25.1324,Risk:LOW,0,0,7,0,0,0,0,0,0,0,11,0,0,0,3,0,0,0,7,0,0,0,8,0,0,0,11,0
1963,1,776,M,39.9156,Risk:LOW,0,0,14,0,0,0,1,0,0,0,29,0,0,0,9,0,0,0,15,0,0,0,23,0,0,0,28,0
1963,1,777,M,61.0006,Risk:LOW,0,0,24,0,0,0,0,0,0,0,35,0,0,0,13,0,0,0,22,0,0,0,26,0,0,0,32,0
1963,1,778,M,24.7989,Risk:LOW,0,0,3,0,0,0,0,0,0,0,6,0,0,0,1,0,0,0,3,0,0,0,3,0,0,0,5,0
1963,1,779,F,39.8086,Risk:LOW,0,0,33,0,0,0,0,0,0,0,67,0,0,0,14,0,0,0,33,0,0,0,43,0,0,0,58,0
1963,1,780,F,56.0443,Risk:LOW,0,0,9,0,0,0,1,0,0,0,19,0,0,0,6,0,0,0,9,0,0,0,12,0,0,0,18,0
1963,1,781,F,24.6825,Risk:LOW,0,0,6,0,0,0,0,0,0,0,15,0,0,0,5,0,0,0,6,0,0,0,11,0,0,0,15,0
1963,1,782,F,30.6656,Risk:LOW,0,0,15,0,0,0,1,0,0,0,27,0,0,0,7,0,0,0,15,0,0,0,23,0,0,0,28,0
1963,1,783,M,29.4837,Risk:LOW,0,0,12,0,0,0,0,0,0,0,15,0,0,0,4,0,0,0,12,0,0,0,14,0,0,0,15,0
1963,1,784,F,7.74243,Risk:LOW,0,0,0,0,0,0,0,0,0,0,0,0,0,0,0,0,0,0,0,0,0,0,0,0,0,0,0,0
1963,1,785,F,31.5263,Risk:LOW,0,0,16,0,0,0,0,0,0,0,31,0,0,0,8,0,0,0,15,0,0,0,20,0,0,0,30,0
1963,1,786,M,48.2888,Risk:LOW,0,0,45,0,0,0,0,0,0,0,84,0,0,0,14,0,0,0,44,0,0,0,61,0,0,0,71,0
1963,1,787,M,26.4068,Risk:LOW,0,0,3,0,0,0,0,0,0,0,9,0,0,0,1,0,0,0,3,0,0,0,6,0,0,0,9,0
1963,1,788,M,9.22496,Risk:LOW,0,0,0,0,0,0,0,0,0,0,0,0,0,0,0,0,0,0,0,0,0,0,0,0,0,0,0,0
1963,1,789,M,15.2635,Risk:LOW,0,0,0,0,0,0,0,0,0,0,0,0,0,0,0,0,0,0,0,0,0,0,0,0,0,0,0,0
1963,1,790,M,15.9783,Risk:LOW,0,0,0,0,0,0,0,0,0,0,0,0,0,0,0,0,0,0,0,0,0,0,0,0,0,0,0,0
1963,1,791,M,21.146,Risk:LOW,0,0,1,0,0,0,0,0,0,0,2,0,0,0,0,0,0,0,1,0,0,0,1,0,0,0,2,0
1963,1,792,M,7.64098,Risk:LOW,0,0,0,0,0,0,0,0,0,0,0,0,0,0,0,0,0,0,0,0,0,0,0,0,0,0,0,0
1963,1,793,M,14.9975,Risk:LOW,0,0,0,0,0,0,0,0,0,0,0,0,0,0,0,0,0,0,0,0,0,0,0,0,0,0,0,0
1963,1,794,F,8.1418,Risk:LOW,0,0,0,0,0,0,0,0,0,0,0,0,0,0,0,0,0,0,0,0,0,0,0,0,0,0,0,0
1963,1,795,M,24.6516,Risk:LOW,0,0,3,0,0,0,0,0,0,0,4,0,0,0,2,0,0,0,3,0,0,0,4,0,0,0,4,0
1963,1,796,M,33.6332,Risk:LOW,0,0,11,0,0,0,0,0,0,0,24,0,0,0,5,0,0,0,10,0,0,0,18,0,0,0,22,0
1963,1,797,F,5.27452,Risk:LOW,0,0,0,0,0,0,0,0,0,0,0,0,0,0,0,0,0,0,0,0,0,0,0,0,0,0,0,0
1963,1,798,M,12.9437,Risk:LOW,0,0,0,0,0,0,0,0,0,0,0,0,0,0,0,0,0,0,0,0,0,0,0,0,0,0,0,0
1963,1,799,F,33.4827,Risk:LOW,0,0,30,0,0,0,0,0,0,0,49,0,0,0,14,0,0,0,29,0,0,0,38,0,0,0,44,0
1963,1,800,M,47.584,Risk:LOW,0,0,31,0,0,0,0,0,0,0,57,0,0,0,16,0,0,0,31,0,0,0,40,0,0,0,50,0
1963,1,801,F,23.3451,Risk:LOW,0,0,5,0,0,0,1,0,0,0,13,0,0,0,4,0,0,0,5,0,0,0,10,0,0,0,13,0
1963,1,802,M,8.19768,Risk:LOW,0,0,0,0,0,0,0,0,0,0,0,0,0,0,0,0,0,0,0,0,0,0,0,0,0,0,0,0
1963,1,803,F,37.6117,Risk:LOW,0,0,27,0,0,0,0,0,0,0,42,0,0,0,17,0,0,0,25,0,0,0,29,0,0,0,40,0
1963,1,804,F,32.5038,Risk:LOW,0,0,16,0,0,0,0,0,0,0,36,0,0,0,8,0,0,0,15,0,0,0,27,0,0,0,33,0
1963,1,805,F,5.31397,Risk:LOW,0,0,0,0,0,0,0,0,0,0,0,0,0,0,0,0,0,0,0,0,0,0,0,0,0,0,0,0
1963,1,806,F,24.593,Risk:LOW,0,0,6,0,0,0,1,0,0,0,15,0,0,0,4,0,0,0,6,0,0,0,9,0,0,0,15,0
1963,1,807,M,45.1672,Risk:LOW,0,0,19,0,0,0,0,0,0,0,41,0,0,0,8,0,0,0,18,0,0,0,31,0,0,0,40,0
1963,1,808,F,2.98146,Risk:LOW,0,0,0,0,0,0,0,0,0,0,0,0,0,0,0,0,0,0,0,0,0,0,0,0,0,0,0,0
1963,1,809,M,15.6349,Risk:LOW,0,0,0,0,0,0,0,0,0,0,0,0,0,0,0,0,0,0,0,0,0,0,0,0,0,0,0,0
1963,1,810,M,3.3531,Risk:LOW,0,0,0,0,0,0,0,0,0,0,0,0,0,0,0,0,0,0,0,0,0,0,0,0,0,0,0,0
1963,1,811,F,2.62077,Risk:LOW,0,0,0,0,0,0,0,0,0,0,0,0,0,0,0,0,0,0,0,0,0,0,0,0,0,0,0,0
1963,1,812,M,28.7419,Risk:LOW,0,0,2,0,0,0,0,0,0,0,8,0,0,0,1,0,0,0,2,0,0,0,4,0,0,0,8,0
1963,1,813,F,6.93045,Risk:LOW,0,0,0,0,0,0,0,0,0,0,0,0,0,0,0,0,0,0,0,0,0,0,0,0,0,0,0,0
1963,1,814,F,14.6395,Risk:LOW,0,0,0,0,0,0,0,0,0,0,0,0,0,0,0,0,0,0,0,0,0,0,0,0,0,0,0,0
1963,1,815,M,13.7659,Risk:LOW,0,0,0,0,0,0,0,0,0,0,0,0,0,0,0,0,0,0,0,0,0,0,0,0,0,0,0,0
1963,1,816,M,32.84,Risk:LOW,0,0,15,0,0,0,1,0,0,0,26,0,0,0,10,0,0,0,16,0,0,0,20,0,0,0,24,0
1963,1,817,M,31.7713,Risk:LOW,0,0,9,0,0,0,0,0,0,0,18,0,0,0,4,0,0,0,10,0,0,0,12,0,0,0,17,0
1963,1,818,F,32.3561,Risk:LOW,0,0,16,0,0,0,1,0,0,0,27,0,0,0,8,0,0,0,16,0,0,0,22,0,0,0,25,0
1963,1,819,F,19.992,Risk:LOW,0,0,2,0,0,0,0,0,0,0,5,0,0,0,1,0,0,0,2,0,0,0,4,0,0,0,5,0
1963,1,820,M,4.78752,Risk:HIGH,0,0,0,0,0,0,0,0,0,0,0,0,0,0,0,0,0,0,0,0,0,0,0,0,0,0,0,0
1963,1,821,F,27.1962,Risk:LOW,0,0,10,0,0,0,0,0,0,0,20,0,0,0,3,0,0,0,10,0,0,0,15,0,0,0,21,0
1963,1,822,M,29.7885,Risk:LOW,0,0,9,0,0,0,0,0,0,0,17,0,0,0,5,0,0,0,9,0,0,0,14,0,0,0,17,0
1963,1,823,M,8.1947,Risk:LOW,0,0,0,0,0,0,0,0,0,0,0,0,0,0,0,0,0,0,0,0,0,0,0,0,0,0,0,0
1963,1,824,F,4.66627,Risk:HIGH,0,0,0,0,0,0,0,0,0,0,0,0,0,0,0,0,0,0,0,0,0,0,0,0,0,0,0,0
1963,1,825,F,26.8923,Risk:LOW,0,0,9,0,0,0,0,0,0,0,20,0,0,0,5,0,0,0,10,0,0,0,17,0,0,0,19,0
1963,1,826,F,32.4477,Risk:LOW,0,0,22,0,0,0,2,0,0,0,39,0,0,0,12,0,0,0,21,0,0,0,29,0,0,0,36,0
1963,1,827,M,20.5114,Risk:LOW,0,0,0,0,0,0,0,0,0,0,0,0,0,0,0,0,0,0,0,0,0,0,0,0,0,0,0,0
1963,1,828,M,35.068,Risk:LOW,0,0,19,0,0,0,0,0,0,0,29,0,0,0,8,0,0,0,19,0,0,0,22,0,0,0,28,0
1963,1,829,F,7.30597,Risk:LOW,0,0,0,0,0,0,0,0,0,0,0,0,0,0,0,0,0,0,0,0,0,0,0,0,0,0,0,0
1963,1,830,F,11.9456,Risk:LOW,0,0,0,0,0,0,0,0,0,0,0,0,0,0,0,0,0,0,0,0,0,0,0,0,0,0,0,0
1963,1,831,F,11.2424,Risk:LOW,0,0,0,0,0,0,0,0,0,0,0,0,0,0,0,0,0,0,0,0,0,0,0,0,0,0,0,0
1963,1,832,F,4.48117,Risk:LOW,0,0,0,0,0,0,0,0,0,0,0,0,0,0,0,0,0,0,0,0,0,0,0,0,0,0,0,0
1963,1,833,F,20.1377,Risk:LOW,0,0,2,0,0,0,0,0,0,0,2,0,0,0,2,0,0,0,2,0,0,0,2,0,0,0,2,0
1963,1,834,M,14.4102,Risk:LOW,0,0,0,0,0,0,0,0,0,0,0,0,0,0,0,0,0,0,0,0,0,0,0,0,0,0,0,0
1963,1,835,F,49.6884,Risk:LOW,0,0,21,0,0,0,1,0,0,0,43,0,0,0,11,0,0,0,21,0,0,0,33,0,0,0,44,0
1963,1,836,F,33.1726,Risk:LOW,0,0,31,0,0,0,0,0,0,0,56,0,0,0,19,0,0,0,31,0,0,0,43,0,0,0,50,0
1963,1,837,F,13.9509,Risk:HIGH,0,0,0,0,0,0,0,0,0,0,0,0,0,0,0,0,0,0,0,0,0,0,0,0,0,0,0,0
1963,1,838,F,24.8501,Risk:LOW,0,0,10,0,0,0,0,0,0,0,20,0,0,0,5,0,0,0,10,0,0,0,16,0,0,0,20,0
1963,1,839,M,14.8465,Risk:LOW,0,0,0,0,0,0,0,0,0,0,0,0,0,0,0,0,0,0,0,0,0,0,0,0,0,0,0,0
1963,1,840,M,47.3092,Risk:LOW,0,0,24,0,0,0,0,0,0,0,60,0,0,0,12,0,0,0,23,0,0,0,34,0,0,0,53,0
1963,1,841,F,32.3616,Risk:LOW,0,0,16,0,0,0,1,0,0,0,32,0,0,0,8,0,0,0,16,0,0,0,22,0,0,0,29,0
1963,1,842,M,36.3486,Risk:LOW,0,0,20,0,0,0,0,0,0,0,30,0,0,0,9,0,0,0,19,0,0,0,23,0,0,0,28,0
1963,1,843,M,55.7319,Risk:LOW,0,0,34,0,0,0,1,0,0,0,68,0,0,0,12,0,0,0,29,0,0,0,40,0,0,0,54,0
1963,1,844,M,35.9786,Risk:LOW,0,0,22,0,0,0,0,0,0,0,36,0,0,0,12,0,0,0,21,0,0,0,27,0,0,0,32,0
1963,1,845,M,8.96358,Risk:LOW,0,0,0,0,0,0,0,0,0,0,0,0,0,0,0,0,0,0,0,0,0,0,0,0,0,0,0,0
1963,1,846,M,38.7534,Risk:LOW,0,0,12,0,0,0,0,0,0,0,32,0,0,0,5,0,0,0,13,0,0,0,21,0,0,0,32,0
1963,1,847,F,28.3079,Risk:LOW,0,0,13,0,0,0,0,0,0,0,33,0,0,0,7,0,0,0,14,0,0,0,22,0,0,0,30,0
1963,1,848,F,35.7125,Risk:LOW,0,0,19,0,0,0,0,0,0,0,39,0,0,0,8,0,0,0,18,0,0,0,29,0,0,0,37,0
1963,1,849,F,4.57589,Risk:LOW,0,0,0,0,0,0,0,0,0,0,0,0,0,0,0,0,0,0,0,0,0,0,0,0,0,0,0,0
1963,1,850,M,22.3447,Risk:LOW,0,0,3,0,0,0,0,0,0,0,3,0,0,0,3,0,0,0,3,0,0,0,3,0,0,0,3,0
1963,1,851,M,5.21927,Risk:LOW,0,0,0,0,0,0,0,0,0,0,0,0,0,0,0,0,0,0,0,0,0,0,0,0,0,0,0,0
1963,1,852,F,26.6976,Risk:LOW,0,0,10,0,0,0,1,0,0,0,22,0,0,0,6,0,0,0,10,0,0,0,17,0,0,0,22,0
1963,1,853,F,16.3165,Risk:LOW,0,0,0,0,0,0,0,0,0,0,2,0,0,0,0,0,0,0,0,0,0,0,1,0,0,0,2,0
1963,1,854,F,44.131,Risk:LOW,0,0,26,0,0,0,1,0,0,0,58,0,0,0,16,0,0,0,24,0,0,0,39,0,0,0,52,0
1963,1,855,F,7.57231,Risk:LOW,0,0,0,0,0,0,0,0,0,0,0,0,0,0,0,0,0,0,0,0,0,0,0,0,0,0,0,0
1963,1,856,M,19.1436,Risk:LOW,0,0,1,0,0,0,0,0,0,0,2,0,0,0,1,0,0,0,1,0,0,0,1,0,0,0,2,0
1963,1,857,F,39.5232,Risk:LOW,0,0,40,0,0,0,1,0,0,0,66,0,0,0,20,0,0,0,42,0,0,0,52,0,0,0,61,0
1963,1,858,F,30.9753,Risk:HIGH,6,0,0,0,0,0,0,0,14,0,0,0,5,0,0,0,6,0,0,0,6,0,0,0,8,0,0,0
1963,1,859,F,34.1785,Risk:LOW,0,0,25,0,0,0,1,0,0,0,52,0,0,0,11,0,0,0,24,0,0,0,34,0,0,0,45,0
1963,1,860,F,3.99261,Risk:LOW,0,0,0,0,0,0,0,0,0,0,0,0,0,0,0,0,0,0,0,0,0,0,0,0,0,0,0,0
1963,1,861,F,7.79885,Risk:LOW,0,0,0,0,0,0,0,0,0,0,0,0,0,0,0,0,0,0,0,0,0,0,0,0,0,0,0,0
1963,1,862,M,44.5001,Risk:LOW,0,0,31,0,0,0,0,0,0,0,59,0,0,0,13,0,0,0,27,0,0,0,41,0,0,0,52,0
1963,1,863,M,19.4873,Risk:LOW,0,0,2,0,0,0,0,0,0,0,4,0,0,0,0,0,0,0,2,0,0,0,3,0,0,0,4,0
1963,1,864,F,17.7109,Risk:LOW,0,0,3,0,0,0,0,0,0,0,6,0,0,0,2,0,0,0,3,0,0,0,4,0,0,0,6,0
1963,1,865,F,75.8416,Risk:LOW,0,0,5,0,0,0,0,0,0,0,7,0,0,0,3,0,0,0,5,0,0,0,6,0,0,0,7,0
1963,1,866,F,54.3089,Risk:HIGH,3,0,0,0,0,0,0,0,6,0,0,0,2,0,0,0,3,0,0,0,4,0,0,0,4,0,0,0
1963,1,867,M,40.8762,Risk:LOW,0,0,16,0,0,0,0,0,0,0,41,0,0,0,11,0,0,0,17,0,0,0,31,0,0,0,39,0
1963,1,868,M,46.2403,Risk:LOW,0,0,23,0,0,0,0,0,0,0,44,0,0,0,10,0,0,0,21,0,0,0,33,0,0,0,38,0
1963,1,869,M,54.6345,Risk:LOW,0,0,36,0,0,0,3,0,0,0,70,0,0,0,17,0,0,0,29,0,0,0,46,0,0,0,57,0
1963,1,870,M,7.48602,Risk:LOW,0,0,0,0,0,0,0,0,0,0,0,0,0,0,0,0,0,0,0,0,0,0,0,0,0,0,0,0
1963,1,871,F,9.06477,Risk:LOW,0,0,0,0,0,0,0,0,0,0,0,0,0,0,0,0,0,0,0,0,0,0,0,0,0,0,0,0
1963,1,872,F,6.31523,Risk:LOW,0,0,0,0,0,0,0,0,0,0,0,0,0,0,0,0,0,0,0,0,0,0,0,0,0,0,0,0
1963,1,873,M,2.61011,Risk:LOW,0,0,0,0,0,0,0,0,0,0,0,0,0,0,0,0,0,0,0,0,0,0,0,0,0,0,0,0
1963,1,874,M,79.6353,Risk:LOW,0,0,7,0,0,0,1,0,0,0,13,0,0,0,3,0,0,0,7,0,0,0,9,0,0,0,12,0
1963,1,875,F,7.49245,Risk:LOW,0,0,0,0,0,0,0,0,0,0,0,0,0,0,0,0,0,0,0,0,0,0,0,0,0,0,0,0
1963,1,876,F,9.59956,Risk:LOW,0,0,0,0,0,0,0,0,0,0,0,0,0,0,0,0,0,0,0,0,0,0,0,0,0,0,0,0
1963,1,877,F,21.0234,Risk:LOW,0,0,3,0,0,0,0,0,0,0,6,0,0,0,1,0,0,0,3,0,0,0,4,0,0,0,6,0
1963,1,878,F,5.60409,Risk:LOW,0,0,0,0,0,0,0,0,0,0,0,0,0,0,0,0,0,0,0,0,0,0,0,0,0,0,0,0
1963,1,879,M,7.55435,Risk:LOW,0,0,0,0,0,0,0,0,0,0,0,0,0,0,0,0,0,0,0,0,0,0,0,0,0,0,0,0
1963,1,880,M,23.0221,Risk:LOW,0,0,2,0,0,0,0,0,0,0,2,0,0,0,1,0,0,0,2,0,0,0,2,0,0,0,2,0
1963,1,881,F,40.6884,Risk:LOW,0,0,30,0,0,0,1,0,0,0,60,0,0,0,13,0,0,0,27,0,0,0,36,0,0,0,51,0
1963,1,882,F,42.8302,Risk:LOW,0,0,32,0,0,0,1,0,0,0,57,0,0,0,16,0,0,0,30,0,0,0,40,0,0,0,49,0
1963,1,883,M,75.4812,Risk:LOW,0,0,4,0,0,0,0,0,0,0,11,0,0,0,3,0,0,0,4,0,0,0,6,0,0,0,9,0
1963,1,884,M,23.5854,Risk:LOW,0,0,2,0,0,0,0,0,0,0,5,0,0,0,1,0,0,0,2,0,0,0,5,0,0,0,6,0
1963,1,885,M,3.43855,Risk:HIGH,0,0,0,0,0,0,0,0,0,0,0,0,0,0,0,0,0,0,0,0,0,0,0,0,0,0,0,0
1963,1,886,F,11.199,Risk:LOW,0,0,0,0,0,0,0,0,0,0,0,0,0,0,0,0,0,0,0,0,0,0,0,0,0,0,0,0
1963,1,887,M,17.156,Risk:LOW,0,0,0,0,0,0,0,0,0,0,1,0,0,0,0,0,0,0,0,0,0,0,1,0,0,0,1,0
1963,1,888,M,21.2575,Risk:LOW,0,0,0,0,0,0,0,0,0,0,1,0,0,0,0,0,0,0,0,0,0,0,0,0,0,0,1,0
1963,1,889,F,11.3683,Risk:LOW,0,0,0,0,0,0,0,0,0,0,0,0,0,0,0,0,0,0,0,0,0,0,0,0,0,0,0,0
1963,1,890,F,11.1829,Risk:LOW,0,0,0,0,0,0,0,0,0,0,0,0,0,0,0,0,0,0,0,0,0,0,0,0,0,0,0,0
1963,1,891,M,67.613,Risk:LOW,0,0,4,0,0,0,0,0,0,0,11,0,0,0,1,0,0,0,4,0,0,0,6,0,0,0,11,0
1963,1,892,M,37.0079,Risk:LOW,0,0,20,0,0,0,0,0,0,0,36,0,0,0,7,0,0,0,20,0,0,0,27,0,0,0,32,0
1963,1,893,F,10.5735,Risk:LOW,0,0,0,0,0,0,0,0,0,0,0,0,0,0,0,0,0,0,0,0,0,0,0,0,0,0,0,0
1963,1,894,M,45.7668,Risk:LOW,0,0,28,0,0,0,1,0,0,0,57,0,0,0,13,0,0,0,28,0,0,0,42,0,0,0,52,0
1963,1,895,F,4.52778,Risk:LOW,0,0,0,0,0,0,0,0,0,0,0,0,0,0,0,0,0,0,0,0,0,0,0,0,0,0,0,0
1963,1,896,F,6.61645,Risk:LOW,0,0,0,0,0,0,0,0,0,0,0,0,0,0,0,0,0,0,0,0,0,0,0,0,0,0,0,0
1963,1,897,M,5.75886,Risk:LOW,0,0,0,0,0,0,0,0,0,0,0,0,0,0,0,0,0,0,0,0,0,0,0,0,0,0,0,0
1963,1,898,F,8.22639,Risk:LOW,0,0,0,0,0,0,0,0,0,0,0,0,0,0,0,0,0,0,0,0,0,0,0,0,0,0,0,0
1963,1,899,M,45.4644,Risk:LOW,0,0,26,0,0,0,1,0,0,0,62,0,0,0,11,0,0,0,25,0,0,0,43,0,0,0,55,0
1963,1,900,M,52.3935,Risk:LOW,0,0,20,0,0,0,2,0,0,0,46,0,0,0,10,0,0,0,19,0,0,0,28,0,0,0,45,0
1963,1,901,F,67.441,Risk:LOW,0,0,2,0,0,0,1,0,0,0,8,0,0,0,2,0,0,0,2,0,0,0,6,0,0,0,8,0
1963,1,902,F,11.6465,Risk:LOW,0,0,0,0,0,0,0,0,0,0,0,0,0,0,0,0,0,0,0,0,0,0,0,0,0,0,0,0
1963,1,903,F,37.9567,Risk:LOW,0,0,38,0,0,0,0,0,0,0,65,0,0,0,24,0,0,0,37,0,0,0,49,0,0,0,59,0
1963,1,904,M,17.394,Risk:LOW,0,0,0,0,0,0,0,0,0,0,0,0,0,0,0,0,0,0,0,0,0,0,0,0,0,0,0,0
1963,1,905,F,18.3264,Risk:LOW,0,0,4,0,0,0,0,0,0,0,7,0,0,0,2,0,0,0,4,0,0,0,6,0,0,0,7,0
1963,1,906,F,34.2719,Risk:LOW,0,0,25,0,0,0,0,0,0,0,47,0,0,0,13,0,0,0,26,0,0,0,34,0,0,0,44,0
1963,1,907,F,40.2721,Risk:LOW,0,0,29,0,0,0,1,0,0,0,58,0,0,0,11,0,0,0,25,0,0,0,40,0,0,0,51,0
1963,1,908,M,34.584,Risk:LOW,0,0,19,0,0,0,0,0,0,0,28,0,0,0,8,0,0,0,18,0,0,0,23,0,0,0,24,0
1963,1,909,M,43.4826,Risk:LOW,0,0,17,0,0,0,0,0,0,0,37,0,0,0,10,0,0,0,18,0,0,0,25,0,0,0,33,0
1963,1,910,F,44.8989,Risk:LOW,0,0,28,0,0,0,2,0,0,0,65,0,0,0,17,0,0,0,27,0,0,0,44,0,0,0,54,0
1963,1,911,F,45.6772,Risk:LOW,0,0,31,0,0,0,0,0,0,0,58,0,0,0,14,0,0,0,29,0,0,0,38,0,0,0,51,0
1963,1,912,F,15.6076,Risk:LOW,0,0,6,0,0,0,0,0,0,0,8,0,0,0,5,0,0,0,6,0,0,0,7,0,0,0,8,0
1963,1,913,M,3.48405,Risk:HIGH,0,0,0,0,0,0,0,0,0,0,0,0,0,0,0,0,0,0,0,0,0,0,0,0,0,0,0,0
1963,1,914,M,52.1441,Risk:LOW,0,0,32,0,0,0,1,0,0,0,61,0,0,0,12,0,0,0,30,0,0,0,40,0,0,0,53,0
1963,1,915,M,56.9543,Risk:LOW,0,0,37,0,0,0,2,0,0,0,85,0,0,0,17,0,0,0,35,0,0,0,52,0,0,0,72,0
1963,1,916,M,41.4876,Risk:LOW,0,0,17,0,0,0,1,0,0,0,31,0,0,0,8,0,0,0,15,0,0,0,20,0,0,0,28,0
1963,1,917,M,27.7001,Risk:LOW,0,0,4,0,0,0,0,0,0,0,6,0,0,0,2,0,0,0,4,0,0,0,5,0,0,0,6,0
1963,1,918,M,4.85394,Risk:LOW,0,0,0,0,0,0,0,0,0,0,0,0,0,0,0,0,0,0,0,0,0,0,0,0,0,0,0,0
1963,1,919,F,23.1397,Risk:LOW,0,0,8,0,0,0,0,0,0,0,12,0,0,0,4,0,0,0,9,0,0,0,10,0,0,0,11,0
1963,1,920,M,9.84218,Risk:LOW,0,0,0,0,0,0,0,0,0,0,0,0,0,0,0,0,0,0,0,0,0,0,0,0,0,0,0,0
1963,1,921,M,4.59609,Risk:LOW,0,0,0,0,0,0,0,0,0,0,0,0,0,0,0,0,0,0,0,0,0,0,0,0,0,0,0,0
1963,1,922,M,31.8908,Risk:LOW,0,0,8,0,0,0,0,0,0,0,15,0,0,0,1,0,0,0,8,0,0,0,13,0,0,0,15,0
1963,1,923,F,52.3781,Risk:LOW,0,0,28,0,0,0,0,0,0,0,58,0,0,0,13,0,0,0,23,0,0,0,38,0,0,0,44,0
1963,1,924,M,35.4522,Risk:LOW,0,0,17,0,0,0,0,0,0,0,32,0,0,0,8,0,0,0,15,0,0,0,19,0,0,0,29,0
1963,1,925,M,17.4669,Risk:LOW,0,0,0,0,0,0,0,0,0,0,0,0,0,0,0,0,0,0,0,0,0,0,0,0,0,0,0,0
1963,1,926,F,11.2351,Risk:LOW,0,0,0,0,0,0,0,0,0,0,0,0,0,0,0,0,0,0,0,0,0,0,0,0,0,0,0,0
1963,1,927,F,2.59527,Risk:LOW,0,0,0,0,0,0,0,0,0,0,0,0,0,0,0,0,0,0,0,0,0,0,0,0,0,0,0,0
1963,1,928,F,14.3739,Risk:LOW,0,0,0,0,0,0,0,0,0,0,0,0,0,0,0,0,0,0,0,0,0,0,0,0,0,0,0,0
1963,1,929,M,7.44044,Risk:LOW,0,0,0,0,0,0,0,0,0,0,0,0,0,0,0,0,0,0,0,0,0,0,0,0,0,0,0,0
1963,1,930,F,63.7186,Risk:LOW,0,0,6,0,0,0,0,0,0,0,8,0,0,0,4,0,0,0,6,0,0,0,6,0,0,0,8,0
1963,1,931,F,29.1516,Risk:LOW,0,0,9,0,0,0,1,0,0,0,21,0,0,0,6,0,0,0,9,0,0,0,14,0,0,0,22,0
1963,1,932,M,69.6671,Risk:LOW,0,0,6,0,0,0,1,0,0,0,12,0,0,0,3,0,0,0,5,0,0,0,7,0,0,0,10,0
1963,1,933,M,11.4113,Risk:LOW,0,0,0,0,0,0,0,0,0,0,0,0,0,0,0,0,0,0,0,0,0,0,0,0,0,0,0,0
1963,1,934,M,4.42749,Risk:LOW,0,0,0,0,0,0,0,0,0,0,0,0,0,0,0,0,0,0,0,0,0,0,0,0,0,0,0,0
1963,1,935,M,7.18451,Risk:LOW,0,0,0,0,0,0,0,0,0,0,0,0,0,0,0,0,0,0,0,0,0,0,0,0,0,0,0,0
1963,1,936,F,28.5458,Risk:LOW,0,0,15,0,0,0,0,0,0,0,26,0,0,0,8,0,0,0,15,0,0,0,21,0,0,0,25,0
1963,1,937,F,6.31907,Risk:HIGH,0,0,0,0,0,0,0,0,0,0,0,0,0,0,0,0,0,0,0,0,0,0,0,0,0,0,0,0
1963,1,938,M,6.75357,Risk:LOW,0,0,0,0,0,0,0,0,0,0,0,0,0,0,0,0,0,0,0,0,0,0,0,0,0,0,0,0
1963,1,939,F,20.7987,Risk:LOW,0,0,5,0,0,0,0,0,0,0,11,0,0,0,3,0,0,0,5,0,0,0,7,0,0,0,11,0
1963,1,940,M,10.1978,Risk:LOW,0,0,0,0,0,0,0,0,0,0,0,0,0,0,0,0,0,0,0,0,0,0,0,0,0,0,0,0
1963,1,941,F,4.93454,Risk:LOW,0,0,0,0,0,0,0,0,0,0,0,0,0,0,0,0,0,0,0,0,0,0,0,0,0,0,0,0
1963,1,942,M,7.37486,Risk:LOW,0,0,0,0,0,0,0,0,0,0,0,0,0,0,0,0,0,0,0,0,0,0,0,0,0,0,0,0
1963,1,943,M,16.5731,Risk:LOW,0,0,0,0,0,0,0,0,0,0,0,0,0,0,0,0,0,0,0,0,0,0,0,0,0,0,0,0
1963,1,944,F,3.3154,Risk:LOW,0,0,0,0,0,0,0,0,0,0,0,0,0,0,0,0,0,0,0,0,0,0,0,0,0,0,0,0
1963,1,945,F,41.0882,Risk:LOW,0,0,20,0,0,0,0,0,0,0,47,0,0,0,9,0,0,0,18,0,0,0,30,0,0,0,38,0
1963,1,946,F,16.4269,Risk:LOW,0,0,1,0,0,0,0,0,0,0,1,0,0,0,1,0,0,0,1,0,0,0,1,0,0,0,1,0
1963,1,947,F,54.5947,Risk:LOW,0,0,13,0,0,0,0,0,0,0,29,0,0,0,8,0,0,0,13,0,0,0,20,0,0,0,26,0
1963,1,948,M,15.0299,Risk:LOW,0,0,0,0,0,0,0,0,0,0,0,0,0,0,0,0,0,0,0,0,0,0,0,0,0,0,0,0
1963,1,949,M,36.3268,Risk:LOW,0,0,17,0,0,0,1,0,0,0,27,0,0,0,8,0,0,0,15,0,0,0,21,0,0,0,24,0
1963,1,950,M,77.9616,Risk:LOW,0,0,5,0,0,0,0,0,0,0,10,0,0,0,3,0,0,0,6,0,0,0,9,0,0,0,10,0
1963,1,951,M,27.9806,Risk:LOW,0,0,7,0,0,0,1,0,0,0,13,0,0,0,5,0,0,0,7,0,0,0,8,0,0,0,12,0
1963,1,952,M,49.9559,Risk:LOW,0,0,49,0,0,0,1,0,0,0,100,0,0,0,21,0,0,0,42,0,0,0,62,0,0,0,79,0
1963,1,953,M,22.98,Risk:LOW,0,0,7,0,0,0,0,0,0,0,8,0,0,0,3,0,0,0,7,0,0,0,7,0,0,0,8,0
1963,1,954,F,3.36711,Risk:LOW,0,0,0,0,0,0,0,0,0,0,0,0,0,0,0,0,0,0,0,0,0,0,0,0,0,0,0,0
1963,1,955,M,4.61188,Risk:LOW,0,0,0,0,0,0,0,0,0,0,0,0,0,0,0,0,0,0,0,0,0,0,0,0,0,0,0,0
1963,1,956,F,6.22974,Risk:LOW,0,0,0,0,0,0,0,0,0,0,0,0,0,0,0,0,0,0,0,0,0,0,0,0,0,0,0,0
1963,1,957,M,10.1569,Risk:LOW,0,0,0,0,0,0,0,0,0,0,0,0,0,0,0,0,0,0,0,0,0,0,0,0,0,0,0,0
1963,1,958,F,53.6304,Risk:LOW,0,0,12,0,0,0,0,0,0,0,30,0,0,0,5,0,0,0,12,0,0,0,20,0,0,0,25,0
1963,1,959,F,40.0014,Risk:LOW,0,0,32,0,0,0,1,0,0,0,66,0,0,0,14,0,0,0,31,0,0,0,47,0,0,0,55,0
1963,1,960,M,61.5028,Risk:LOW,0,0,24,0,0,0,2,0,0,0,41,0,0,0,10,0,0,0,23,0,0,0,26,0,0,0,37,0
1963,1,961,M,2.5086,Risk:LOW,0,0,0,0,0,0,0,0,0,0,0,0,0,0,0,0,0,0,0,0,0,0,0,0,0,0,0,0
1963,1,962,M,16.8145,Risk:LOW,0,0,0,0,0,0,0,0,0,0,0,0,0,0,0,0,0,0,0,0,0,0,0,0,0,0,0,0
1963,1,963,F,3.91613,Risk:LOW,0,0,0,0,0,0,0,0,0,0,0,0,0,0,0,0,0,0,0,0,0,0,0,0,0,0,0,0
1963,1,964,M,9.01776,Risk:LOW,0,0,0,0,0,0,0,0,0,0,0,0,0,0,0,0,0,0,0,0,0,0,0,0,0,0,0,0
1963,1,965,F,30.2618,Risk:LOW,0,0,15,0,0,0,1,0,0,0,26,0,0,0,8,0,0,0,13,0,0,0,19,0,0,0,23,0
1963,1,966,F,60.1595,Risk:LOW,0,0,14,0,0,0,0,0,0,0,27,0,0,0,9,0,0,0,13,0,0,0,20,0,0,0,22,0
1963,1,967,F,7.32557,Risk:LOW,0,0,0,0,0,0,0,0,0,0,0,0,0,0,0,0,0,0,0,0,0,0,0,0,0,0,0,0
1963,1,968,M,65.677,Risk:LOW,0,0,3,0,0,0,0,0,0,0,8,0,0,0,2,0,0,0,3,0,0,0,5,0,0,0,9,0
1963,1,969,F,54.8374,Risk:LOW,0,0,19,0,0,0,1,0,0,0,35,0,0,0,9,0,0,0,16,0,0,0,23,0,0,0,27,0
1963,1,970,M,37.9817,Risk:LOW,0,0,23,0,0,0,0,0,0,0,35,0,0,0,9,0,0,0,21,0,0,0,24,0,0,0,32,0
1963,1,971,M,45.1174,Risk:LOW,0,0,29,0,0,0,1,0,0,0,51,0,0,0,11,0,0,0,29,0,0,0,35,0,0,0,44,0
1963,1,972,F,9.91015,Risk:LOW,0,0,0,0,0,0,0,0,0,0,0,0,0,0,0,0,0,0,0,0,0,0,0,0,0,0,0,0
1963,1,973,M,24.0925,Risk:LOW,0,0,1,0,0,0,0,0,0,0,6,0,0,0,1,0,0,0,1,0,0,0,2,0,0,0,6,0
1963,1,974,F,2.86993,Risk:LOW,0,0,0,0,0,0,0,0,0,0,0,0,0,0,0,0,0,0,0,0,0,0,0,0,0,0,0,0
1963,1,975,F,43.5175,Risk:LOW,0,0,28,0,0,0,1,0,0,0,60,0,0,0,18,0,0,0,24,0,0,0,36,0,0,0,47,0
1963,1,976,M,10.889,Risk:LOW,0,0,0,0,0,0,0,0,0,0,0,0,0,0,0,0,0,0,0,0,0,0,0,0,0,0,0,0
1963,1,977,M,58.5609,Risk:LOW,0,0,45,0,0,0,0,0,0,0,99,0,0,0,18,0,0,0,39,0,0,0,53,0,0,0,70,0
1963,1,978,M,12.3714,Risk:LOW,0,0,0,0,0,0,0,0,0,0,0,0,0,0,0,0,0,0,0,0,0,0,0,0,0,0,0,0
1963,1,979,F,4.25392,Risk:LOW,0,0,0,0,0,0,0,0,0,0,0,0,0,0,0,0,0,0,0,0,0,0,0,0,0,0,0,0
1963,1,980,M,33.7913,Risk:LOW,0,0,11,0,0,0,0,0,0,0,26,0,0,0,7,0,0,0,11,0,0,0,17,0,0,0,26,0
1963,1,981,F,17.9858,Risk:LOW,0,0,4,0,0,0,0,0,0,0,5,0,0,0,2,0,0,0,4,0,0,0,5,0,0,0,5,0
1963,1,982,F,34.5861,Risk:LOW,0,0,25,0,0,0,1,0,0,0,55,0,0,0,12,0,0,0,22,0,0,0,30,0,0,0,46,0
1963,1,983,F,9.86023,Risk:LOW,0,0,0,0,0,0,0,0,0,0,0,0,0,0,0,0,0,0,0,0,0,0,0,0,0,0,0,0
1963,1,984,M,18.8612,Risk:LOW,0,0,1,0,0,0,0,0,0,0,2,0,0,0,0,0,0,0,1,0,0,0,2,0,0,0,2,0
1963,1,985,M,32.8204,Risk:LOW,0,0,16,0,0,0,0,0,0,0,28,0,0,0,9,0,0,0,15,0,0,0,20,0,0,0,26,0
1963,1,986,M,39.2355,Risk:LOW,0,0,16,0,0,0,0,0,0,0,32,0,0,0,6,0,0,0,15,0,0,0,25,0,0,0,30,0
1963,1,987,F,58.4587,Risk:LOW,0,0,18,0,0,0,0,0,0,0,32,0,0,0,10,0,0,0,17,0,0,0,20,0,0,0,23,0
1963,1,988,F,4.47403,Risk:LOW,0,0,0,0,0,0,0,0,0,0,0,0,0,0,0,0,0,0,0,0,0,0,0,0,0,0,0,0
1963,1,989,M,52.2435,Risk:LOW,0,0,31,0,0,0,0,0,0,0,66,0,0,0,17,0,0,0,28,0,0,0,43,0,0,0,57,0
1963,1,990,F,17.2725,Risk:LOW,0,0,4,0,0,0,0,0,0,0,7,0,0,0,3,0,0,0,4,0,0,0,6,0,0,0,7,0
1963,1,991,F,4.43504,Risk:LOW,0,0,0,0,0,0,0,0,0,0,0,0,0,0,0,0,0,0,0,0,0,0,0,0,0,0,0,0
1963,1,992,F,8.57385,Risk:LOW,0,0,0,0,0,0,0,0,0,0,0,0,0,0,0,0,0,0,0,0,0,0,0,0,0,0,0,0
1963,1,993,F,3.87354,Risk:LOW,0,0,0,0,0,0,0,0,0,0,0,0,0,0,0,0,0,0,0,0,0,0,0,0,0,0,0,0
1963,1,994,M,42.8569,Risk:LOW,0,0,19,0,0,0,0,0,0,0,42,0,0,0,10,0,0,0,20,0,0,0,34,0,0,0,40,0
1963,1,995,F,11.9212,Risk:HIGH,0,0,0,0,0,0,0,0,0,0,0,0,0,0,0,0,0,0,0,0,0,0,0,0,0,0,0,0
1963,1,996,F,26.2373,Risk:LOW,0,0,10,0,0,0,0,0,0,0,16,0,0,0,8,0,0,0,10,0,0,0,13,0,0,0,15,0
1963,1,997,M,53.3868,Risk:LOW,0,0,48,0,0,0,1,0,0,0,94,0,0,0,26,0,0,0,44,0,0,0,64,0,0,0,72,0
1963,1,998,M,9.90855,Risk:LOW,0,0,0,0,0,0,0,0,0,0,0,0,0,0,0,0,0,0,0,0,0,0,0,0,0,0,0,0
1963,1,999,M,43.9959,Risk:LOW,0,0,20,0,0,0,0,0,0,0,37,0,0,0,9,0,0,0,20,0,0,0,28,0,0,0,35,0
1963,1,1000,F,35.4832,Risk:LOW,0,0,19,0,0,0,1,0,0,0,42,0,0,0,10,0,0,0,18,0,0,0,30,0,0,0,41,0
1963,1,1001,F,43.1021,Risk:LOW,0,0,27,0,0,0,1,0,0,0,50,0,0,0,10,0,0,0,25,0,0,0,29,0,0,0,39,0
1963,1,1002,F,11.1695,Risk:LOW,0,0,0,0,0,0,0,0,0,0,0,0,0,0,0,0,0,0,0,0,0,0,0,0,0,0,0,0
1963,1,1003,M,4.56027,Risk:HIGH,0,0,0,0,0,0,0,0,0,0,0,0,0,0,0,0,0,0,0,0,0,0,0,0,0,0,0,0
1963,1,1004,F,13.1154,Risk:LOW,0,0,0,0,0,0,0,0,0,0,0,0,0,0,0,0,0,0,0,0,0,0,0,0,0,0,0,0
1963,1,1005,F,8.15326,Risk:LOW,0,0,0,0,0,0,0,0,0,0,0,0,0,0,0,0,0,0,0,0,0,0,0,0,0,0,0,0
1963,1,1006,M,28.4434,Risk:LOW,0,0,7,0,0,0,0,0,0,0,9,0,0,0,4,0,0,0,7,0,0,0,8,0,0,0,9,0
1963,1,1007,M,50.4678,Risk:LOW,0,0,26,0,0,0,0,0,0,0,74,0,0,0,11,0,0,0,25,0,0,0,40,0,0,0,63,0
1963,1,1008,F,4.00652,Risk:LOW,0,0,0,0,0,0,0,0,0,0,0,0,0,0,0,0,0,0,0,0,0,0,0,0,0,0,0,0
1963,1,1009,F,57.1678,Risk:LOW,0,0,8,0,0,0,0,0,0,0,19,0,0,0,4,0,0,0,9,0,0,0,14,0,0,0,18,0
1963,1,1010,M,29.9064,Risk:LOW,0,0,7,0,0,0,0,0,0,0,12,0,0,0,4,0,0,0,7,0,0,0,9,0,0,0,12,0
1963,1,1011,M,59.6504,Risk:HIGH,0,0,0,0,0,0,0,0,2,0,0,0,0,0,0,0,0,0,0,0,1,0,0,0,2,0,0,0
1963,1,1012,F,46.1377,Risk:LOW,0,0,30,0,0,0,1,0,0,0,60,0,0,0,13,0,0,0,26,0,0,0,39,0,0,0,49,0
1963,1,1013,F,12.8854,Risk:LOW,0,0,0,0,0,0,0,0,0,0,0,0,0,0,0,0,0,0,0,0,0,0,0,0,0,0,0,0
1963,1,1014,M,10.2407,Risk:LOW,0,0,0,0,0,0,0,0,0,0,0,0,0,0,0,0,0,0,0,0,0,0,0,0,0,0,0,0
1963,1,1015,F,19.1532,Risk:LOW,0,0,3,0,0,0,0,0,0,0,5,0,0,0,1,0,0,0,3,0,0,0,3,0,0,0,5,0
1963,1,1016,F,27.2342,Risk:LOW,0,0,9,0,0,0,0,0,0,0,25,0,0,0,5,0,0,0,10,0,0,0,19,0,0,0,26,0
1963,1,1017,M,36.285,Risk:LOW,0,0,16,0,0,0,0,0,0,0,37,0,0,0,8,0,0,0,15,0,0,0,25,0,0,0,33,0
1963,1,1018,F,23.3817,Risk:LOW,0,0,4,0,0,0,0,0,0,0,9,0,0,0,0,0,0,0,5,0,0,0,6,0,0,0,9,0
1963,1,1019,F,3.01722,Risk:LOW,0,0,0,0,0,0,0,0,0,0,0,0,0,0,0,0,0,0,0,0,0,0,0,0,0,0,0,0
1963,1,1020,F,27.4924,Risk:LOW,0,0,9,0,0,0,0,0,0,0,19,0,0,0,4,0,0,0,9,0,0,0,11,0,0,0,19,0
1963,1,1021,F,33.1184,Risk:LOW,0,0,26,0,0,0,0,0,0,0,43,0,0,0,11,0,0,0,25,0,0,0,31,0,0,0,39,0
1963,1,1022,F,28.7478,Risk:LOW,0,0,15,0,0,0,1,0,0,0,29,0,0,0,6,0,0,0,15,0,0,0,22,0,0,0,29,0
1963,1,1023,F,41.2738,Risk:LOW,0,0,29,0,0,0,1,0,0,0,49,0,0,0,16,0,0,0,28,0,0,0,35,0,0,0,42,0
1963,1,1024,F,47.6057,Risk:LOW,0,0,30,0,0,0,0,0,0,0,62,0,0,0,13,0,0,0,28,0,0,0,37,0,0,0,50,0
1963,1,1025,M,26.6095,Risk:LOW,0,0,3,0,0,0,0,0,0,0,7,0,0,0,2,0,0,0,3,0,0,0,5,0,0,0,7,0
1963,1,1026,M,45.9196,Risk:LOW,0,0,23,0,0,0,1,0,0,0,44,0,0,0,11,0,0,0,20,0,0,0,30,0,0,0,36,0
1963,1,1027,F,3.53447,Risk:LOW,0,0,0,0,0,0,0,0,0,0,0,0,0,0,0,0,0,0,0,0,0,0,0,0,0,0,0,0
1963,1,1028,M,61.1829,Risk:LOW,0,0,24,0,0,0,2,0,0,0,32,0,0,0,15,0,0,0,23,0,0,0,28,0,0,0,29,0
1963,1,1029,M,50.6025,Risk:LOW,0,0,24,0,0,0,0,0,0,0,71,0,0,0,13,0,0,0,26,0,0,0,43,0,0,0,60,0
1963,1,1030,F,9.96993,Risk:LOW,0,0,0,0,0,0,0,0,0,0,0,0,0,0,0,0,0,0,0,0,0,0,0,0,0,0,0,0
1963,1,1031,F,55.3882,Risk:LOW,0,0,15,0,0,0,0,0,0,0,30,0,0,0,9,0,0,0,15,0,0,0,22,0,0,0,28,0
1963,1,1032,M,54.6031,Risk:LOW,0,0,45,0,0,0,1,0,0,0,81,0,0,0,22,0,0,0,42,0,0,0,59,0,0,0,71,0
1963,1,1033,M,74.1615,Risk:LOW,0,0,8,0,0,0,0,0,0,0,12,0,0,0,4,0,0,0,8,0,0,0,8,0,0,0,12,0
1963,1,1034,F,41.6905,Risk:LOW,0,0,27,0,0,0,1,0,0,0,49,0,0,0,11,0,0,0,28,0,0,0,40,0,0,0,48,0
1963,1,1035,M,29.7008,Risk:LOW,0,0,6,0,0,0,0,0,0,0,12,0,0,0,3,0,0,0,6,0,0,0,10,0,0,0,12,0
1963,1,1036,M,37.7735,Risk:LOW,0,0,15,0,0,0,1,0,0,0,33,0,0,0,7,0,0,0,15,0,0,0,25,0,0,0,31,0
1963,1,1037,M,11.3498,Risk:LOW,0,0,0,0,0,0,0,0,0,0,0,0,0,0,0,0,0,0,0,0,0,0,0,0,0,0,0,0
1963,1,1038,M,57.4165,Risk:LOW,0,0,43,0,0,0,3,0,0,0,74,0,0,0,23,0,0,0,43,0,0,0,53,0,0,0,67,0
1963,1,1039,M,21.262,Risk:LOW,0,0,2,0,0,0,0,0,0,0,3,0,0,0,1,0,0,0,2,0,0,0,3,0,0,0,3,0
1963,1,1040,M,23.7245,Risk:LOW,0,0,1,0,0,0,0,0,0,0,6,0,0,0,0,0,0,0,1,0,0,0,4,0,0,0,6,0
1963,1,1041,M,81.0188,Risk:LOW,0,0,3,0,0,0,1,0,0,0,11,0,0,0,2,0,0,0,3,0,0,0,5,0,0,0,11,0
1963,1,1042,M,13.1909,Risk:LOW,0,0,0,0,0,0,0,0,0,0,0,0,0,0,0,0,0,0,0,0,0,0,0,0,0,0,0,0
1963,1,1043,M,51.6952,Risk:LOW,0,0,24,0,0,0,0,0,0,0,53,0,0,0,12,0,0,0,24,0,0,0,34,0,0,0,49,0
1963,1,1044,M,12.1379,Risk:LOW,0,0,0,0,0,0,0,0,0,0,0,0,0,0,0,0,0,0,0,0,0,0,0,0,0,0,0,0
1963,1,1045,M,13.4395,Risk:LOW,0,0,0,0,0,0,0,0,0,0,0,0,0,0,0,0,0,0,0,0,0,0,0,0,0,0,0,0
1963,1,1046,M,12.7742,Risk:LOW,0,0,0,0,0,0,0,0,0,0,0,0,0,0,0,0,0,0,0,0,0,0,0,0,0,0,0,0
1963,1,1047,F,8.34317,Risk:LOW,0,0,0,0,0,0,0,0,0,0,0,0,0,0,0,0,0,0,0,0,0,0,0,0,0,0,0,0
1963,1,1048,F,61.796,Risk:LOW,0,0,19,0,0,0,0,0,0,0,36,0,0,0,8,0,0,0,16,0,0,0,21,0,0,0,29,0
1963,1,1049,F,9.21494,Risk:LOW,0,0,0,0,0,0,0,0,0,0,0,0,0,0,0,0,0,0,0,0,0,0,0,0,0,0,0,0
1963,1,1050,M,36.4407,Risk:LOW,0,0,18,0,0,0,0,0,0,0,31,0,0,0,7,0,0,0,16,0,0,0,26,0,0,0,29,0
1963,1,1051,F,74.0274,Risk:LOW,0,0,6,0,0,0,0,0,0,0,10,0,0,0,4,0,0,0,6,0,0,0,10,0,0,0,10,0
1963,1,1052,M,23.2557,Risk:LOW,0,0,2,0,0,0,0,0,0,0,4,0,0,0,2,0,0,0,2,0,0,0,4,0,0,0,4,0
1963,1,1053,F,52.4007,Risk:LOW,0,0,23,0,0,0,0,0,0,0,46,0,0,0,11,0,0,0,22,0,0,0,34,0,0,0,40,0
1963,1,1054,M,28.3184,Risk:LOW,0,0,12,0,0,0,1,0,0,0,14,0,0,0,7,0,0,0,12,0,0,0,13,0,0,0,15,0
1963,1,1055,F,27.3315,Risk:LOW,0,0,8,0,0,0,0,0,0,0,17,0,0,0,4,0,0,0,7,0,0,0,10,0,0,0,16,0
1963,1,1056,M,21.2,Risk:HIGH,10,0,0,0,0,0,0,0,20,0,0,0,2,0,0,0,3,0,0,0,4,0,0,0,4,0,0,0
1963,1,1057,M,23.2634,Risk:LOW,0,0,3,0,0,0,0,0,0,0,3,0,0,0,2,0,0,0,3,0,0,0,3,0,0,0,3,0
1963,1,1058,F,3.17443,Risk:LOW,0,0,0,0,0,0,0,0,0,0,0,0,0,0,0,0,0,0,0,0,0,0,0,0,0,0,0,0
1963,1,1059,M,39.3134,Risk:LOW,0,0,16,0,0,0,0,0,0,0,40,0,0,0,9,0,0,0,15,0,0,0,26,0,0,0,36,0
1963,1,1060,M,24.572,Risk:LOW,0,0,4,0,0,0,0,0,0,0,5,0,0,0,1,0,0,0,4,0,0,0,5,0,0,0,5,0
1963,1,1061,M,23.2247,Risk:LOW,0,0,4,0,0,0,0,0,0,0,5,0,0,0,3,0,0,0,4,0,0,0,4,0,0,0,5,0
1963,1,1062,M,46.5199,Risk:LOW,0,0,29,0,0,0,3,0,0,0,47,0,0,0,18,0,0,0,27,0,0,0,34,0,0,0,41,0
1963,1,1063,M,29.0771,Risk:HIGH,11,0,0,0,0,0,0,0,21,0,0,0,2,0,0,0,6,0,0,0,6,0,0,0,6,0,0,0
1963,1,1064,F,24.9197,Risk:LOW,0,0,6,0,0,0,0,0,0,0,19,0,0,0,3,0,0,0,6,0,0,0,12,0,0,0,18,0
1963,1,1065,F,5.98627,Risk:LOW,0,0,0,0,0,0,0,0,0,0,0,0,0,0,0,0,0,0,0,0,0,0,0,0,0,0,0,0
1963,1,1066,M,12.728,Risk:LOW,0,0,0,0,0,0,0,0,0,0,0,0,0,0,0,0,0,0,0,0,0,0,0,0,0,0,0,0
1963,1,1067,F,40.4966,Risk:LOW,0,0,18,0,0,0,1,0,0,0,52,0,0,0,7,0,0,0,19,0,0,0,35,0,0,0,48,0
1963,1,1068,M,8.51602,Risk:LOW,0,0,0,0,0,0,0,0,0,0,0,0,0,0,0,0,0,0,0,0,0,0,0,0,0,0,0,0
1963,1,1069,F,16.15,Risk:LOW,0,0,2,0,0,0,0,0,0,0,6,0,0,0,2,0,0,0,2,0,0,0,4,0,0,0,6,0
1963,1,1070,M,16.287,Risk:LOW,0,0,0,0,0,0,0,0,0,0,0,0,0,0,0,0,0,0,0,0,0,0,0,0,0,0,0,0
1963,1,1071,F,46.3093,Risk:LOW,0,0,23,0,0,0,1,0,0,0,55,0,0,0,9,0,0,0,22,0,0,0,33,0,0,0,47,0
1963,1,1072,F,3.51638,Risk:LOW,0,0,0,0,0,0,0,0,0,0,0,0,0,0,0,0,0,0,0,0,0,0,0,0,0,0,0,0
1963,1,1073,F,5.26477,Risk:HIGH,0,0,0,0,0,0,0,0,0,0,0,0,0,0,0,0,0,0,0,0,0,0,0,0,0,0,0,0
1963,1,1074,M,16.1541,Risk:LOW,0,0,0,0,0,0,0,0,0,0,0,0,0,0,0,0,0,0,0,0,0,0,0,0,0,0,0,0
1963,1,1075,M,10.2996,Risk:LOW,0,0,0,0,0,0,0,0,0,0,0,0,0,0,0,0,0,0,0,0,0,0,0,0,0,0,0,0
1963,1,1076,F,23.3658,Risk:LOW,0,0,5,0,0,0,0,0,0,0,13,0,0,0,3,0,0,0,5,0,0,0,10,0,0,0,12,0
1963,1,1077,M,4.59963,Risk:LOW,0,0,0,0,0,0,0,0,0,0,0,0,0,0,0,0,0,0,0,0,0,0,0,0,0,0,0,0
1963,1,1078,M,12.7058,Risk:LOW,0,0,0,0,0,0,0,0,0,0,0,0,0,0,0,0,0,0,0,0,0,0,0,0,0,0,0,0
1963,1,1079,M,15.2477,Risk:LOW,0,0,0,0,0,0,0,0,0,0,0,0,0,0,0,0,0,0,0,0,0,0,0,0,0,0,0,0
1963,1,1080,M,38.0824,Risk:LOW,0,0,12,0,0,0,0,0,0,0,24,0,0,0,4,0,0,0,12,0,0,0,16,0,0,0,22,0
1963,1,1081,M,10.8238,Risk:LOW,0,0,0,0,0,0,0,0,0,0,0,0,0,0,0,0,0,0,0,0,0,0,0,0,0,0,0,0
1963,1,1082,F,22.4353,Risk:LOW,0,0,2,0,0,0,0,0,0,0,8,0,0,0,2,0,0,0,2,0,0,0,7,0,0,0,8,0
1963,1,1083,F,62.6176,Risk:HIGH,0,0,0,0,0,0,0,0,0,0,0,0,0,0,0,0,0,0,0,0,0,0,0,0,0,0,0,0
1963,1,1084,M,12.8706,Risk:LOW,0,0,0,0,0,0,0,0,0,0,0,0,0,0,0,0,0,0,0,0,0,0,0,0,0,0,0,0
1963,1,1085,F,13.5301,Risk:LOW,0,0,0,0,0,0,0,0,0,0,0,0,0,0,0,0,0,0,0,0,0,0,0,0,0,0,0,0
1963,1,1086,F,5.90259,Risk:LOW,0,0,0,0,0,0,0,0,0,0,0,0,0,0,0,0,0,0,0,0,0,0,0,0,0,0,0,0
1963,1,1087,M,44.7457,Risk:LOW,0,0,23,0,0,0,2,0,0,0,55,0,0,0,13,0,0,0,24,0,0,0,32,0,0,0,46,0
1963,1,1088,M,4.65185,Risk:LOW,0,0,0,0,0,0,0,0,0,0,0,0,0,0,0,0,0,0,0,0,0,0,0,0,0,0,0,0
1963,1,1089,M,44.9289,Risk:LOW,0,0,25,0,0,0,0,0,0,0,54,0,0,0,12,0,0,0,24,0,0,0,35,0,0,0,48,0
1963,1,1090,F,63.5893,Risk:LOW,0,0,3,0,0,0,0,0,0,0,9,0,0,0,2,0,0,0,4,0,0,0,5,0,0,0,8,0
1963,1,1091,F,22.5113,Risk:LOW,0,0,3,0,0,0,0,0,0,0,5,0,0,0,3,0,0,0,3,0,0,0,3,0,0,0,5,0
1963,1,1092,F,10.2462,Risk:LOW,0,0,0,0,0,0,0,0,0,0,0,0,0,0,0,0,0,0,0,0,0,0,0,0,0,0,0,0
1963,1,1093,M,31.8229,Risk:LOW,0,0,11,0,0,0,0,0,0,0,22,0,0,0,7,0,0,0,11,0,0,0,18,0,0,0,22,0
1963,1,1094,F,26.5115,Risk:LOW,0,0,11,0,0,0,1,0,0,0,21,0,0,0,6,0,0,0,12,0,0,0,15,0,0,0,21,0
1963,1,1095,M,13.3833,Risk:LOW,0,0,0,0,0,0,0,0,0,0,0,0,0,0,0,0,0,0,0,0,0,0,0,0,0,0,0,0
1963,1,1096,F,42.9866,Risk:LOW,0,0,32,0,0,0,1,0,0,0,57,0,0,0,17,0,0,0,29,0,0,0,40,0,0,0,50,0
1963,1,1097,F,32.0815,Risk:LOW,0,0,18,0,0,0,0,0,0,0,33,0,0,0,9,0,0,0,18,0,0,0,25,0,0,0,30,0
1963,1,1098,M,31.6605,Risk:LOW,0,0,8,0,0,0,0,0,0,0,17,0,0,0,6,0,0,0,8,0,0,0,12,0,0,0,17,0
1963,1,1099,F,8.79229,Risk:LOW,0,0,0,0,0,0,0,0,0,0,0,0,0,0,0,0,0,0,0,0,0,0,0,0,0,0,0,0
1963,1,1100,M,51.4139,Risk:LOW,0,0,32,0,0,0,1,0,0,0,64,0,0,0,19,0,0,0,25,0,0,0,40,0,0,0,52,0
1963,1,1101,M,10.104,Risk:LOW,0,0,0,0,0,0,0,0,0,0,0,0,0,0,0,0,0,0,0,0,0,0,0,0,0,0,0,0
1963,1,1102,M,41.1943,Risk:LOW,0,0,17,0,0,0,1,0,0,0,49,0,0,0,10,0,0,0,17,0,0,0,25,0,0,0,43,0
1963,1,1103,F,25.3573,Risk:LOW,0,0,10,0,0,0,1,0,0,0,17,0,0,0,4,0,0,0,10,0,0,0,15,0,0,0,17,0
1963,1,1104,M,19.8975,Risk:LOW,0,0,0,0,0,0,0,0,0,0,0,0,0,0,0,0,0,0,0,0,0,0,0,0,0,0,0,0
1963,1,1105,M,29.6972,Risk:LOW,0,0,6,0,0,0,1,0,0,0,12,0,0,0,3,0,0,0,6,0,0,0,8,0,0,0,13,0
1963,1,1106,F,8.11732,Risk:LOW,0,0,0,0,0,0,0,0,0,0,0,0,0,0,0,0,0,0,0,0,0,0,0,0,0,0,0,0
1963,1,1107,F,36.8529,Risk:LOW,0,0,27,0,0,0,1,0,0,0,51,0,0,0,15,0,0,0,25,0,0,0,38,0,0,0,50,0
1963,1,1108,M,17.2924,Risk:LOW,0,0,0,0,0,0,0,0,0,0,0,0,0,0,0,0,0,0,0,0,0,0,0,0,0,0,0,0
1963,1,1109,F,38.7833,Risk:LOW,0,0,34,0,0,0,0,0,0,0,66,0,0,0,13,0,0,0,33,0,0,0,46,0,0,0,63,0
1963,1,1110,F,5.35176,Risk:LOW,0,0,0,0,0,0,0,0,0,0,0,0,0,0,0,0,0,0,0,0,0,0,0,0,0,0,0,0
1963,1,1111,M,32.4631,Risk:LOW,0,0,10,0,0,0,1,0,0,0,17,0,0,0,7,0,0,0,11,0,0,0,16,0,0,0,18,0
1963,1,1112,M,47.4209,Risk:LOW,0,0,22,0,0,0,0,0,0,0,49,0,0,0,15,0,0,0,19,0,0,0,30,0,0,0,41,0
1963,1,1113,M,40.8195,Risk:LOW,0,0,18,0,0,0,0,0,0,0,38,0,0,0,14,0,0,0,18,0,0,0,29,0,0,0,36,0
1963,1,1114,M,67.6032,Risk:LOW,0,0,5,0,0,0,0,0,0,0,14,0,0,0,2,0,0,0,4,0,0,0,9,0,0,0,13,0
1963,1,1115,M,27.4605,Risk:LOW,0,0,3,0,0,0,0,0,0,0,7,0,0,0,0,0,0,0,3,0,0,0,7,0,0,0,7,0
1963,1,1116,M,24.6403,Risk:LOW,0,0,2,0,0,0,0,0,0,0,5,0,0,0,2,0,0,0,2,0,0,0,3,0,0,0,5,0
1963,1,1117,M,12.2078,Risk:LOW,0,0,0,0,0,0,0,0,0,0,0,0,0,0,0,0,0,0,0,0,0,0,0,0,0,0,0,0
1963,1,1118,M,66.281,Risk:HIGH,2,0,0,0,0,0,0,0,4,0,0,0,2,0,0,0,2,0,0,0,3,0,0,0,3,0,0,0
1963,1,1119,F,9.76363,Risk:LOW,0,0,0,0,0,0,0,0,0,0,0,0,0,0,0,0,0,0,0,0,0,0,0,0,0,0,0,0
1963,1,1120,F,22.3553,Risk:LOW,0,0,4,0,0,0,0,0,0,0,6,0,0,0,2,0,0,0,4,0,0,0,6,0,0,0,6,0
1963,1,1121,M,5.93964,Risk:LOW,0,0,0,0,0,0,0,0,0,0,0,0,0,0,0,0,0,0,0,0,0,0,0,0,0,0,0,0
1963,1,1122,M,11.1888,Risk:LOW,0,0,0,0,0,0,0,0,0,0,0,0,0,0,0,0,0,0,0,0,0,0,0,0,0,0,0,0
1963,1,1123,F,22.3337,Risk:LOW,0,0,9,0,0,0,0,0,0,0,17,0,0,0,2,0,0,0,9,0,0,0,12,0,0,0,17,0
1963,1,1124,M,4.86649,Risk:LOW,0,0,0,0,0,0,0,0,0,0,0,0,0,0,0,0,0,0,0,0,0,0,0,0,0,0,0,0
1963,1,1125,M,5.38107,Risk:LOW,0,0,0,0,0,0,0,0,0,0,0,0,0,0,0,0,0,0,0,0,0,0,0,0,0,0,0,0
1963,1,1126,M,29.6982,Risk:LOW,0,0,8,0,0,0,0,0,0,0,15,0,0,0,5,0,0,0,8,0,0,0,11,0,0,0,15,0
1963,1,1127,M,27.7399,Risk:LOW,0,0,7,0,0,0,0,0,0,0,12,0,0,0,4,0,0,0,7,0,0,0,9,0,0,0,13,0
1963,1,1128,F,44.3734,Risk:LOW,0,0,30,0,0,0,0,0,0,0,50,0,0,0,11,0,0,0,27,0,0,0,37,0,0,0,43,0
1963,1,1129,M,47.282,Risk:LOW,0,0,27,0,0,0,1,0,0,0,56,0,0,0,14,0,0,0,25,0,0,0,40,0,0,0,49,0
1963,1,1130,F,12.5963,Risk:LOW,0,0,0,0,0,0,0,0,0,0,0,0,0,0,0,0,0,0,0,0,0,0,0,0,0,0,0,0
1963,1,1131,M,7.88526,Risk:LOW,0,0,0,0,0,0,0,0,0,0,0,0,0,0,0,0,0,0,0,0,0,0,0,0,0,0,0,0
1963,1,1132,M,21.8642,Risk:LOW,0,0,0,0,0,0,0,0,0,0,1,0,0,0,0,0,0,0,0,0,0,0,0,0,0,0,1,0
1963,1,1133,M,5.97838,Risk:LOW,0,0,0,0,0,0,0,0,0,0,0,0,0,0,0,0,0,0,0,0,0,0,0,0,0,0,0,0
1963,1,1134,M,6.53763,Risk:LOW,0,0,0,0,0,0,0,0,0,0,0,0,0,0,0,0,0,0,0,0,0,0,0,0,0,0,0,0
1963,1,1135,M,35.2888,Risk:LOW,0,0,9,0,0,0,0,0,0,0,21,0,0,0,5,0,0,0,9,0,0,0,14,0,0,0,21,0
1963,1,1136,F,70.9254,Risk:LOW,0,0,4,0,0,0,0,0,0,0,9,0,0,0,1,0,0,0,4,0,0,0,4,0,0,0,6,0
1963,1,1137,F,37.8088,Risk:LOW,0,0,23,0,0,0,1,0,0,0,47,0,0,0,14,0,0,0,22,0,0,0,29,0,0,0,44,0
1963,1,1138,M,13.5469,Risk:LOW,0,0,0,0,0,0,0,0,0,0,0,0,0,0,0,0,0,0,0,0,0,0,0,0,0,0,0,0
1963,1,1139,F,19.9501,Risk:LOW,0,0,0,0,0,0,0,0,0,0,4,0,0,0,0,0,0,0,0,0,0,0,2,0,0,0,4,0
1963,1,1140,M,41.5771,Risk:LOW,0,0,18,0,0,0,0,0,0,0,39,0,0,0,7,0,0,0,17,0,0,0,27,0,0,0,37,0
1963,1,1141,M,20.7575,Risk:LOW,0,0,4,0,0,0,0,0,0,0,4,0,0,0,2,0,0,0,4,0,0,0,4,0,0,0,4,0
1963,1,1142,F,38.4126,Risk:LOW,0,0,37,0,0,0,1,0,0,0,63,0,0,0,16,0,0,0,34,0,0,0,45,0,0,0,55,0
1963,1,1143,M,9.71178,Risk:LOW,0,0,0,0,0,0,0,0,0,0,0,0,0,0,0,0,0,0,0,0,0,0,0,0,0,0,0,0
1963,1,1144,F,38.2973,Risk:LOW,0,0,37,0,0,0,0,0,0,0,54,0,0,0,25,0,0,0,35,0,0,0,44,0,0,0,50,0
1963,1,1145,M,3.61801,Risk:LOW,0,0,0,0,0,0,0,0,0,0,0,0,0,0,0,0,0,0,0,0,0,0,0,0,0,0,0,0
1963,1,1146,F,21.0284,Risk:LOW,0,0,3,0,0,0,0,0,0,0,7,0,0,0,2,0,0,0,3,0,0,0,5,0,0,0,7,0
1963,1,1147,M,15.0691,Risk:LOW,0,0,0,0,0,0,0,0,0,0,0,0,0,0,0,0,0,0,0,0,0,0,0,0,0,0,0,0
1963,1,1148,F,6.42769,Risk:LOW,0,0,0,0,0,0,0,0,0,0,0,0,0,0,0,0,0,0,0,0,0,0,0,0,0,0,0,0
1963,1,1149,M,26.9916,Risk:LOW,0,0,5,0,0,0,0,0,0,0,9,0,0,0,2,0,0,0,5,0,0,0,7,0,0,0,9,0
1963,1,1150,M,24.165,Risk:LOW,0,0,3,0,0,0,0,0,0,0,6,0,0,0,1,0,0,0,3,0,0,0,5,0,0,0,6,0
1963,1,1151,F,19.4357,Risk:LOW,0,0,1,0,0,0,0,0,0,0,4,0,0,0,0,0,0,0,1,0,0,0,2,0,0,0,4,0
1963,1,1152,M,13.0915,Risk:LOW,0,0,0,0,0,0,0,0,0,0,0,0,0,0,0,0,0,0,0,0,0,0,0,0,0,0,0,0
1963,1,1153,M,2.50806,Risk:LOW,0,0,0,0,0,0,0,0,0,0,0,0,0,0,0,0,0,0,0,0,0,0,0,0,0,0,0,0
1963,1,1154,M,60.8212,Risk:LOW,0,0,27,0,0,0,2,0,0,0,53,0,0,0,12,0,0,0,25,0,0,0,30,0,0,0,42,0
1963,1,1155,F,49.6201,Risk:HIGH,1,0,0,0,0,0,0,0,5,0,0,0,0,0,0,0,1,0,0,0,2,0,0,0,4,0,0,0
1963,1,1156,F,20.8045,Risk:LOW,0,0,2,0,0,0,0,0,0,0,5,0,0,0,1,0,0,0,2,0,0,0,2,0,0,0,6,0
1963,1,1157,F,74.5146,Risk:LOW,0,0,5,0,0,0,1,0,0,0,8,0,0,0,3,0,0,0,5,0,0,0,6,0,0,0,7,0
1963,1,1158,F,5.25732,Risk:LOW,0,0,0,0,0,0,0,0,0,0,0,0,0,0,0,0,0,0,0,0,0,0,0,0,0,0,0,0
1963,1,1159,F,10.8832,Risk:LOW,0,0,0,0,0,0,0,0,0,0,0,0,0,0,0,0,0,0,0,0,0,0,0,0,0,0,0,0
1963,1,1160,F,31.3744,Risk:LOW,0,0,17,0,0,0,0,0,0,0,33,0,0,0,10,0,0,0,17,0,0,0,26,0,0,0,34,0
1963,1,1161,F,5.04831,Risk:LOW,0,0,0,0,0,0,0,0,0,0,0,0,0,0,0,0,0,0,0,0,0,0,0,0,0,0,0,0
1963,1,1162,M,13.6599,Risk:LOW,0,0,0,0,0,0,0,0,0,0,0,0,0,0,0,0,0,0,0,0,0,0,0,0,0,0,0,0
1963,1,1163,M,46.3371,Risk:LOW,0,0,30,0,0,0,1,0,0,0,52,0,0,0,14,0,0,0,26,0,0,0,37,0,0,0,46,0
1963,1,1164,F,27.5079,Risk:LOW,0,0,9,0,0,0,0,0,0,0,26,0,0,0,4,0,0,0,9,0,0,0,19,0,0,0,25,0
1963,1,1165,F,49.4952,Risk:LOW,0,0,20,0,0,0,0,0,0,0,45,0,0,0,9,0,0,0,20,0,0,0,25,0,0,0,36,0
1963,1,1166,M,61.8231,Risk:LOW,0,0,19,0,0,0,0,0,0,0,34,0,0,0,11,0,0,0,19,0,0,0,26,0,0,0,33,0
1963,1,1167,F,49.5505,Risk:LOW,0,0,22,0,0,0,1,0,0,0,45,0,0,0,12,0,0,0,21,0,0,0,31,0,0,0,40,0
1963,1,1168,F,15.6874,Risk:LOW,0,0,0,0,0,0,0,0,0,0,0,0,0,0,0,0,0,0,0,0,0,0,0,0,0,0,0,0
1963,1,1169,F,45.5829,Risk:HIGH,1,0,0,0,0,0,0,0,1,0,0,0,1,0,0,0,1,0,0,0,1,0,0,0,1,0,0,0
1963,1,1170,F,41.3911,Risk:LOW,0,0,24,0,0,0,0,0,0,0,52,0,0,0,11,0,0,0,25,0,0,0,36,0,0,0,47,0
1963,1,1171,M,39.9446,Risk:LOW,0,0,19,0,0,0,0,0,0,0,34,0,0,0,14,0,0,0,18,0,0,0,28,0,0,0,31,0
1963,1,1172,M,62.6717,Risk:LOW,0,0,17,0,0,0,0,0,0,0,31,0,0,0,10,0,0,0,17,0,0,0,25,0,0,0,29,0
1963,1,1173,F,29.0261,Risk:LOW,0,0,9,0,0,0,0,0,0,0,24,0,0,0,6,0,0,0,9,0,0,0,17,0,0,0,24,0
1963,1,1174,F,10.6578,Risk:HIGH,0,0,0,0,0,0,0,0,0,0,0,0,0,0,0,0,0,0,0,0,0,0,0,0,0,0,0,0
1963,1,1175,M,11.2244,Risk:LOW,0,0,0,0,0,0,0,0,0,0,0,0,0,0,0,0,0,0,0,0,0,0,0,0,0,0,0,0
1963,1,1176,F,41.5889,Risk:LOW,0,0,25,0,0,0,0,0,0,0,51,0,0,0,7,0,0,0,22,0,0,0,36,0,0,0,45,0
1963,1,1177,M,10.6931,Risk:LOW,0,0,0,0,0,0,0,0,0,0,0,0,0,0,0,0,0,0,0,0,0,0,0,0,0,0,0,0
1963,1,1178,F,32.5897,Risk:LOW,0,0,20,0,0,0,0,0,0,0,33,0,0,0,9,0,0,0,19,0,0,0,24,0,0,0,30,0
1963,1,1179,F,44.7218,Risk:LOW,0,0,23,0,0,0,1,0,0,0,42,0,0,0,12,0,0,0,23,0,0,0,31,0,0,0,37,0
1963,1,1180,M,52.6001,Risk:LOW,0,0,25,0,0,0,2,0,0,0,62,0,0,0,17,0,0,0,26,0,0,0,38,0,0,0,56,0
1963,1,1181,F,28.7763,Risk:LOW,0,0,17,0,0,0,0,0,0,0,27,0,0,0,5,0,0,0,17,0,0,0,23,0,0,0,26,0
1963,1,1182,F,3.24135,Risk:LOW,0,0,0,0,0,0,0,0,0,0,0,0,0,0,0,0,0,0,0,0,0,0,0,0,0,0,0,0
1963,1,1183,F,10.5564,Risk:LOW,0,0,0,0,0,0,0,0,0,0,0,0,0,0,0,0,0,0,0,0,0,0,0,0,0,0,0,0
1963,1,1184,M,32.3786,Risk:LOW,0,0,9,0,0,0,0,0,0,0,16,0,0,0,7,0,0,0,9,0,0,0,14,0,0,0,16,0
1963,1,1185,M,22.4099,Risk:LOW,0,0,1,0,0,0,0,0,0,0,1,0,0,0,0,0,0,0,1,0,0,0,1,0,0,0,1,0
1963,1,1186,F,5.59744,Risk:HIGH,0,0,0,0,0,0,0,0,0,0,0,0,0,0,0,0,0,0,0,0,0,0,0,0,0,0,0,0
1963,1,1187,M,2.90126,Risk:HIGH,0,0,0,0,0,0,0,0,0,0,0,0,0,0,0,0,0,0,0,0,0,0,0,0,0,0,0,0
1963,1,1188,M,39.0704,Risk:LOW,0,0,13,0,0,0,0,0,0,0,30,0,0,0,6,0,0,0,13,0,0,0,20,0,0,0,27,0
1963,1,1189,M,9.56366,Risk:LOW,0,0,0,0,0,0,0,0,0,0,0,0,0,0,0,0,0,0,0,0,0,0,0,0,0,0,0,0
1963,1,1190,F,38.1131,Risk:LOW,0,0,34,0,0,0,0,0,0,0,63,0,0,0,11,0,0,0,31,0,0,0,44,0,0,0,51,0
1963,1,1191,M,19.3703,Risk:LOW,0,0,1,0,0,0,0,0,0,0,1,0,0,0,1,0,0,0,1,0,0,0,1,0,0,0,1,0
1963,1,1192,M,5.29585,Risk:LOW,0,0,0,0,0,0,0,0,0,0,0,0,0,0,0,0,0,0,0,0,0,0,0,0,0,0,0,0
1963,1,1193,M,5.3381,Risk:LOW,0,0,0,0,0,0,0,0,0,0,0,0,0,0,0,0,0,0,0,0,0,0,0,0,0,0,0,0
1963,1,1194,M,25.6859,Risk:LOW,0,0,5,0,0,0,0,0,0,0,11,0,0,0,1,0,0,0,5,0,0,0,9,0,0,0,11,0
1963,1,1195,M,49.9374,Risk:HIGH,5,0,0,0,0,0,0,0,7,0,0,0,3,0,0,0,5,0,0,0,6,0,0,0,6,0,0,0
1963,1,1196,M,23.4346,Risk:LOW,0,0,4,0,0,0,0,0,0,0,6,0,0,0,2,0,0,0,4,0,0,0,5,0,0,0,6,0
1963,1,1197,M,20.5921,Risk:LOW,0,0,2,0,0,0,0,0,0,0,3,0,0,0,1,0,0,0,2,0,0,0,3,0,0,0,4,0
1963,1,1198,M,36.3957,Risk:LOW,0,0,23,0,0,0,0,0,0,0,36,0,0,0,6,0,0,0,20,0,0,0,30,0,0,0,32,0
1963,1,1199,M,10.4338,Risk:LOW,0,0,0,0,0,0,0,0,0,0,0,0,0,0,0,0,0,0,0,0,0,0,0,0,0,0,0,0
1963,1,1200,F,15.6773,Risk:LOW,0,0,0,0,0,0,0,0,0,0,0,0,0,0,0,0,0,0,0,0,0,0,0,0,0,0,0,0
1963,1,1201,M,18.4715,Risk:LOW,0,0,1,0,0,0,0,0,0,0,2,0,0,0,1,0,0,0,2,0,0,0,2,0,0,0,2,0
1963,1,1202,F,13.712,Risk:LOW,0,0,0,0,0,0,0,0,0,0,0,0,0,0,0,0,0,0,0,0,0,0,0,0,0,0,0,0
1963,1,1203,M,17.6223,Risk:LOW,0,0,0,0,0,0,0,0,0,0,0,0,0,0,0,0,0,0,0,0,0,0,0,0,0,0,0,0
1963,1,1204,M,16.4829,Risk:LOW,0,0,0,0,0,0,0,0,0,0,0,0,0,0,0,0,0,0,0,0,0,0,0,0,0,0,0,0
1963,1,1205,M,54.2292,Risk:LOW,0,0,51,0,0,0,3,0,0,0,99,0,0,0,32,0,0,0,46,0,0,0,63,0,0,0,79,0
1963,1,1206,M,40.4863,Risk:LOW,0,0,20,0,0,0,0,0,0,0,29,0,0,0,13,0,0,0,20,0,0,0,27,0,0,0,29,0
1963,1,1207,F,10.253,Risk:LOW,0,0,0,0,0,0,0,0,0,0,0,0,0,0,0,0,0,0,0,0,0,0,0,0,0,0,0,0
1963,1,1208,M,9.15781,Risk:LOW,0,0,0,0,0,0,0,0,0,0,0,0,0,0,0,0,0,0,0,0,0,0,0,0,0,0,0,0
1963,1,1209,F,25.659,Risk:LOW,0,0,14,0,0,0,0,0,0,0,23,0,0,0,5,0,0,0,15,0,0,0,18,0,0,0,23,0
1963,1,1210,M,7.80247,Risk:LOW,0,0,0,0,0,0,0,0,0,0,0,0,0,0,0,0,0,0,0,0,0,0,0,0,0,0,0,0
1963,1,1211,M,27.1195,Risk:LOW,0,0,2,0,0,0,0,0,0,0,6,0,0,0,1,0,0,0,2,0,0,0,5,0,0,0,6,0
1963,1,1212,M,15.3076,Risk:LOW,0,0,0,0,0,0,0,0,0,0,0,0,0,0,0,0,0,0,0,0,0,0,0,0,0,0,0,0
1963,1,1213,F,27.9097,Risk:LOW,0,0,14,0,0,0,0,0,0,0,20,0,0,0,8,0,0,0,12,0,0,0,17,0,0,0,19,0
1963,1,1214,M,61.7089,Risk:LOW,0,0,17,0,0,0,1,0,0,0,28,0,0,0,8,0,0,0,13,0,0,0,18,0,0,0,21,0
1963,1,1215,F,13.6977,Risk:LOW,0,0,0,0,0,0,0,0,0,0,0,0,0,0,0,0,0,0,0,0,0,0,0,0,0,0,0,0
1963,1,1216,M,29.0698,Risk:LOW,0,0,5,0,0,0,0,0,0,0,12,0,0,0,2,0,0,0,5,0,0,0,8,0,0,0,12,0
1963,1,1217,M,16.9064,Risk:LOW,0,0,0,0,0,0,0,0,0,0,0,0,0,0,0,0,0,0,0,0,0,0,0,0,0,0,0,0
1963,1,1218,F,13.8167,Risk:LOW,0,0,0,0,0,0,0,0,0,0,0,0,0,0,0,0,0,0,0,0,0,0,0,0,0,0,0,0
1963,1,1219,M,6.61811,Risk:LOW,0,0,0,0,0,0,0,0,0,0,0,0,0,0,0,0,0,0,0,0,0,0,0,0,0,0,0,0
1963,1,1220,F,11.2183,Risk:LOW,0,0,0,0,0,0,0,0,0,0,0,0,0,0,0,0,0,0,0,0,0,0,0,0,0,0,0,0
1963,1,1221,F,25.816,Risk:LOW,0,0,13,0,0,0,0,0,0,0,20,0,0,0,7,0,0,0,13,0,0,0,15,0,0,0,19,0
1963,1,1222,F,24.372,Risk:LOW,0,0,8,0,0,0,0,0,0,0,12,0,0,0,4,0,0,0,8,0,0,0,10,0,0,0,12,0
1963,1,1223,M,5.64664,Risk:LOW,0,0,0,0,0,0,0,0,0,0,0,0,0,0,0,0,0,0,0,0,0,0,0,0,0,0,0,0
1963,1,1224,M,9.6336,Risk:LOW,0,0,0,0,0,0,0,0,0,0,0,0,0,0,0,0,0,0,0,0,0,0,0,0,0,0,0,0
1963,1,1225,F,6.68668,Risk:LOW,0,0,0,0,0,0,0,0,0,0,0,0,0,0,0,0,0,0,0,0,0,0,0,0,0,0,0,0
1963,1,1226,M,44.0107,Risk:LOW,0,0,20,0,0,0,0,0,0,0,42,0,0,0,10,0,0,0,20,0,0,0,30,0,0,0,40,0
1963,1,1227,F,53.6074,Risk:LOW,0,0,20,0,0,0,0,0,0,0,34,0,0,0,10,0,0,0,15,0,0,0,17,0,0,0,23,0
1963,1,1228,F,21.9219,Risk:LOW,0,0,5,0,0,0,0,0,0,0,8,0,0,0,3,0,0,0,5,0,0,0,6,0,0,0,8,0
1963,1,1229,M,19.379,Risk:HIGH,10,0,0,0,1,0,0,0,18,0,0,0,1,0,0,0,1,0,0,0,2,0,0,0,2,0,0,0
1963,1,1230,M,12.4584,Risk:LOW,0,0,0,0,0,0,0,0,0,0,0,0,0,0,0,0,0,0,0,0,0,0,0,0,0,0,0,0
1963,1,1231,F,15.77,Risk:LOW,0,0,0,0,0,0,0,0,0,0,0,0,0,0,0,0,0,0,0,0,0,0,0,0,0,0,0,0
1963,1,1232,F,48.5873,Risk:LOW,0,0,25,0,0,0,0,0,0,0,47,0,0,0,13,0,0,0,23,0,0,0,33,0,0,0,42,0
1963,1,1233,F,10.8049,Risk:LOW,0,0,0,0,0,0,0,0,0,0,0,0,0,0,0,0,0,0,0,0,0,0,0,0,0,0,0,0
1963,1,1234,F,38.9749,Risk:LOW,0,0,36,0,0,0,1,0,0,0,68,0,0,0,20,0,0,0,31,0,0,0,38,0,0,0,56,0
1963,1,1235,M,8.07593,Risk:LOW,0,0,0,0,0,0,0,0,0,0,0,0,0,0,0,0,0,0,0,0,0,0,0,0,0,0,0,0
1963,1,1236,M,32.718,Risk:LOW,0,0,12,0,0,0,0,0,0,0,24,0,0,0,9,0,0,0,13,0,0,0,19,0,0,0,23,0
1963,1,1237,M,49.9421,Risk:LOW,0,0,61,0,0,0,0,0,0,0,104,0,0,0,23,0,0,0,51,0,0,0,67,0,0,0,78,0
1963,1,1238,F,61.6741,Risk:LOW,0,0,19,0,0,0,1,0,0,0,40,0,0,0,8,0,0,0,18,0,0,0,27,0,0,0,34,0
1963,1,1239,M,71.0074,Risk:LOW,0,0,7,0,0,0,0,0,0,0,13,0,0,0,3,0,0,0,6,0,0,0,9,0,0,0,12,0
1963,1,1240,M,16.1277,Risk:LOW,0,0,0,0,0,0,0,0,0,0,0,0,0,0,0,0,0,0,0,0,0,0,0,0,0,0,0,0
1963,1,1241,F,5.47092,Risk:LOW,0,0,0,0,0,0,0,0,0,0,0,0,0,0,0,0,0,0,0,0,0,0,0,0,0,0,0,0
1963,1,1242,M,51.3347,Risk:LOW,0,0,27,0,0,0,0,0,0,0,48,0,0,0,16,0,0,0,26,0,0,0,32,0,0,0,43,0
1963,1,1243,F,51.5545,Risk:LOW,0,0,24,0,0,0,0,0,0,0,47,0,0,0,9,0,0,0,21,0,0,0,34,0,0,0,39,0
1963,1,1244,M,3.79585,Risk:LOW,0,0,0,0,0,0,0,0,0,0,0,0,0,0,0,0,0,0,0,0,0,0,0,0,0,0,0,0
1963,1,1245,F,10.7004,Risk:LOW,0,0,0,0,0,0,0,0,0,0,0,0,0,0,0,0,0,0,0,0,0,0,0,0,0,0,0,0
1963,1,1246,F,9.39424,Risk:LOW,0,0,0,0,0,0,0,0,0,0,0,0,0,0,0,0,0,0,0,0,0,0,0,0,0,0,0,0
1963,1,1247,F,9.54679,Risk:LOW,0,0,0,0,0,0,0,0,0,0,0,0,0,0,0,0,0,0,0,0,0,0,0,0,0,0,0,0
1963,1,1248,F,61.2559,Risk:LOW,0,0,28,0,0,0,0,0,0,0,50,0,0,0,7,0,0,0,21,0,0,0,29,0,0,0,34,0
1963,1,1249,M,6.59933,Risk:LOW,0,0,0,0,0,0,0,0,0,0,0,0,0,0,0,0,0,0,0,0,0,0,0,0,0,0,0,0
1963,1,1250,F,45.5334,Risk:LOW,0,0,28,0,0,0,0,0,0,0,53,0,0,0,15,0,0,0,28,0,0,0,39,0,0,0,45,0
1963,1,1251,F,5.20288,Risk:LOW,0,0,0,0,0,0,0,0,0,0,0,0,0,0,0,0,0,0,0,0,0,0,0,0,0,0,0,0
1963,1,1252,M,8.98185,Risk:LOW,0,0,0,0,0,0,0,0,0,0,0,0,0,0,0,0,0,0,0,0,0,0,0,0,0,0,0,0
1963,1,1253,F,48.8007,Risk:LOW,0,0,26,0,0,0,1,0,0,0,46,0,0,0,14,0,0,0,26,0,0,0,32,0,0,0,39,0
1963,1,1254,F,17.6371,Risk:LOW,0,0,4,0,0,0,0,0,0,0,8,0,0,0,1,0,0,0,4,0,0,0,6,0,0,0,8,0
1963,1,1255,F,4.60131,Risk:LOW,0,0,0,0,0,0,0,0,0,0,0,0,0,0,0,0,0,0,0,0,0,0,0,0,0,0,0,0
1963,1,1256,M,57.1427,Risk:LOW,0,0,51,0,0,0,1,0,0,0,89,0,0,0,24,0,0,0,47,0,0,0,59,0,0,0,78,0
1963,1,1257,F,53.9897,Risk:LOW,0,0,11,0,0,0,0,0,0,0,28,0,0,0,5,0,0,0,10,0,0,0,18,0,0,0,22,0
1963,1,1258,M,4.1689,Risk:LOW,0,0,0,0,0,0,0,0,0,0,0,0,0,0,0,0,0,0,0,0,0,0,0,0,0,0,0,0
1963,1,1259,M,85.3926,Risk:LOW,0,0,5,0,0,0,0,0,0,0,11,0,0,0,2,0,0,0,6,0,0,0,10,0,0,0,11,0
1963,1,1260,F,5.10826,Risk:LOW,0,0,0,0,0,0,0,0,0,0,0,0,0,0,0,0,0,0,0,0,0,0,0,0,0,0,0,0
1963,1,1261,M,7.39018,Risk:LOW,0,0,0,0,0,0,0,0,0,0,0,0,0,0,0,0,0,0,0,0,0,0,0,0,0,0,0,0
1963,1,1262,F,59.6505,Risk:LOW,0,0,17,0,0,0,0,0,0,0,34,0,0,0,9,0,0,0,14,0,0,0,19,0,0,0,25,0
1963,1,1263,M,48.9675,Risk:LOW,0,0,43,0,0,0,0,0,0,0,83,0,0,0,12,0,0,0,39,0,0,0,65,0,0,0,74,0
1963,1,1264,M,45.9439,Risk:LOW,0,0,34,0,0,0,0,0,0,0,57,0,0,0,14,0,0,0,31,0,0,0,39,0,0,0,47,0
1963,1,1265,F,6.31831,Risk:LOW,0,0,0,0,0,0,0,0,0,0,0,0,0,0,0,0,0,0,0,0,0,0,0,0,0,0,0,0
1963,1,1266,M,47.5511,Risk:LOW,0,0,36,0,0,0,1,0,0,0,68,0,0,0,15,0,0,0,35,0,0,0,55,0,0,0,64,0
1963,1,1267,M,20.5099,Risk:LOW,0,0,3,0,0,0,0,0,0,0,5,0,0,0,0,0,0,0,3,0,0,0,4,0,0,0,5,0
1963,1,1268,M,13.2057,Risk:LOW,0,0,0,0,0,0,0,0,0,0,0,0,0,0,0,0,0,0,0,0,0,0,0,0,0,0,0,0
1963,1,1269,M,79.7129,Risk:LOW,0,0,4,0,0,0,0,0,0,0,9,0,0,0,1,0,0,0,4,0,0,0,8,0,0,0,8,0
1963,1,1270,F,36.0792,Risk:HIGH,9,0,0,0,0,0,0,0,15,0,0,0,4,0,0,0,6,0,0,0,7,0,0,0,7,0,0,0
1963,1,1271,M,28.873,Risk:LOW,0,0,6,0,0,0,0,0,0,0,11,0,0,0,2,0,0,0,6,0,0,0,9,0,0,0,11,0
1963,1,1272,M,10.4636,Risk:LOW,0,0,0,0,0,0,0,0,0,0,0,0,0,0,0,0,0,0,0,0,0,0,0,0,0,0,0,0
1963,1,1273,F,5.23083,Risk:LOW,0,0,0,0,0,0,0,0,0,0,0,0,0,0,0,0,0,0,0,0,0,0,0,0,0,0,0,0
1963,1,1274,M,9.75626,Risk:LOW,0,0,0,0,0,0,0,0,0,0,0,0,0,0,0,0,0,0,0,0,0,0,0,0,0,0,0,0
1963,1,1275,F,37.8964,Risk:LOW,0,0,32,0,0,0,1,0,0,0,58,0,0,0,18,0,0,0,31,0,0,0,46,0,0,0,56,0
1963,1,1276,M,10.9874,Risk:LOW,0,0,0,0,0,0,0,0,0,0,0,0,0,0,0,0,0,0,0,0,0,0,0,0,0,0,0,0
1963,1,1277,F,5.27735,Risk:LOW,0,0,0,0,0,0,0,0,0,0,0,0,0,0,0,0,0,0,0,0,0,0,0,0,0,0,0,0
1963,1,1278,F,7.74582,Risk:HIGH,0,0,0,0,0,0,0,0,0,0,0,0,0,0,0,0,0,0,0,0,0,0,0,0,0,0,0,0
1963,1,1279,F,50.3081,Risk:LOW,0,0,24,0,0,0,1,0,0,0,47,0,0,0,13,0,0,0,23,0,0,0,32,0,0,0,38,0
1963,1,1280,F,39.8449,Risk:LOW,0,0,25,0,0,0,0,0,0,0,52,0,0,0,12,0,0,0,23,0,0,0,35,0,0,0,47,0
1963,1,1281,F,28.0508,Risk:LOW,0,0,15,0,0,0,0,0,0,0,27,0,0,0,7,0,0,0,16,0,0,0,23,0,0,0,26,0
1963,1,1282,F,36.211,Risk:LOW,0,0,20,0,0,0,1,0,0,0,37,0,0,0,10,0,0,0,19,0,0,0,26,0,0,0,36,0
1963,1,1283,F,11.2789,Risk:LOW,0,0,0,0,0,0,0,0,0,0,0,0,0,0,0,0,0,0,0,0,0,0,0,0,0,0,0,0
1963,1,1284,F,5.19889,Risk:LOW,0,0,0,0,0,0,0,0,0,0,0,0,0,0,0,0,0,0,0,0,0,0,0,0,0,0,0,0
1963,1,1285,F,5.8165,Risk:LOW,0,0,0,0,0,0,0,0,0,0,0,0,0,0,0,0,0,0,0,0,0,0,0,0,0,0,0,0
1963,1,1286,F,11.1015,Risk:LOW,0,0,0,0,0,0,0,0,0,0,0,0,0,0,0,0,0,0,0,0,0,0,0,0,0,0,0,0
1963,1,1287,F,8.6009,Risk:LOW,0,0,0,0,0,0,0,0,0,0,0,0,0,0,0,0,0,0,0,0,0,0,0,0,0,0,0,0
1963,1,1288,F,32.2184,Risk:LOW,0,0,15,0,0,0,0,0,0,0,28,0,0,0,6,0,0,0,15,0,0,0,22,0,0,0,27,0
1963,1,1289,M,16.0646,Risk:LOW,0,0,0,0,0,0,0,0,0,0,0,0,0,0,0,0,0,0,0,0,0,0,0,0,0,0,0,0
1963,1,1290,F,29.3469,Risk:LOW,0,0,13,0,0,0,1,0,0,0,25,0,0,0,6,0,0,0,14,0,0,0,20,0,0,0,25,0
1963,1,1291,M,16.7845,Risk:LOW,0,0,0,0,0,0,0,0,0,0,0,0,0,0,0,0,0,0,0,0,0,0,0,0,0,0,0,0
1963,1,1292,F,35.7723,Risk:LOW,0,0,23,0,0,0,1,0,0,0,40,0,0,0,17,0,0,0,22,0,0,0,31,0,0,0,40,0
1963,1,1293,F,24.1188,Risk:LOW,0,0,7,0,0,0,0,0,0,0,17,0,0,0,4,0,0,0,7,0,0,0,11,0,0,0,17,0
1963,1,1294,M,53.4902,Risk:LOW,0,0,44,0,0,0,0,0,0,0,77,0,0,0,21,0,0,0,39,0,0,0,56,0,0,0,64,0
1963,1,1295,F,9.15007,Risk:LOW,0,0,0,0,0,0,0,0,0,0,0,0,0,0,0,0,0,0,0,0,0,0,0,0,0,0,0,0
1963,1,1296,F,41.9756,Risk:LOW,0,0,22,0,0,0,1,0,0,0,49,0,0,0,11,0,0,0,17,0,0,0,29,0,0,0,42,0
1963,1,1297,F,33.6916,Risk:LOW,0,0,36,0,0,0,0,0,0,0,61,0,0,0,17,0,0,0,35,0,0,0,50,0,0,0,57,0
1963,1,1298,M,14.3272,Risk:LOW,0,0,0,0,0,0,0,0,0,0,0,0,0,0,0,0,0,0,0,0,0,0,0,0,0,0,0,0
1963,1,1299,M,32.0743,Risk:LOW,0,0,9,0,0,0,0,0,0,0,16,0,0,0,4,0,0,0,10,0,0,0,14,0,0,0,16,0
1963,1,1300,M,19.3344,Risk:LOW,0,0,0,0,0,0,0,0,0,0,2,0,0,0,0,0,0,0,0,0,0,0,1,0,0,0,2,0
1963,1,1301,F,7.02896,Risk:LOW,0,0,0,0,0,0,0,0,0,0,0,0,0,0,0,0,0,0,0,0,0,0,0,0,0,0,0,0
1963,1,1302,M,39.6345,Risk:LOW,0,0,13,0,0,0,0,0,0,0,33,0,0,0,7,0,0,0,14,0,0,0,27,0,0,0,31,0
1963,1,1303,F,75.7409,Risk:LOW,0,0,8,0,0,0,1,0,0,0,10,0,0,0,4,0,0,0,8,0,0,0,9,0,0,0,9,0
1963,1,1304,M,3.1996,Risk:LOW,0,0,0,0,0,0,0,0,0,0,0,0,0,0,0,0,0,0,0,0,0,0,0,0,0,0,0,0
1963,1,1305,M,4.15469,Risk:LOW,0,0,0,0,0,0,0,0,0,0,0,0,0,0,0,0,0,0,0,0,0,0,0,0,0,0,0,0
1963,1,1306,F,3.68354,Risk:LOW,0,0,0,0,0,0,0,0,0,0,0,0,0,0,0,0,0,0,0,0,0,0,0,0,0,0,0,0
1963,1,1307,F,57.1327,Risk:LOW,0,0,11,0,0,0,0,0,0,0,18,0,0,0,5,0,0,0,9,0,0,0,13,0,0,0,16,0
1963,1,1308,F,7.20805,Risk:LOW,0,0,0,0,0,0,0,0,0,0,0,0,0,0,0,0,0,0,0,0,0,0,0,0,0,0,0,0
1963,1,1309,F,26.433,Risk:LOW,0,0,11,0,0,0,1,0,0,0,24,0,0,0,6,0,0,0,11,0,0,0,18,0,0,0,23,0
1963,1,1310,F,44.859,Risk:LOW,0,0,37,0,0,0,0,0,0,0,68,0,0,0,12,0,0,0,34,0,0,0,47,0,0,0,52,0
1963,1,1311,F,27.3406,Risk:LOW,0,0,11,0,0,0,0,0,0,0,21,0,0,0,4,0,0,0,10,0,0,0,16,0,0,0,20,0
1963,1,1312,F,15.4542,Risk:LOW,0,0,3,0,0,0,0,0,0,0,4,0,0,0,2,0,0,0,4,0,0,0,4,0,0,0,4,0
1963,1,1313,M,5.98187,Risk:LOW,0,0,0,0,0,0,0,0,0,0,0,0,0,0,0,0,0,0,0,0,0,0,0,0,0,0,0,0
1963,1,1314,F,18.3212,Risk:LOW,0,0,3,0,0,0,0,0,0,0,6,0,0,0,1,0,0,0,3,0,0,0,4,0,0,0,6,0
1963,1,1315,F,13.829,Risk:LOW,0,0,0,0,0,0,0,0,0,0,0,0,0,0,0,0,0,0,0,0,0,0,0,0,0,0,0,0
1963,1,1316,M,20.7697,Risk:LOW,0,0,1,0,0,0,0,0,0,0,2,0,0,0,0,0,0,0,1,0,0,0,2,0,0,0,2,0
1963,1,1317,M,8.35422,Risk:LOW,0,0,0,0,0,0,0,0,0,0,0,0,0,0,0,0,0,0,0,0,0,0,0,0,0,0,0,0
1963,1,1318,M,42.4172,Risk:LOW,0,0,24,0,0,0,1,0,0,0,45,0,0,0,10,0,0,0,24,0,0,0,33,0,0,0,45,0
1963,1,1319,M,48.217,Risk:LOW,0,0,41,0,0,0,1,0,0,0,70,0,0,0,19,0,0,0,38,0,0,0,46,0,0,0,58,0
1963,1,1320,M,13.9416,Risk:LOW,0,0,0,0,0,0,0,0,0,0,0,0,0,0,0,0,0,0,0,0,0,0,0,0,0,0,0,0
1963,1,1321,F,20.2052,Risk:LOW,0,0,6,0,0,0,0,0,0,0,6,0,0,0,2,0,0,0,6,0,0,0,6,0,0,0,6,0
1963,1,1322,M,21.3218,Risk:LOW,0,0,1,0,0,0,0,0,0,0,4,0,0,0,1,0,0,0,1,0,0,0,2,0,0,0,4,0
1963,1,1323,M,40.2702,Risk:LOW,0,0,19,0,0,0,1,0,0,0,38,0,0,0,9,0,0,0,18,0,0,0,26,0,0,0,34,0
1963,1,1324,F,14.7588,Risk:LOW,0,0,6,0,0,0,0,0,0,0,7,0,0,0,3,0,0,0,6,0,0,0,7,0,0,0,7,0
1963,1,1325,F,6.2959,Risk:LOW,0,0,0,0,0,0,0,0,0,0,0,0,0,0,0,0,0,0,0,0,0,0,0,0,0,0,0,0
1963,1,1326,F,13.6369,Risk:LOW,0,0,0,0,0,0,0,0,0,0,0,0,0,0,0,0,0,0,0,0,0,0,0,0,0,0,0,0
1963,1,1327,F,18.6356,Risk:LOW,0,0,2,0,0,0,0,0,0,0,3,0,0,0,2,0,0,0,2,0,0,0,2,0,0,0,3,0
1963,1,1328,F,4.7053,Risk:LOW,0,0,0,0,0,0,0,0,0,0,0,0,0,0,0,0,0,0,0,0,0,0,0,0,0,0,0,0
1963,1,1329,F,44.5815,Risk:LOW,0,0,41,0,0,0,1,0,0,0,67,0,0,0,18,0,0,0,38,0,0,0,51,0,0,0,55,0
1963,1,1330,F,49.1154,Risk:LOW,0,0,24,0,0,0,1,0,0,0,49,0,0,0,12,0,0,0,24,0,0,0,32,0,0,0,41,0
1963,1,1331,M,5.30048,Risk:LOW,0,0,0,0,0,0,0,0,0,0,0,0,0,0,0,0,0,0,0,0,0,0,0,0,0,0,0,0
1963,1,1332,F,7.63797,Risk:LOW,0,0,0,0,0,0,0,0,0,0,0,0,0,0,0,0,0,0,0,0,0,0,0,0,0,0,0,0
1963,1,1333,F,11.1195,Risk:LOW,0,0,0,0,0,0,0,0,0,0,0,0,0,0,0,0,0,0,0,0,0,0,0,0,0,0,0,0
1963,1,1334,F,5.1524,Risk:LOW,0,0,0,0,0,0,0,0,0,0,0,0,0,0,0,0,0,0,0,0,0,0,0,0,0,0,0,0
1963,1,1335,F,19.2803,Risk:LOW,0,0,1,0,0,0,0,0,0,0,5,0,0,0,0,0,0,0,1,0,0,0,2,0,0,0,5,0
1963,1,1336,F,12.5906,Risk:LOW,0,0,0,0,0,0,0,0,0,0,0,0,0,0,0,0,0,0,0,0,0,0,0,0,0,0,0,0
1963,1,1337,M,8.28403,Risk:LOW,0,0,0,0,0,0,0,0,0,0,0,0,0,0,0,0,0,0,0,0,0,0,0,0,0,0,0,0
1963,1,1338,F,49.6875,Risk:LOW,0,0,24,0,0,0,1,0,0,0,42,0,0,0,14,0,0,0,23,0,0,0,30,0,0,0,36,0
1963,1,1339,M,11.1643,Risk:LOW,0,0,0,0,0,0,0,0,0,0,0,0,0,0,0,0,0,0,0,0,0,0,0,0,0,0,0,0
1963,1,1340,F,9.5753,Risk:LOW,0,0,0,0,0,0,0,0,0,0,0,0,0,0,0,0,0,0,0,0,0,0,0,0,0,0,0,0
1963,1,1341,F,26.6928,Risk:LOW,0,0,8,0,0,0,0,0,0,0,18,0,0,0,5,0,0,0,8,0,0,0,16,0,0,0,18,0
1963,1,1342,M,3.96689,Risk:LOW,0,0,0,0,0,0,0,0,0,0,0,0,0,0,0,0,0,0,0,0,0,0,0,0,0,0,0,0
1963,1,1343,F,5.07419,Risk:LOW,0,0,0,0,0,0,0,0,0,0,0,0,0,0,0,0,0,0,0,0,0,0,0,0,0,0,0,0
1963,1,1344,M,31.6677,Risk:LOW,0,0,12,0,0,0,0,0,0,0,26,0,0,0,6,0,0,0,12,0,0,0,16,0,0,0,26,0
1963,1,1345,M,19.6822,Risk:HIGH,10,0,0,0,0,0,0,0,20,0,0,0,2,0,0,0,2,0,0,0,2,0,0,0,2,0,0,0
1963,1,1346,M,56.2859,Risk:LOW,0,0,44,0,0,0,0,0,0,0,85,0,0,0,20,0,0,0,38,0,0,0,61,0,0,0,66,0
1963,1,1347,M,19.9203,Risk:LOW,0,0,0,0,0,0,0,0,0,0,2,0,0,0,0,0,0,0,0,0,0,0,0,0,0,0,2,0
1963,1,1348,F,6.83397,Risk:LOW,0,0,0,0,0,0,0,0,0,0,0,0,0,0,0,0,0,0,0,0,0,0,0,0,0,0,0,0
1963,1,1349,F,6.48651,Risk:LOW,0,0,0,0,0,0,0,0,0,0,0,0,0,0,0,0,0,0,0,0,0,0,0,0,0,0,0,0
1963,1,1350,F,35.1322,Risk:LOW,0,0,31,0,0,0,1,0,0,0,53,0,0,0,11,0,0,0,28,0,0,0,37,0,0,0,46,0
1963,1,1351,F,25.1105,Risk:LOW,0,0,8,0,0,0,1,0,0,0,15,0,0,0,6,0,0,0,8,0,0,0,9,0,0,0,15,0
1963,1,1352,F,29.9511,Risk:LOW,0,0,13,0,0,0,1,0,0,0,26,0,0,0,5,0,0,0,13,0,0,0,19,0,0,0,25,0
1963,1,1353,M,32.0465,Risk:LOW,0,0,10,0,0,0,0,0,0,0,17,0,0,0,5,0,0,0,10,0,0,0,14,0,0,0,17,0
1963,1,1354,M,9.24148,Risk:LOW,0,0,0,0,0,0,0,0,0,0,0,0,0,0,0,0,0,0,0,0,0,0,0,0,0,0,0,0
1963,1,1355,M,31.0709,Risk:LOW,0,0,9,0,0,0,0,0,0,0,16,0,0,0,3,0,0,0,10,0,0,0,13,0,0,0,16,0
1963,1,1356,M,15.786,Risk:LOW,0,0,0,0,0,0,0,0,0,0,0,0,0,0,0,0,0,0,0,0,0,0,0,0,0,0,0,0
1963,1,1357,F,30.9447,Risk:LOW,0,0,14,0,0,0,0,0,0,0,35,0,0,0,10,0,0,0,15,0,0,0,24,0,0,0,32,0
1963,1,1358,M,8.2998,Risk:LOW,0,0,0,0,0,0,0,0,0,0,0,0,0,0,0,0,0,0,0,0,0,0,0,0,0,0,0,0
1963,1,1359,M,25.6491,Risk:HIGH,8,0,0,0,0,0,0,0,17,0,0,0,2,0,0,0,5,0,0,0,7,0,0,0,7,0,0,0
1963,1,1360,F,3.1511,Risk:LOW,0,0,0,0,0,0,0,0,0,0,0,0,0,0,0,0,0,0,0,0,0,0,0,0,0,0,0,0
1963,1,1361,M,38.9678,Risk:LOW,0,0,18,0,0,0,0,0,0,0,30,0,0,0,12,0,0,0,18,0,0,0,26,0,0,0,28,0
1963,1,1362,F,62.4511,Risk:LOW,0,0,16,0,0,0,1,0,0,0,30,0,0,0,8,0,0,0,14,0,0,0,17,0,0,0,24,0
1963,1,1363,F,19.3363,Risk:LOW,0,0,3,0,0,0,0,0,0,0,7,0,0,0,2,0,0,0,3,0,0,0,6,0,0,0,7,0
1963,1,1364,F,13.3057,Risk:LOW,0,0,0,0,0,0,0,0,0,0,0,0,0,0,0,0,0,0,0,0,0,0,0,0,0,0,0,0
1963,1,1365,F,49.5979,Risk:LOW,0,0,15,0,0,0,0,0,0,0,45,0,0,0,9,0,0,0,14,0,0,0,27,0,0,0,38,0
1963,1,1366,F,35.423,Risk:LOW,0,0,22,0,0,0,1,0,0,0,43,0,0,0,10,0,0,0,21,0,0,0,31,0,0,0,38,0
1963,1,1367,F,56.6627,Risk:LOW,0,0,9,0,0,0,0,0,0,0,21,0,0,0,3,0,0,0,9,0,0,0,14,0,0,0,18,0
1963,1,1368,M,18.1642,Risk:LOW,0,0,1,0,0,0,0,0,0,0,2,0,0,0,0,0,0,0,1,0,0,0,2,0,0,0,2,0
1963,1,1369,F,60.7427,Risk:LOW,0,0,20,0,0,0,0,0,0,0,36,0,0,0,8,0,0,0,18,0,0,0,21,0,0,0,29,0
1963,1,1370,M,20.2185,Risk:HIGH,8,0,0,0,0,0,0,0,17,0,0,0,2,0,0,0,2,0,0,0,2,0,0,0,2,0,0,0
1963,1,1371,F,6.20444,Risk:LOW,0,0,0,0,0,0,0,0,0,0,0,0,0,0,0,0,0,0,0,0,0,0,0,0,0,0,0,0
1963,1,1372,M,18.4569,Risk:LOW,0,0,1,0,0,0,0,0,0,0,1,0,0,0,0,0,0,0,1,0,0,0,1,0,0,0,1,0
1963,1,1373,F,46.0856,Risk:LOW,0,0,32,0,0,0,1,0,0,0,66,0,0,0,14,0,0,0,27,0,0,0,42,0,0,0,55,0
1963,1,1374,F,74.7153,Risk:LOW,0,0,4,0,0,0,0,0,0,0,6,0,0,0,2,0,0,0,4,0,0,0,6,0,0,0,6,0
1963,1,1375,M,8.77963,Risk:LOW,0,0,0,0,0,0,0,0,0,0,0,0,0,0,0,0,0,0,0,0,0,0,0,0,0,0,0,0
1963,1,1376,F,23.6417,Risk:LOW,0,0,12,0,0,0,0,0,0,0,19,0,0,0,5,0,0,0,12,0,0,0,14,0,0,0,19,0
1963,1,1377,M,43.6209,Risk:LOW,0,0,39,0,0,0,2,0,0,0,77,0,0,0,19,0,0,0,37,0,0,0,49,0,0,0,67,0
1963,1,1378,M,38.6373,Risk:LOW,0,0,23,0,0,0,0,0,0,0,33,0,0,0,7,0,0,0,22,0,0,0,27,0,0,0,32,0
1963,1,1379,F,3.1471,Risk:LOW,0,0,0,0,0,0,0,0,0,0,0,0,0,0,0,0,0,0,0,0,0,0,0,0,0,0,0,0
1963,1,1380,F,45.2766,Risk:LOW,0,0,31,0,0,0,1,0,0,0,62,0,0,0,15,0,0,0,27,0,0,0,40,0,0,0,51,0
1963,1,1381,M,33.3761,Risk:LOW,0,0,15,0,0,0,1,0,0,0,32,0,0,0,7,0,0,0,14,0,0,0,21,0,0,0,29,0
1963,1,1382,M,39.8015,Risk:LOW,0,0,17,0,0,0,1,0,0,0,35,0,0,0,10,0,0,0,16,0,0,0,25,0,0,0,32,0
1963,1,1383,M,12.4371,Risk:LOW,0,0,0,0,0,0,0,0,0,0,0,0,0,0,0,0,0,0,0,0,0,0,0,0,0,0,0,0
1963,1,1384,M,26.0943,Risk:LOW,0,0,2,0,0,0,0,0,0,0,6,0,0,0,1,0,0,0,2,0,0,0,4,0,0,0,6,0
1963,1,1385,M,50.4568,Risk:LOW,0,0,32,0,0,0,1,0,0,0,70,0,0,0,13,0,0,0,30,0,0,0,45,0,0,0,59,0
1963,1,1386,F,15.9246,Risk:LOW,0,0,0,0,0,0,0,0,0,0,0,0,0,0,0,0,0,0,0,0,0,0,0,0,0,0,0,0
1963,1,1387,M,2.57466,Risk:LOW,0,0,0,0,0,0,0,0,0,0,0,0,0,0,0,0,0,0,0,0,0,0,0,0,0,0,0,0
1963,1,1388,F,59.5489,Risk:LOW,0,0,16,0,0,0,0,0,0,0,29,0,0,0,8,0,0,0,16,0,0,0,23,0,0,0,26,0
1963,1,1389,M,19.3074,Risk:LOW,0,0,1,0,0,0,0,0,0,0,3,0,0,0,1,0,0,0,1,0,0,0,2,0,0,0,3,0
1963,1,1390,F,18.5295,Risk:LOW,0,0,2,0,0,0,0,0,0,0,4,0,0,0,2,0,0,0,2,0,0,0,3,0,0,0,4,0
1963,1,1391,F,2.8766,Risk:LOW,0,0,0,0,0,0,0,0,0,0,0,0,0,0,0,0,0,0,0,0,0,0,0,0,0,0,0,0
1963,1,1392,F,22.3416,Risk:LOW,0,0,5,0,0,0,0,0,0,0,10,0,0,0,3,0,0,0,5,0,0,0,9,0,0,0,10,0
1963,1,1393,F,63.7245,Risk:LOW,0,0,1,0,0,0,0,0,0,0,3,0,0,0,1,0,0,0,1,0,0,0,1,0,0,0,4,0
1963,1,1394,M,9.67353,Risk:LOW,0,0,0,0,0,0,0,0,0,0,0,0,0,0,0,0,0,0,0,0,0,0,0,0,0,0,0,0
1963,1,1395,M,6.55205,Risk:LOW,0,0,0,0,0,0,0,0,0,0,0,0,0,0,0,0,0,0,0,0,0,0,0,0,0,0,0,0
1963,1,1396,F,35.9006,Risk:LOW,0,0,18,0,0,0,0,0,0,0,39,0,0,0,8,0,0,0,19,0,0,0,27,0,0,0,35,0
1963,1,1397,F,21.2563,Risk:LOW,0,0,4,0,0,0,1,0,0,0,6,0,0,0,4,0,0,0,4,0,0,0,5,0,0,0,6,0
1963,1,1398,M,27.6972,Risk:LOW,0,0,7,0,0,0,0,0,0,0,12,0,0,0,2,0,0,0,7,0,0,0,10,0,0,0,12,0
1963,1,1399,M,18.8187,Risk:LOW,0,0,1,0,0,0,0,0,0,0,1,0,0,0,0,0,0,0,1,0,0,0,1,0,0,0,1,0
1963,1,1400,M,14.7221,Risk:LOW,0,0,0,0,0,0,0,0,0,0,0,0,0,0,0,0,0,0,0,0,0,0,0,0,0,0,0,0
1963,1,1401,M,45.7835,Risk:LOW,0,0,25,0,0,0,1,0,0,0,58,0,0,0,11,0,0,0,25,0,0,0,35,0,0,0,50,0
1963,1,1402,F,9.22604,Risk:HIGH,0,0,0,0,0,0,0,0,0,0,0,0,0,0,0,0,0,0,0,0,0,0,0,0,0,0,0,0
1963,1,1403,M,23.4739,Risk:LOW,0,0,1,0,0,0,0,0,0,0,3,0,0,0,1,0,0,0,1,0,0,0,3,0,0,0,3,0
1963,1,1404,M,40.6469,Risk:LOW,0,0,19,0,0,0,1,0,0,0,36,0,0,0,10,0,0,0,17,0,0,0,24,0,0,0,30,0
1963,1,1405,F,10.4858,Risk:HIGH,0,0,0,0,0,0,0,0,0,0,0,0,0,0,0,0,0,0,0,0,0,0,0,0,0,0,0,0
1963,1,1406,M,25.5015,Risk:LOW,0,0,5,0,0,0,0,0,0,0,8,0,0,0,3,0,0,0,5,0,0,0,7,0,0,0,8,0
1963,1,1407,F,18.9605,Risk:LOW,0,0,4,0,0,0,0,0,0,0,6,0,0,0,2,0,0,0,4,0,0,0,5,0,0,0,6,0
1963,1,1408,F,28.0251,Risk:LOW,0,0,19,0,0,0,0,0,0,0,32,0,0,0,8,0,0,0,19,0,0,0,26,0,0,0,30,0
1963,1,1409,M,33.8347,Risk:LOW,0,0,15,0,0,0,0,0,0,0,26,0,0,0,9,0,0,0,15,0,0,0,25,0,0,0,26,0
1963,1,1410,M,11.4207,Risk:LOW,0,0,0,0,0,0,0,0,0,0,0,0,0,0,0,0,0,0,0,0,0,0,0,0,0,0,0,0
1963,1,1411,M,27.3061,Risk:LOW,0,0,2,0,0,0,0,0,0,0,4,0,0,0,2,0,0,0,2,0,0,0,4,0,0,0,4,0
1963,1,1412,F,15.213,Risk:LOW,0,0,1,0,0,0,0,0,0,0,1,0,0,0,1,0,0,0,1,0,0,0,1,0,0,0,1,0
1963,1,1413,F,34.2981,Risk:LOW,0,0,35,0,0,0,1,0,0,0,65,0,0,0,13,0,0,0,30,0,0,0,50,0,0,0,57,0
1963,1,1414,F,8.7383,Risk:LOW,0,0,0,0,0,0,0,0,0,0,0,0,0,0,0,0,0,0,0,0,0,0,0,0,0,0,0,0
1963,1,1415,F,26.5323,Risk:LOW,0,0,12,0,0,0,0,0,0,0,25,0,0,0,6,0,0,0,12,0,0,0,19,0,0,0,23,0
1963,1,1416,M,34.1233,Risk:LOW,0,0,24,0,0,0,0,0,0,0,35,0,0,0,10,0,0,0,22,0,0,0,28,0,0,0,32,0
1963,1,1417,M,44.6215,Risk:LOW,0,0,35,0,0,0,0,0,0,0,55,0,0,0,15,0,0,0,34,0,0,0,43,0,0,0,49,0
1963,1,1418,F,14.8137,Risk:LOW,0,0,2,0,0,0,0,0,0,0,3,0,0,0,1,0,0,0,2,0,0,0,3,0,0,0,3,0
1963,1,1419,M,25.5738,Risk:LOW,0,0,5,0,0,0,0,0,0,0,7,0,0,0,2,0,0,0,5,0,0,0,6,0,0,0,7,0
1963,1,1420,F,24.887,Risk:LOW,0,0,5,0,0,0,0,0,0,0,11,0,0,0,1,0,0,0,5,0,0,0,9,0,0,0,12,0
1963,1,1421,F,55.9116,Risk:LOW,0,0,10,0,0,0,0,0,0,0,16,0,0,0,6,0,0,0,10,0,0,0,11,0,0,0,15,0
1963,1,1422,M,7.06152,Risk:LOW,0,0,0,0,0,0,0,0,0,0,0,0,0,0,0,0,0,0,0,0,0,0,0,0,0,0,0,0
1963,1,1423,F,18.2432,Risk:LOW,0,0,5,0,0,0,0,0,0,0,11,0,0,0,3,0,0,0,6,0,0,0,8,0,0,0,11,0
1963,1,1424,M,36.1602,Risk:LOW,0,0,12,0,0,0,0,0,0,0,33,0,0,0,7,0,0,0,10,0,0,0,20,0,0,0,29,0
1963,1,1425,F,45.5005,Risk:HIGH,1,0,0,0,0,0,0,0,1,0,0,0,1,0,0,0,1,0,0,0,1,0,0,0,1,0,0,0
1963,1,1426,M,13.5869,Risk:LOW,0,0,0,0,0,0,0,0,0,0,0,0,0,0,0,0,0,0,0,0,0,0,0,0,0,0,0,0
1963,1,1427,M,4.85794,Risk:LOW,0,0,0,0,0,0,0,0,0,0,0,0,0,0,0,0,0,0,0,0,0,0,0,0,0,0,0,0
1963,1,1428,F,6.3088,Risk:LOW,0,0,0,0,0,0,0,0,0,0,0,0,0,0,0,0,0,0,0,0,0,0,0,0,0,0,0,0
1963,1,1429,M,20.2151,Risk:LOW,0,0,1,0,0,0,0,0,0,0,1,0,0,0,0,0,0,0,1,0,0,0,1,0,0,0,1,0
1963,1,1430,M,2.71415,Risk:LOW,0,0,0,0,0,0,0,0,0,0,0,0,0,0,0,0,0,0,0,0,0,0,0,0,0,0,0,0
1963,1,1431,M,41.5838,Risk:LOW,0,0,14,0,0,0,0,0,0,0,44,0,0,0,7,0,0,0,14,0,0,0,27,0,0,0,41,0
1963,1,1432,M,22.5496,Risk:LOW,0,0,2,0,0,0,0,0,0,0,5,0,0,0,1,0,0,0,3,0,0,0,4,0,0,0,5,0
1963,1,1433,M,54.7098,Risk:LOW,0,0,37,0,0,0,1,0,0,0,87,0,0,0,15,0,0,0,33,0,0,0,54,0,0,0,69,0
1963,1,1434,M,35.087,Risk:LOW,0,0,17,0,0,0,1,0,0,0,32,0,0,0,7,0,0,0,17,0,0,0,24,0,0,0,32,0
1963,1,1435,F,59.7268,Risk:LOW,0,0,21,0,0,0,0,0,0,0,33,0,0,0,11,0,0,0,18,0,0,0,22,0,0,0,26,0
1963,1,1436,F,12.1642,Risk:LOW,0,0,0,0,0,0,0,0,0,0,0,0,0,0,0,0,0,0,0,0,0,0,0,0,0,0,0,0
1963,1,1437,M,6.94155,Risk:LOW,0,0,0,0,0,0,0,0,0,0,0,0,0,0,0,0,0,0,0,0,0,0,0,0,0,0,0,0
1963,1,1438,F,3.52605,Risk:LOW,0,0,0,0,0,0,0,0,0,0,0,0,0,0,0,0,0,0,0,0,0,0,0,0,0,0,0,0
1963,1,1439,F,9.40704,Risk:LOW,0,0,0,0,0,0,0,0,0,0,0,0,0,0,0,0,0,0,0,0,0,0,0,0,0,0,0,0
1963,1,1440,M,10.9129,Risk:LOW,0,0,0,0,0,0,0,0,0,0,0,0,0,0,0,0,0,0,0,0,0,0,0,0,0,0,0,0
1963,1,1441,M,20.5412,Risk:LOW,0,0,2,0,0,0,0,0,0,0,2,0,0,0,1,0,0,0,2,0,0,0,2,0,0,0,2,0
1963,1,1442,F,15.528,Risk:LOW,0,0,0,0,0,0,0,0,0,0,0,0,0,0,0,0,0,0,0,0,0,0,0,0,0,0,0,0
1963,1,1443,F,22.0725,Risk:LOW,0,0,1,0,0,0,0,0,0,0,4,0,0,0,1,0,0,0,1,0,0,0,2,0,0,0,4,0
1963,1,1444,F,26.0889,Risk:LOW,0,0,8,0,0,0,0,0,0,0,13,0,0,0,3,0,0,0,8,0,0,0,11,0,0,0,14,0
1963,1,1445,F,6.91038,Risk:LOW,0,0,0,0,0,0,0,0,0,0,0,0,0,0,0,0,0,0,0,0,0,0,0,0,0,0,0,0
1963,1,1446,M,11.4323,Risk:LOW,0,0,0,0,0,0,0,0,0,0,0,0,0,0,0,0,0,0,0,0,0,0,0,0,0,0,0,0
1963,1,1447,F,5.78394,Risk:LOW,0,0,0,0,0,0,0,0,0,0,0,0,0,0,0,0,0,0,0,0,0,0,0,0,0,0,0,0
1963,1,1448,F,35.7314,Risk:LOW,0,0,20,0,0,0,0,0,0,0,43,0,0,0,13,0,0,0,18,0,0,0,29,0,0,0,37,0
1963,1,1449,F,64.0928,Risk:HIGH,0,0,0,0,0,0,0,0,1,0,0,0,0,0,0,0,0,0,0,0,1,0,0,0,1,0,0,0
1963,1,1450,M,35.8581,Risk:LOW,0,0,14,0,0,0,0,0,0,0,37,0,0,0,4,0,0,0,14,0,0,0,26,0,0,0,37,0
1963,1,1451,M,5.50738,Risk:HIGH,0,0,0,0,0,0,0,0,0,0,0,0,0,0,0,0,0,0,0,0,0,0,0,0,0,0,0,0
1963,1,1452,M,51.2208,Risk:LOW,0,0,28,0,0,0,1,0,0,0,61,0,0,0,13,0,0,0,25,0,0,0,32,0,0,0,50,0
1963,1,1453,M,42.9544,Risk:LOW,0,0,17,0,0,0,0,0,0,0,42,0,0,0,8,0,0,0,16,0,0,0,28,0,0,0,35,0
1963,1,1454,M,3.86792,Risk:LOW,0,0,0,0,0,0,0,0,0,0,0,0,0,0,0,0,0,0,0,0,0,0,0,0,0,0,0,0
1963,1,1455,M,15.7681,Risk:LOW,0,0,0,0,0,0,0,0,0,0,0,0,0,0,0,0,0,0,0,0,0,0,0,0,0,0,0,0
1963,1,1456,F,17.747,Risk:LOW,0,0,5,0,0,0,0,0,0,0,8,0,0,0,4,0,0,0,4,0,0,0,5,0,0,0,7,0
1963,1,1457,F,52.6153,Risk:LOW,0,0,17,0,0,0,0,0,0,0,43,0,0,0,9,0,0,0,16,0,0,0,30,0,0,0,40,0
1963,1,1458,F,29.19,Risk:LOW,0,0,16,0,0,0,0,0,0,0,29,0,0,0,4,0,0,0,16,0,0,0,22,0,0,0,27,0
1963,1,1459,F,19.03,Risk:LOW,0,0,1,0,0,0,0,0,0,0,6,0,0,0,1,0,0,0,1,0,0,0,2,0,0,0,6,0
1963,1,1460,M,12.3978,Risk:LOW,0,0,0,0,0,0,0,0,0,0,0,0,0,0,0,0,0,0,0,0,0,0,0,0,0,0,0,0
1963,1,1461,M,35.0959,Risk:LOW,0,0,18,0,0,0,0,0,0,0,34,0,0,0,11,0,0,0,18,0,0,0,25,0,0,0,30,0
1963,1,1462,F,19.2359,Risk:LOW,0,0,2,0,0,0,0,0,0,0,6,0,0,0,1,0,0,0,2,0,0,0,3,0,0,0,6,0
1963,1,1463,F,29.5429,Risk:LOW,0,0,17,0,0,0,0,0,0,0,34,0,0,0,9,0,0,0,17,0,0,0,26,0,0,0,34,0
1963,1,1464,M,42.5246,Risk:LOW,0,0,18,0,0,0,0,0,0,0,42,0,0,0,10,0,0,0,18,0,0,0,30,0,0,0,41,0
1963,1,1465,M,65.102,Risk:LOW,0,0,8,0,0,0,0,0,0,0,11,0,0,0,4,0,0,0,8,0,0,0,10,0,0,0,11,0
1963,1,1466,F,15.9892,Risk:LOW,0,0,0,0,0,0,0,0,0,0,0,0,0,0,0,0,0,0,0,0,0,0,0,0,0,0,0,0
1963,1,1467,M,5.79376,Risk:HIGH,0,0,0,0,0,0,0,0,0,0,0,0,0,0,0,0,0,0,0,0,0,0,0,0,0,0,0,0
1963,1,1468,F,8.95952,Risk:LOW,0,0,0,0,0,0,0,0,0,0,0,0,0,0,0,0,0,0,0,0,0,0,0,0,0,0,0,0
1963,1,1469,F,38.9905,Risk:LOW,0,0,36,0,0,0,0,0,0,0,66,0,0,0,16,0,0,0,31,0,0,0,44,0,0,0,56,0
1963,1,1470,M,9.90847,Risk:LOW,0,0,0,0,0,0,0,0,0,0,0,0,0,0,0,0,0,0,0,0,0,0,0,0,0,0,0,0
1963,1,1471,F,43.9942,Risk:LOW,0,0,34,0,0,0,2,0,0,0,59,0,0,0,22,0,0,0,31,0,0,0,39,0,0,0,47,0
1963,1,1472,M,41.8902,Risk:LOW,0,0,19,0,0,0,0,0,0,0,37,0,0,0,11,0,0,0,18,0,0,0,25,0,0,0,34,0
1963,1,1473,M,13.6259,Risk:LOW,0,0,0,0,0,0,0,0,0,0,0,0,0,0,0,0,0,0,0,0,0,0,0,0,0,0,0,0
1963,1,1474,M,4.42817,Risk:LOW,0,0,0,0,0,0,0,0,0,0,0,0,0,0,0,0,0,0,0,0,0,0,0,0,0,0,0,0
1963,1,1475,M,21.0353,Risk:LOW,0,0,2,0,0,0,0,0,0,0,3,0,0,0,2,0,0,0,2,0,0,0,3,0,0,0,3,0
1963,1,1476,F,8.78579,Risk:LOW,0,0,0,0,0,0,0,0,0,0,0,0,0,0,0,0,0,0,0,0,0,0,0,0,0,0,0,0
1963,1,1477,F,13.2115,Risk:LOW,0,0,0,0,0,0,0,0,0,0,0,0,0,0,0,0,0,0,0,0,0,0,0,0,0,0,0,0
1963,1,1478,F,11.9264,Risk:LOW,0,0,0,0,0,0,0,0,0,0,0,0,0,0,0,0,0,0,0,0,0,0,0,0,0,0,0,0
1963,1,1479,M,47.5073,Risk:LOW,0,0,23,0,0,0,2,0,0,0,51,0,0,0,11,0,0,0,23,0,0,0,38,0,0,0,45,0
1963,1,1480,F,39.453,Risk:LOW,0,0,34,0,0,0,0,0,0,0,58,0,0,0,14,0,0,0,32,0,0,0,42,0,0,0,47,0
1963,1,1481,F,40.9041,Risk:LOW,0,0,16,0,0,0,0,0,0,0,37,0,0,0,5,0,0,0,16,0,0,0,28,0,0,0,36,0
1963,1,1482,F,26.0595,Risk:LOW,0,0,11,0,0,0,1,0,0,0,19,0,0,0,6,0,0,0,11,0,0,0,13,0,0,0,18,0
1963,1,1483,F,22.451,Risk:LOW,0,0,4,0,0,0,0,0,0,0,4,0,0,0,1,0,0,0,4,0,0,0,4,0,0,0,4,0
1963,1,1484,M,9.29893,Risk:LOW,0,0,0,0,0,0,0,0,0,0,0,0,0,0,0,0,0,0,0,0,0,0,0,0,0,0,0,0
1963,1,1485,F,35.5752,Risk:LOW,0,0,19,0,0,0,0,0,0,0,47,0,0,0,7,0,0,0,20,0,0,0,31,0,0,0,42,0
1963,1,1486,M,8.17333,Risk:LOW,0,0,0,0,0,0,0,0,0,0,0,0,0,0,0,0,0,0,0,0,0,0,0,0,0,0,0,0
1963,1,1487,M,39.4231,Risk:LOW,0,0,14,0,0,0,0,0,0,0,24,0,0,0,6,0,0,0,14,0,0,0,19,0,0,0,22,0
1963,1,1488,F,64.8408,Risk:LOW,0,0,1,0,0,0,0,0,0,0,3,0,0,0,1,0,0,0,1,0,0,0,2,0,0,0,3,0
1963,1,1489,M,54.0766,Risk:LOW,0,0,43,0,0,0,1,0,0,0,70,0,0,0,23,0,0,0,38,0,0,0,51,0,0,0,61,0
1963,1,1490,F,2.8583,Risk:LOW,0,0,0,0,0,0,0,0,0,0,0,0,0,0,0,0,0,0,0,0,0,0,0,0,0,0,0,0
1963,1,1491,M,41.2184,Risk:LOW,0,0,20,0,0,0,0,0,0,0,38,0,0,0,10,0,0,0,20,0,0,0,26,0,0,0,36,0
1963,1,1492,M,41.8051,Risk:LOW,0,0,18,0,0,0,1,0,0,0,38,0,0,0,8,0,0,0,17,0,0,0,27,0,0,0,37,0
1963,1,1493,F,13.2394,Risk:LOW,0,0,0,0,0,0,0,0,0,0,0,0,0,0,0,0,0,0,0,0,0,0,0,0,0,0,0,0
1963,1,1494,F,68.8483,Risk:HIGH,0,0,0,0,0,0,0,0,0,0,0,0,0,0,0,0,0,0,0,0,0,0,0,0,0,0,0,0
1963,1,1495,M,31.5162,Risk:LOW,0,0,14,0,0,0,0,0,0,0,30,0,0,0,7,0,0,0,14,0,0,0,21,0,0,0,30,0
1963,1,1496,F,3.86616,Risk:HIGH,0,0,0,0,0,0,0,0,0,0,0,0,0,0,0,0,0,0,0,0,0,0,0,0,0,0,0,0
1963,1,1497,M,50.618,Risk:LOW,0,0,29,0,0,0,1,0,0,0,74,0,0,0,15,0,0,0,28,0,0,0,43,0,0,0,59,0
1963,1,1498,M,4.2671,Risk:LOW,0,0,0,0,0,0,0,0,0,0,0,0,0,0,0,0,0,0,0,0,0,0,0,0,0,0,0,0
1963,1,1499,F,6.66505,Risk:LOW,0,0,0,0,0,0,0,0,0,0,0,0,0,0,0,0,0,0,0,0,0,0,0,0,0,0,0,0
1963,1,1500,M,47.9818,Risk:LOW,0,0,48,0,0,0,0,0,0,0,74,0,0,0,21,0,0,0,42,0,0,0,52,0,0,0,62,0
1963,1,1501,F,41.9925,Risk:HIGH,3,0,0,0,0,0,0,0,4,0,0,0,2,0,0,0,3,0,0,0,4,0,0,0,4,0,0,0
1963,1,1502,F,45.0732,Risk:LOW,0,0,27,0,0,0,0,0,0,0,55,0,0,0,14,0,0,0,25,0,0,0,37,0,0,0,50,0
1963,1,1503,F,43.3888,Risk:LOW,0,0,28,0,0,0,2,0,0,0,63,0,0,0,16,0,0,0,23,0,0,0,37,0,0,0,49,0
1963,1,1504,M,14.3764,Risk:LOW,0,0,0,0,0,0,0,0,0,0,0,0,0,0,0,0,0,0,0,0,0,0,0,0,0,0,0,0
1963,1,1505,F,60.014,Risk:LOW,0,0,13,0,0,0,1,0,0,0,28,0,0,0,6,0,0,0,14,0,0,0,17,0,0,0,24,0
1963,1,1506,F,20.875,Risk:LOW,0,0,2,0,0,0,0,0,0,0,7,0,0,0,1,0,0,0,2,0,0,0,4,0,0,0,6,0
1963,1,1507,M,31.9842,Risk:LOW,0,0,13,0,0,0,0,0,0,0,20,0,0,0,6,0,0,0,13,0,0,0,17,0,0,0,19,0
1963,1,1508,M,7.44583,Risk:LOW,0,0,0,0,0,0,0,0,0,0,0,0,0,0,0,0,0,0,0,0,0,0,0,0,0,0,0,0
1963,1,1509,M,4.5788,Risk:LOW,0,0,0,0,0,0,0,0,0,0,0,0,0,0,0,0,0,0,0,0,0,0,0,0,0,0,0,0
1963,1,1510,M,9.28923,Risk:LOW,0,0,0,0,0,0,0,0,0,0,0,0,0,0,0,0,0,0,0,0,0,0,0,0,0,0,0,0
1963,1,1511,M,21.6156,Risk:LOW,0,0,4,0,0,0,0,0,0,0,7,0,0,0,3,0,0,0,4,0,0,0,7,0,0,0,7,0
1963,1,1512,M,19.3796,Risk:LOW,0,0,2,0,0,0,0,0,0,0,3,0,0,0,0,0,0,0,2,0,0,0,2,0,0,0,3,0
1963,1,1513,M,16.0773,Risk:LOW,0,0,0,0,0,0,0,0,0,0,0,0,0,0,0,0,0,0,0,0,0,0,0,0,0,0,0,0
1963,1,1514,M,41.6735,Risk:LOW,0,0,20,0,0,0,0,0,0,0,43,0,0,0,8,0,0,0,20,0,0,0,31,0,0,0,40,0
1963,1,1515,F,49.7985,Risk:LOW,0,0,23,0,0,0,2,0,0,0,44,0,0,0,13,0,0,0,21,0,0,0,30,0,0,0,37,0
1963,1,1516,F,14.7405,Risk:LOW,0,0,0,0,0,0,0,0,0,0,0,0,0,0,0,0,0,0,0,0,0,0,0,0,0,0,0,0
1963,1,1517,F,4.15814,Risk:HIGH,0,0,0,0,0,0,0,0,0,0,0,0,0,0,0,0,0,0,0,0,0,0,0,0,0,0,0,0
1963,1,1518,M,63.5839,Risk:LOW,0,0,6,0,0,0,0,0,0,0,9,0,0,0,4,0,0,0,6,0,0,0,8,0,0,0,10,0
1963,1,1519,F,6.82527,Risk:LOW,0,0,0,0,0,0,0,0,0,0,0,0,0,0,0,0,0,0,0,0,0,0,0,0,0,0,0,0
1963,1,1520,F,47.9119,Risk:LOW,0,0,20,0,0,0,1,0,0,0,60,0,0,0,9,0,0,0,19,0,0,0,35,0,0,0,47,0
1963,1,1521,F,30.8276,Risk:LOW,0,0,18,0,0,0,0,0,0,0,30,0,0,0,9,0,0,0,18,0,0,0,23,0,0,0,27,0
1963,1,1522,F,4.87407,Risk:LOW,0,0,0,0,0,0,0,0,0,0,0,0,0,0,0,0,0,0,0,0,0,0,0,0,0,0,0,0
1963,1,1523,F,53.3394,Risk:LOW,0,0,19,0,0,0,0,0,0,0,41,0,0,0,9,0,0,0,19,0,0,0,27,0,0,0,38,0
1963,1,1524,M,27.6132,Risk:LOW,0,0,4,0,0,0,0,0,0,0,6,0,0,0,2,0,0,0,3,0,0,0,3,0,0,0,5,0
1963,1,1525,M,29.2443,Risk:LOW,0,0,5,0,0,0,0,0,0,0,17,0,0,0,2,0,0,0,5,0,0,0,13,0,0,0,17,0
1963,1,1526,F,3.4947,Risk:LOW,0,0,0,0,0,0,0,0,0,0,0,0,0,0,0,0,0,0,0,0,0,0,0,0,0,0,0,0
1963,1,1527,F,56.0155,Risk:LOW,0,0,14,0,0,0,1,0,0,0,28,0,0,0,8,0,0,0,13,0,0,0,18,0,0,0,25,0
1963,1,1528,M,6.61709,Risk:LOW,0,0,0,0,0,0,0,0,0,0,0,0,0,0,0,0,0,0,0,0,0,0,0,0,0,0,0,0
1963,1,1529,M,38.375,Risk:LOW,0,0,18,0,0,0,0,0,0,0,37,0,0,0,10,0,0,0,18,0,0,0,29,0,0,0,36,0
1963,1,1530,F,5.44725,Risk:LOW,0,0,0,0,0,0,0,0,0,0,0,0,0,0,0,0,0,0,0,0,0,0,0,0,0,0,0,0
1963,1,1531,F,16.6701,Risk:LOW,0,0,5,0,0,0,0,0,0,0,7,0,0,0,3,0,0,0,5,0,0,0,6,0,0,0,7,0
1963,1,1532,M,59.1274,Risk:HIGH,0,0,0,0,0,0,0,0,1,0,0,0,0,0,0,0,0,0,0,0,0,0,0,0,1,0,0,0
1963,1,1533,M,22.0543,Risk:LOW,0,0,2,0,0,0,0,0,0,0,2,0,0,0,1,0,0,0,2,0,0,0,2,0,0,0,2,0
1963,1,1534,M,13.68,Risk:LOW,0,0,0,0,0,0,0,0,0,0,0,0,0,0,0,0,0,0,0,0,0,0,0,0,0,0,0,0
1963,1,1535,M,7.90873,Risk:LOW,0,0,0,0,0,0,0,0,0,0,0,0,0,0,0,0,0,0,0,0,0,0,0,0,0,0,0,0
1963,1,1536,F,11.1095,Risk:LOW,0,0,0,0,0,0,0,0,0,0,0,0,0,0,0,0,0,0,0,0,0,0,0,0,0,0,0,0
1963,1,1537,F,66.695,Risk:LOW,0,0,3,0,0,0,0,0,0,0,7,0,0,0,1,0,0,0,3,0,0,0,6,0,0,0,7,0
1963,1,1538,F,8.68796,Risk:LOW,0,0,0,0,0,0,0,0,0,0,0,0,0,0,0,0,0,0,0,0,0,0,0,0,0,0,0,0
1963,1,1539,M,58.7473,Risk:LOW,0,0,38,0,0,0,1,0,0,0,79,0,0,0,19,0,0,0,34,0,0,0,44,0,0,0,61,0
1963,1,1540,M,8.08838,Risk:LOW,0,0,0,0,0,0,0,0,0,0,0,0,0,0,0,0,0,0,0,0,0,0,0,0,0,0,0,0
1963,1,1541,F,54.2134,Risk:LOW,0,0,20,0,0,0,1,0,0,0,33,0,0,0,8,0,0,0,18,0,0,0,23,0,0,0,27,0
1963,1,1542,F,22.4615,Risk:LOW,0,0,3,0,0,0,0,0,0,0,5,0,0,0,2,0,0,0,3,0,0,0,4,0,0,0,5,0
1963,1,1543,F,14.6514,Risk:HIGH,0,0,0,0,0,0,0,0,0,0,0,0,0,0,0,0,0,0,0,0,0,0,0,0,0,0,0,0
1963,1,1544,M,36.7105,Risk:LOW,0,0,15,0,0,0,0,0,0,0,30,0,0,0,5,0,0,0,14,0,0,0,22,0,0,0,28,0
1963,1,1545,M,22.3737,Risk:LOW,0,0,2,0,0,0,0,0,0,0,4,0,0,0,1,0,0,0,2,0,0,0,2,0,0,0,4,0
1963,1,1546,F,4.2881,Risk:LOW,0,0,0,0,0,0,0,0,0,0,0,0,0,0,0,0,0,0,0,0,0,0,0,0,0,0,0,0
1963,1,1547,M,8.90624,Risk:LOW,0,0,0,0,0,0,0,0,0,0,0,0,0,0,0,0,0,0,0,0,0,0,0,0,0,0,0,0
1963,1,1548,F,5.11237,Risk:LOW,0,0,0,0,0,0,0,0,0,0,0,0,0,0,0,0,0,0,0,0,0,0,0,0,0,0,0,0
1963,1,1549,F,19.4626,Risk:LOW,0,0,3,0,0,0,0,0,0,0,5,0,0,0,0,0,0,0,3,0,0,0,5,0,0,0,5,0
1963,1,1550,F,3.5155,Risk:LOW,0,0,0,0,0,0,0,0,0,0,0,0,0,0,0,0,0,0,0,0,0,0,0,0,0,0,0,0
1963,1,1551,M,30.9096,Risk:LOW,0,0,10,0,0,0,1,0,0,0,21,0,0,0,5,0,0,0,9,0,0,0,13,0,0,0,20,0
1963,1,1552,F,4.73483,Risk:LOW,0,0,0,0,0,0,0,0,0,0,0,0,0,0,0,0,0,0,0,0,0,0,0,0,0,0,0,0
1963,1,1553,M,23.6958,Risk:LOW,0,0,2,0,0,0,0,0,0,0,6,0,0,0,2,0,0,0,2,0,0,0,4,0,0,0,6,0
1963,1,1554,F,74.6725,Risk:LOW,0,0,5,0,0,0,0,0,0,0,6,0,0,0,4,0,0,0,5,0,0,0,5,0,0,0,6,0
1963,1,1555,M,11.4039,Risk:LOW,0,0,0,0,0,0,0,0,0,0,0,0,0,0,0,0,0,0,0,0,0,0,0,0,0,0,0,0
1963,1,1556,M,23.2239,Risk:LOW,0,0,3,0,0,0,0,0,0,0,5,0,0,0,0,0,0,0,4,0,0,0,4,0,0,0,5,0
1963,1,1557,M,41.1888,Risk:LOW,0,0,18,0,0,0,0,0,0,0,34,0,0,0,8,0,0,0,18,0,0,0,25,0,0,0,32,0
1963,1,1558,M,4.10503,Risk:LOW,0,0,0,0,0,0,0,0,0,0,0,0,0,0,0,0,0,0,0,0,0,0,0,0,0,0,0,0
1963,1,1559,F,48.799,Risk:LOW,0,0,21,0,0,0,0,0,0,0,42,0,0,0,9,0,0,0,19,0,0,0,27,0,0,0,37,0
1963,1,1560,F,55.4945,Risk:LOW,0,0,6,0,0,0,0,0,0,0,22,0,0,0,3,0,0,0,6,0,0,0,12,0,0,0,17,0
1963,1,1561,M,13.291,Risk:LOW,0,0,0,0,0,0,0,0,0,0,0,0,0,0,0,0,0,0,0,0,0,0,0,0,0,0,0,0
1963,1,1562,M,15.5264,Risk:LOW,0,0,0,0,0,0,0,0,0,0,0,0,0,0,0,0,0,0,0,0,0,0,0,0,0,0,0,0
1963,1,1563,F,19.0815,Risk:LOW,0,0,0,0,0,0,0,0,0,0,2,0,0,0,0,0,0,0,0,0,0,0,1,0,0,0,2,0
1963,1,1564,M,60.6989,Risk:LOW,0,0,19,0,0,0,2,0,0,0,43,0,0,0,12,0,0,0,19,0,0,0,27,0,0,0,38,0
1963,1,1565,F,42.1153,Risk:LOW,0,0,26,0,0,0,0,0,0,0,64,0,0,0,8,0,0,0,25,0,0,0,46,0,0,0,59,0
1963,1,1566,F,56.8751,Risk:LOW,0,0,13,0,0,0,1,0,0,0,21,0,0,0,9,0,0,0,11,0,0,0,15,0,0,0,19,0
1963,1,1567,F,4.37507,Risk:HIGH,0,0,0,0,0,0,0,0,0,0,0,0,0,0,0,0,0,0,0,0,0,0,0,0,0,0,0,0
1963,1,1568,M,62.7584,Risk:LOW,0,0,11,0,0,0,0,0,0,0,29,0,0,0,3,0,0,0,11,0,0,0,18,0,0,0,25,0
1963,1,1569,F,10.8584,Risk:HIGH,0,0,0,0,0,0,0,0,0,0,0,0,0,0,0,0,0,0,0,0,0,0,0,0,0,0,0,0
1963,1,1570,F,36.8915,Risk:LOW,0,0,23,0,0,0,0,0,0,0,43,0,0,0,10,0,0,0,23,0,0,0,34,0,0,0,40,0
1963,1,1571,F,15.6142,Risk:LOW,0,0,3,0,0,0,0,0,0,0,3,0,0,0,2,0,0,0,3,0,0,0,3,0,0,0,3,0
1963,1,1572,F,57.4409,Risk:LOW,0,0,11,0,0,0,0,0,0,0,22,0,0,0,7,0,0,0,10,0,0,0,14,0,0,0,19,0
1963,1,1573,M,41.5126,Risk:HIGH,6,0,0,0,0,0,0,0,9,0,0,0,4,0,0,0,5,0,0,0,5,0,0,0,5,0,0,0
1963,1,1574,M,12.6009,Risk:LOW,0,0,0,0,0,0,0,0,0,0,0,0,0,0,0,0,0,0,0,0,0,0,0,0,0,0,0,0
1963,1,1575,M,26.7057,Risk:LOW,0,0,5,0,0,0,0,0,0,0,12,0,0,0,3,0,0,0,6,0,0,0,8,0,0,0,12,0
1963,1,1576,F,15.4222,Risk:LOW,0,0,6,0,0,0,0,0,0,0,8,0,0,0,4,0,0,0,6,0,0,0,6,0,0,0,8,0
1963,1,1577,M,57.5446,Risk:LOW,0,0,56,0,0,0,2,0,0,0,105,0,0,0,28,0,0,0,52,0,0,0,70,0,0,0,85,0
1963,1,1578,F,82.3498,Risk:LOW,0,0,3,0,0,0,0,0,0,0,6,0,0,0,2,0,0,0,4,0,0,0,5,0,0,0,6,0
1963,1,1579,M,46.1016,Risk:LOW,0,0,30,0,0,0,0,0,0,0,54,0,0,0,17,0,0,0,31,0,0,0,35,0,0,0,49,0
1963,1,1580,M,5.16237,Risk:LOW,0,0,0,0,0,0,0,0,0,0,0,0,0,0,0,0,0,0,0,0,0,0,0,0,0,0,0,0
1963,1,1581,F,31.9737,Risk:HIGH,6,0,0,0,0,0,0,0,15,0,0,0,4,0,0,0,5,0,0,0,6,0,0,0,7,0,0,0
1963,1,1582,M,46.5403,Risk:LOW,0,0,27,0,0,0,0,0,0,0,56,0,0,0,14,0,0,0,26,0,0,0,40,0,0,0,51,0
1963,1,1583,M,89.4889,Risk:LOW,0,0,10,0,0,0,0,0,0,0,15,0,0,0,5,0,0,0,9,0,0,0,9,0,0,0,14,0
1963,1,1584,F,28.2283,Risk:HIGH,20,0,0,0,2,0,0,0,49,0,0,0,6,0,0,0,10,0,0,0,12,0,0,0,14,0,0,0
1963,1,1585,M,34.8885,Risk:LOW,0,0,17,0,0,0,2,0,0,0,31,0,0,0,10,0,0,0,18,0,0,0,25,0,0,0,28,0
1963,1,1586,M,17.3671,Risk:LOW,0,0,2,0,0,0,0,0,0,0,2,0,0,0,1,0,0,0,2,0,0,0,2,0,0,0,2,0
1963,1,1587,M,40.3177,Risk:LOW,0,0,18,0,0,0,1,0,0,0,43,0,0,0,9,0,0,0,17,0,0,0,29,0,0,0,39,0
1963,1,1588,F,11.1915,Risk:LOW,0,0,0,0,0,0,0,0,0,0,0,0,0,0,0,0,0,0,0,0,0,0,0,0,0,0,0,0
1963,1,1589,F,30.1778,Risk:LOW,0,0,17,0,0,0,1,0,0,0,29,0,0,0,12,0,0,0,17,0,0,0,23,0,0,0,28,0
1963,1,1590,M,17.3969,Risk:LOW,0,0,0,0,0,0,0,0,0,0,0,0,0,0,0,0,0,0,0,0,0,0,0,0,0,0,0,0
1963,1,1591,M,4.49717,Risk:LOW,0,0,0,0,0,0,0,0,0,0,0,0,0,0,0,0,0,0,0,0,0,0,0,0,0,0,0,0
1963,1,1592,F,2.5627,Risk:LOW,0,0,0,0,0,0,0,0,0,0,0,0,0,0,0,0,0,0,0,0,0,0,0,0,0,0,0,0
1963,1,1593,M,35.3526,Risk:LOW,0,0,20,0,0,0,1,0,0,0,36,0,0,0,13,0,0,0,20,0,0,0,27,0,0,0,34,0
1963,1,1594,M,40.9607,Risk:LOW,0,0,22,0,0,0,0,0,0,0,37,0,0,0,12,0,0,0,22,0,0,0,31,0,0,0,36,0
1963,1,1595,M,44.8453,Risk:LOW,0,0,23,0,0,0,0,0,0,0,52,0,0,0,12,0,0,0,23,0,0,0,31,0,0,0,46,0
1963,1,1596,M,16.1906,Risk:LOW,0,0,0,0,0,0,0,0,0,0,0,0,0,0,0,0,0,0,0,0,0,0,0,0,0,0,0,0
1963,1,1597,F,11.0779,Risk:LOW,0,0,0,0,0,0,0,0,0,0,0,0,0,0,0,0,0,0,0,0,0,0,0,0,0,0,0,0
1963,1,1598,M,58.0404,Risk:LOW,0,0,31,0,0,0,0,0,0,0,74,0,0,0,17,0,0,0,30,0,0,0,43,0,0,0,62,0
1963,1,1599,M,49.6152,Risk:LOW,0,0,40,0,0,0,0,0,0,0,86,0,0,0,25,0,0,0,36,0,0,0,52,0,0,0,68,0
1963,1,1600,F,26.1197,Risk:LOW,0,0,10,0,0,0,0,0,0,0,20,0,0,0,7,0,0,0,10,0,0,0,14,0,0,0,18,0
1963,1,1601,F,49.3482,Risk:LOW,0,0,18,0,0,0,0,0,0,0,42,0,0,0,9,0,0,0,17,0,0,0,26,0,0,0,31,0
1963,1,1602,F,40.2908,Risk:LOW,0,0,26,0,0,0,0,0,0,0,49,0,0,0,10,0,0,0,26,0,0,0,31,0,0,0,40,0
1963,1,1603,F,5.2548,Risk:LOW,0,0,0,0,0,0,0,0,0,0,0,0,0,0,0,0,0,0,0,0,0,0,0,0,0,0,0,0
1963,1,1604,F,5.29459,Risk:LOW,0,0,0,0,0,0,0,0,0,0,0,0,0,0,0,0,0,0,0,0,0,0,0,0,0,0,0,0
1963,1,1605,M,26.7944,Risk:LOW,0,0,8,0,0,0,0,0,0,0,13,0,0,0,5,0,0,0,8,0,0,0,12,0,0,0,14,0
1963,1,1606,M,8.64486,Risk:LOW,0,0,0,0,0,0,0,0,0,0,0,0,0,0,0,0,0,0,0,0,0,0,0,0,0,0,0,0
1963,1,1607,F,20.8417,Risk:LOW,0,0,4,0,0,0,0,0,0,0,5,0,0,0,2,0,0,0,4,0,0,0,4,0,0,0,5,0
1963,1,1608,F,54.9862,Risk:LOW,0,0,17,0,0,0,1,0,0,0,33,0,0,0,6,0,0,0,15,0,0,0,21,0,0,0,26,0
1963,1,1609,F,17.5862,Risk:LOW,0,0,2,0,0,0,0,0,0,0,6,0,0,0,2,0,0,0,2,0,0,0,4,0,0,0,6,0
1963,1,1610,F,9.381,Risk:LOW,0,0,0,0,0,0,0,0,0,0,0,0,0,0,0,0,0,0,0,0,0,0,0,0,0,0,0,0
1963,1,1611,M,8.45549,Risk:LOW,0,0,0,0,0,0,0,0,0,0,0,0,0,0,0,0,0,0,0,0,0,0,0,0,0,0,0,0
1963,1,1612,F,16.9041,Risk:LOW,0,0,1,0,0,0,0,0,0,0,4,0,0,0,1,0,0,0,1,0,0,0,3,0,0,0,4,0
1963,1,1613,M,38.1265,Risk:LOW,0,0,14,0,0,0,0,0,0,0,26,0,0,0,5,0,0,0,15,0,0,0,17,0,0,0,23,0
1963,1,1614,M,39.8648,Risk:LOW,0,0,16,0,0,0,1,0,0,0,32,0,0,0,11,0,0,0,17,0,0,0,25,0,0,0,28,0
1963,1,1615,F,5.29088,Risk:LOW,0,0,0,0,0,0,0,0,0,0,0,0,0,0,0,0,0,0,0,0,0,0,0,0,0,0,0,0
1963,1,1616,F,88.7498,Risk:LOW,0,0,0,0,0,0,0,0,0,0,2,0,0,0,0,0,0,0,0,0,0,0,1,0,0,0,2,0
1963,1,1617,M,22.0459,Risk:LOW,0,0,3,0,0,0,0,0,0,0,5,0,0,0,1,0,0,0,3,0,0,0,5,0,0,0,5,0
1963,1,1618,F,31.4445,Risk:LOW,0,0,14,0,0,0,0,0,0,0,36,0,0,0,7,0,0,0,12,0,0,0,23,0,0,0,31,0
1963,1,1619,F,5.63818,Risk:LOW,0,0,0,0,0,0,0,0,0,0,0,0,0,0,0,0,0,0,0,0,0,0,0,0,0,0,0,0
1963,1,1620,M,66.7779,Risk:LOW,0,0,4,0,0,0,0,0,0,0,7,0,0,0,2,0,0,0,4,0,0,0,5,0,0,0,6,0
1963,1,1621,F,12.7162,Risk:LOW,0,0,0,0,0,0,0,0,0,0,0,0,0,0,0,0,0,0,0,0,0,0,0,0,0,0,0,0
1963,1,1622,F,52.4908,Risk:LOW,0,0,21,0,0,0,0,0,0,0,37,0,0,0,9,0,0,0,16,0,0,0,22,0,0,0,28,0
1963,1,1623,F,33.3219,Risk:LOW,0,0,26,0,0,0,0,0,0,0,46,0,0,0,13,0,0,0,26,0,0,0,38,0,0,0,43,0
1963,1,1624,F,12.2604,Risk:LOW,0,0,0,0,0,0,0,0,0,0,0,0,0,0,0,0,0,0,0,0,0,0,0,0,0,0,0,0
1963,1,1625,F,35.916,Risk:LOW,0,0,24,0,0,0,0,0,0,0,42,0,0,0,10,0,0,0,22,0,0,0,27,0,0,0,37,0
1963,1,1626,F,7.6432,Risk:LOW,0,0,0,0,0,0,0,0,0,0,0,0,0,0,0,0,0,0,0,0,0,0,0,0,0,0,0,0
1963,1,1627,M,4.47823,Risk:LOW,0,0,0,0,0,0,0,0,0,0,0,0,0,0,0,0,0,0,0,0,0,0,0,0,0,0,0,0
1963,1,1628,M,12.884,Risk:LOW,0,0,0,0,0,0,0,0,0,0,0,0,0,0,0,0,0,0,0,0,0,0,0,0,0,0,0,0
1963,1,1629,M,42.2935,Risk:LOW,0,0,24,0,0,0,0,0,0,0,54,0,0,0,11,0,0,0,23,0,0,0,35,0,0,0,42,0
1963,1,1630,F,30.3143,Risk:LOW,0,0,10,0,0,0,0,0,0,0,22,0,0,0,5,0,0,0,10,0,0,0,17,0,0,0,23,0
1963,1,1631,F,12.4502,Risk:LOW,0,0,0,0,0,0,0,0,0,0,0,0,0,0,0,0,0,0,0,0,0,0,0,0,0,0,0,0
1963,1,1632,F,33.0651,Risk:LOW,0,0,22,0,0,0,0,0,0,0,37,0,0,0,13,0,0,0,23,0,0,0,30,0,0,0,36,0
1963,1,1633,F,58.1494,Risk:LOW,0,0,19,0,0,0,0,0,0,0,35,0,0,0,8,0,0,0,18,0,0,0,27,0,0,0,31,0
1963,1,1634,M,75.372,Risk:LOW,0,0,7,0,0,0,0,0,0,0,16,0,0,0,1,0,0,0,7,0,0,0,12,0,0,0,14,0
1963,1,1635,M,20.6781,Risk:LOW,0,0,0,0,0,0,0,0,0,0,2,0,0,0,0,0,0,0,0,0,0,0,1,0,0,0,2,0
1963,1,1636,M,25.3989,Risk:LOW,0,0,6,0,0,0,0,0,0,0,11,0,0,0,4,0,0,0,6,0,0,0,8,0,0,0,11,0
1963,1,1637,F,55.073,Risk:LOW,0,0,11,0,0,0,0,0,0,0,30,0,0,0,5,0,0,0,12,0,0,0,23,0,0,0,28,0
1963,1,1638,F,13.4257,Risk:LOW,0,0,0,0,0,0,0,0,0,0,0,0,0,0,0,0,0,0,0,0,0,0,0,0,0,0,0,0
1963,1,1639,F,21.4773,Risk:LOW,0,0,4,0,0,0,0,0,0,0,6,0,0,0,2,0,0,0,4,0,0,0,5,0,0,0,5,0
1963,1,1640,M,38.0628,Risk:HIGH,3,0,0,0,0,0,0,0,14,0,0,0,2,0,0,0,3,0,0,0,4,0,0,0,7,0,0,0
1963,1,1641,F,12.7034,Risk:HIGH,0,0,0,0,0,0,0,0,0,0,0,0,0,0,0,0,0,0,0,0,0,0,0,0,0,0,0,0
1963,1,1642,M,13.0618,Risk:LOW,0,0,0,0,0,0,0,0,0,0,0,0,0,0,0,0,0,0,0,0,0,0,0,0,0,0,0,0
1963,1,1643,F,12.186,Risk:LOW,0,0,0,0,0,0,0,0,0,0,0,0,0,0,0,0,0,0,0,0,0,0,0,0,0,0,0,0
1963,1,1644,M,10.2289,Risk:HIGH,0,0,0,0,0,0,0,0,0,0,0,0,0,0,0,0,0,0,0,0,0,0,0,0,0,0,0,0
1963,1,1645,M,23.8747,Risk:HIGH,10,0,0,0,0,0,0,0,21,0,0,0,3,0,0,0,5,0,0,0,6,0,0,0,6,0,0,0
1963,1,1646,F,14.9891,Risk:LOW,0,0,0,0,0,0,0,0,0,0,0,0,0,0,0,0,0,0,0,0,0,0,0,0,0,0,0,0
1963,1,1647,F,32.1157,Risk:LOW,0,0,18,0,0,0,0,0,0,0,34,0,0,0,8,0,0,0,17,0,0,0,24,0,0,0,36,0
1963,1,1648,F,28.9513,Risk:LOW,0,0,18,0,0,0,1,0,0,0,35,0,0,0,10,0,0,0,17,0,0,0,28,0,0,0,34,0
1963,1,1649,M,23.85,Risk:LOW,0,0,4,0,0,0,0,0,0,0,7,0,0,0,3,0,0,0,4,0,0,0,4,0,0,0,7,0
1963,1,1650,M,11.6119,Risk:LOW,0,0,0,0,0,0,0,0,0,0,0,0,0,0,0,0,0,0,0,0,0,0,0,0,0,0,0,0
1963,1,1651,M,3.92138,Risk:LOW,0,0,0,0,0,0,0,0,0,0,0,0,0,0,0,0,0,0,0,0,0,0,0,0,0,0,0,0
1963,1,1652,F,7.22788,Risk:LOW,0,0,0,0,0,0,0,0,0,0,0,0,0,0,0,0,0,0,0,0,0,0,0,0,0,0,0,0
1963,1,1653,M,11.3721,Risk:LOW,0,0,0,0,0,0,0,0,0,0,0,0,0,0,0,0,0,0,0,0,0,0,0,0,0,0,0,0
1963,1,1654,F,68.0192,Risk:LOW,0,0,6,0,0,0,0,0,0,0,8,0,0,0,3,0,0,0,6,0,0,0,7,0,0,0,8,0
1963,1,1655,M,77.3742,Risk:LOW,0,0,3,0,0,0,0,0,0,0,12,0,0,0,2,0,0,0,4,0,0,0,8,0,0,0,11,0
1963,1,1656,M,8.47147,Risk:LOW,0,0,0,0,0,0,0,0,0,0,0,0,0,0,0,0,0,0,0,0,0,0,0,0,0,0,0,0
1963,1,1657,M,28.4527,Risk:HIGH,9,0,0,0,0,0,0,0,24,0,0,0,2,0,0,0,3,0,0,0,4,0,0,0,5,0,0,0
1963,1,1658,M,12.0666,Risk:LOW,0,0,0,0,0,0,0,0,0,0,0,0,0,0,0,0,0,0,0,0,0,0,0,0,0,0,0,0
1963,1,1659,F,13.8529,Risk:LOW,0,0,0,0,0,0,0,0,0,0,0,0,0,0,0,0,0,0,0,0,0,0,0,0,0,0,0,0
1963,1,1660,M,4.24521,Risk:LOW,0,0,0,0,0,0,0,0,0,0,0,0,0,0,0,0,0,0,0,0,0,0,0,0,0,0,0,0
1963,1,1661,F,41.2119,Risk:HIGH,2,0,0,0,0,0,0,0,2,0,0,0,0,0,0,0,2,0,0,0,2,0,0,0,2,0,0,0
1963,1,1662,M,3.72789,Risk:LOW,0,0,0,0,0,0,0,0,0,0,0,0,0,0,0,0,0,0,0,0,0,0,0,0,0,0,0,0
1963,1,1663,M,2.73245,Risk:LOW,0,0,0,0,0,0,0,0,0,0,0,0,0,0,0,0,0,0,0,0,0,0,0,0,0,0,0,0
1963,1,1664,M,52.3215,Risk:LOW,0,0,37,0,0,0,2,0,0,0,71,0,0,0,19,0,0,0,34,0,0,0,52,0,0,0,59,0
1963,1,1665,F,45.1673,Risk:LOW,0,0,38,0,0,0,0,0,0,0,64,0,0,0,19,0,0,0,38,0,0,0,50,0,0,0,60,0
1963,1,1666,F,21.0046,Risk:LOW,0,0,3,0,0,0,0,0,0,0,8,0,0,0,2,0,0,0,3,0,0,0,5,0,0,0,8,0
1963,1,1667,M,59.6112,Risk:LOW,0,0,42,0,0,0,0,0,0,0,88,0,0,0,27,0,0,0,42,0,0,0,60,0,0,0,71,0
1963,1,1668,M,25.3315,Risk:LOW,0,0,4,0,0,0,0,0,0,0,5,0,0,0,2,0,0,0,4,0,0,0,4,0,0,0,6,0
1963,1,1669,M,9.86744,Risk:LOW,0,0,0,0,0,0,0,0,0,0,0,0,0,0,0,0,0,0,0,0,0,0,0,0,0,0,0,0
1963,1,1670,M,4.44015,Risk:LOW,0,0,0,0,0,0,0,0,0,0,0,0,0,0,0,0,0,0,0,0,0,0,0,0,0,0,0,0
1963,1,1671,F,5.06374,Risk:LOW,0,0,0,0,0,0,0,0,0,0,0,0,0,0,0,0,0,0,0,0,0,0,0,0,0,0,0,0
1963,1,1672,F,27.44,Risk:LOW,0,0,11,0,0,0,0,0,0,0,16,0,0,0,5,0,0,0,11,0,0,0,15,0,0,0,16,0
1963,1,1673,M,39.2059,Risk:LOW,0,0,21,0,0,0,2,0,0,0,30,0,0,0,12,0,0,0,21,0,0,0,25,0,0,0,29,0
1963,1,1674,F,6.29184,Risk:HIGH,0,0,0,0,0,0,0,0,0,0,0,0,0,0,0,0,0,0,0,0,0,0,0,0,0,0,0,0
1963,1,1675,M,4.61744,Risk:LOW,0,0,0,0,0,0,0,0,0,0,0,0,0,0,0,0,0,0,0,0,0,0,0,0,0,0,0,0
1963,1,1676,M,2.54152,Risk:LOW,0,0,0,0,0,0,0,0,0,0,0,0,0,0,0,0,0,0,0,0,0,0,0,0,0,0,0,0
1963,1,1677,F,31.071,Risk:LOW,0,0,14,0,0,0,0,0,0,0,33,0,0,0,6,0,0,0,14,0,0,0,25,0,0,0,30,0
1963,1,1678,F,64.677,Risk:HIGH,0,0,0,0,0,0,0,0,0,0,0,0,0,0,0,0,0,0,0,0,0,0,0,0,0,0,0,0
1963,1,1679,F,8.50909,Risk:LOW,0,0,0,0,0,0,0,0,0,0,0,0,0,0,0,0,0,0,0,0,0,0,0,0,0,0,0,0
1963,1,1680,F,11.7692,Risk:LOW,0,0,0,0,0,0,0,0,0,0,0,0,0,0,0,0,0,0,0,0,0,0,0,0,0,0,0,0
1963,1,1681,F,13.6917,Risk:LOW,0,0,0,0,0,0,0,0,0,0,0,0,0,0,0,0,0,0,0,0,0,0,0,0,0,0,0,0
1963,1,1682,F,56.6924,Risk:LOW,0,0,12,0,0,0,1,0,0,0,27,0,0,0,4,0,0,0,10,0,0,0,16,0,0,0,22,0
1963,1,1683,F,20.2658,Risk:LOW,0,0,1,0,0,0,0,0,0,0,3,0,0,0,1,0,0,0,1,0,0,0,1,0,0,0,3,0
1963,1,1684,F,26.0462,Risk:LOW,0,0,10,0,0,0,0,0,0,0,18,0,0,0,3,0,0,0,10,0,0,0,15,0,0,0,18,0
1963,1,1685,F,18.9952,Risk:LOW,0,0,3,0,0,0,0,0,0,0,6,0,0,0,1,0,0,0,3,0,0,0,5,0,0,0,6,0
1963,1,1686,F,6.52925,Risk:LOW,0,0,0,0,0,0,0,0,0,0,0,0,0,0,0,0,0,0,0,0,0,0,0,0,0,0,0,0
1963,1,1687,M,60.1473,Risk:LOW,0,0,41,0,0,0,0,0,0,0,91,0,0,0,19,0,0,0,34,0,0,0,57,0,0,0,74,0
1963,1,1688,F,3.47385,Risk:LOW,0,0,0,0,0,0,0,0,0,0,0,0,0,0,0,0,0,0,0,0,0,0,0,0,0,0,0,0
1963,1,1689,F,15.5971,Risk:LOW,0,0,0,0,0,0,0,0,0,0,0,0,0,0,0,0,0,0,0,0,0,0,0,0,0,0,0,0
1963,1,1690,F,14.7698,Risk:HIGH,0,0,0,0,0,0,0,0,0,0,0,0,0,0,0,0,0,0,0,0,0,0,0,0,0,0,0,0
1963,1,1691,M,41.082,Risk:LOW,0,0,27,0,0,0,0,0,0,0,49,0,0,0,13,0,0,0,26,0,0,0,33,0,0,0,44,0
1963,1,1692,F,7.85435,Risk:LOW,0,0,0,0,0,0,0,0,0,0,0,0,0,0,0,0,0,0,0,0,0,0,0,0,0,0,0,0
1963,1,1693,M,58.8661,Risk:LOW,0,0,35,0,0,0,1,0,0,0,76,0,0,0,17,0,0,0,34,0,0,0,54,0,0,0,70,0
1963,1,1694,M,3.2802,Risk:LOW,0,0,0,0,0,0,0,0,0,0,0,0,0,0,0,0,0,0,0,0,0,0,0,0,0,0,0,0
1963,1,1695,F,29.2164,Risk:LOW,0,0,12,0,0,0,1,0,0,0,24,0,0,0,5,0,0,0,11,0,0,0,18,0,0,0,24,0
1963,1,1696,M,31.281,Risk:LOW,0,0,11,0,0,0,1,0,0,0,21,0,0,0,6,0,0,0,11,0,0,0,15,0,0,0,21,0
1963,1,1697,M,19.4511,Risk:HIGH,10,0,0,0,2,0,0,0,20,0,0,0,2,0,0,0,3,0,0,0,4,0,0,0,4,0,0,0
1963,1,1698,M,21.0314,Risk:LOW,0,0,2,0,0,0,0,0,0,0,3,0,0,0,1,0,0,0,2,0,0,0,3,0,0,0,3,0
1963,1,1699,M,40.1543,Risk:LOW,0,0,16,0,0,0,1,0,0,0,34,0,0,0,11,0,0,0,17,0,0,0,25,0,0,0,33,0
1963,1,1700,M,42.767,Risk:HIGH,4,0,0,0,0,0,0,0,7,0,0,0,3,0,0,0,3,0,0,0,4,0,0,0,4,0,0,0
1963,1,1701,F,22.0661,Risk:LOW,0,0,3,0,0,0,0,0,0,0,6,0,0,0,1,0,0,0,3,0,0,0,6,0,0,0,6,0
1963,1,1702,F,49.7087,Risk:LOW,0,0,17,0,0,0,1,0,0,0,37,0,0,0,8,0,0,0,17,0,0,0,24,0,0,0,34,0
1963,1,1703,M,9.19774,Risk:LOW,0,0,0,0,0,0,0,0,0,0,0,0,0,0,0,0,0,0,0,0,0,0,0,0,0,0,0,0
1963,1,1704,F,51.9993,Risk:LOW,0,0,17,0,0,0,0,0,0,0,34,0,0,0,9,0,0,0,14,0,0,0,20,0,0,0,26,0
1963,1,1705,M,10.0628,Risk:LOW,0,0,0,0,0,0,0,0,0,0,0,0,0,0,0,0,0,0,0,0,0,0,0,0,0,0,0,0
1963,1,1706,M,8.48359,Risk:LOW,0,0,0,0,0,0,0,0,0,0,0,0,0,0,0,0,0,0,0,0,0,0,0,0,0,0,0,0
1963,1,1707,M,14.5799,Risk:LOW,0,0,0,0,0,0,0,0,0,0,0,0,0,0,0,0,0,0,0,0,0,0,0,0,0,0,0,0
1963,1,1708,F,4.10258,Risk:LOW,0,0,0,0,0,0,0,0,0,0,0,0,0,0,0,0,0,0,0,0,0,0,0,0,0,0,0,0
1963,1,1709,M,18.4418,Risk:LOW,0,0,4,0,0,0,0,0,0,0,4,0,0,0,4,0,0,0,4,0,0,0,4,0,0,0,4,0
1963,1,1710,M,4.36476,Risk:LOW,0,0,0,0,0,0,0,0,0,0,0,0,0,0,0,0,0,0,0,0,0,0,0,0,0,0,0,0
1963,1,1711,F,43.3581,Risk:LOW,0,0,28,0,0,0,0,0,0,0,63,0,0,0,13,0,0,0,25,0,0,0,46,0,0,0,49,0
1963,1,1712,F,79.8705,Risk:LOW,0,0,4,0,0,0,0,0,0,0,5,0,0,0,2,0,0,0,3,0,0,0,4,0,0,0,4,0
1963,1,1713,M,15.063,Risk:LOW,0,0,0,0,0,0,0,0,0,0,0,0,0,0,0,0,0,0,0,0,0,0,0,0,0,0,0,0
1963,1,1714,M,18.5075,Risk:LOW,0,0,1,0,0,0,0,0,0,0,1,0,0,0,1,0,0,0,1,0,0,0,1,0,0,0,1,0
1963,1,1715,F,4.87417,Risk:LOW,0,0,0,0,0,0,0,0,0,0,0,0,0,0,0,0,0,0,0,0,0,0,0,0,0,0,0,0
1963,1,1716,F,43.948,Risk:HIGH,1,0,0,0,0,0,0,0,2,0,0,0,1,0,0,0,1,0,0,0,1,0,0,0,2,0,0,0
1963,1,1717,M,7.59848,Risk:LOW,0,0,0,0,0,0,0,0,0,0,0,0,0,0,0,0,0,0,0,0,0,0,0,0,0,0,0,0
1963,1,1718,F,17.0982,Risk:LOW,0,0,4,0,0,0,1,0,0,0,7,0,0,0,3,0,0,0,4,0,0,0,6,0,0,0,7,0
1963,1,1719,M,17.9877,Risk:LOW,0,0,2,0,0,0,0,0,0,0,2,0,0,0,1,0,0,0,2,0,0,0,2,0,0,0,2,0
1963,1,1720,M,18.4939,Risk:LOW,0,0,1,0,0,0,0,0,0,0,1,0,0,0,1,0,0,0,1,0,0,0,1,0,0,0,1,0
1963,1,1721,F,20.5094,Risk:LOW,0,0,4,0,0,0,0,0,0,0,8,0,0,0,1,0,0,0,4,0,0,0,6,0,0,0,8,0
1963,1,1722,F,10.0919,Risk:LOW,0,0,0,0,0,0,0,0,0,0,0,0,0,0,0,0,0,0,0,0,0,0,0,0,0,0,0,0
1963,1,1723,M,23.171,Risk:LOW,0,0,2,0,0,0,0,0,0,0,3,0,0,0,0,0,0,0,2,0,0,0,2,0,0,0,3,0
1963,1,1724,F,8.03799,Risk:LOW,0,0,0,0,0,0,0,0,0,0,0,0,0,0,0,0,0,0,0,0,0,0,0,0,0,0,0,0
1963,1,1725,F,13.7656,Risk:LOW,0,0,0,0,0,0,0,0,0,0,0,0,0,0,0,0,0,0,0,0,0,0,0,0,0,0,0,0
1963,1,1726,M,30.7962,Risk:LOW,0,0,12,0,0,0,0,0,0,0,18,0,0,0,6,0,0,0,12,0,0,0,15,0,0,0,18,0
1963,1,1727,M,13.2337,Risk:LOW,0,0,0,0,0,0,0,0,0,0,0,0,0,0,0,0,0,0,0,0,0,0,0,0,0,0,0,0
1963,1,1728,F,11.7024,Risk:LOW,0,0,0,0,0,0,0,0,0,0,0,0,0,0,0,0,0,0,0,0,0,0,0,0,0,0,0,0
1963,1,1729,M,27.5509,Risk:LOW,0,0,3,0,0,0,0,0,0,0,8,0,0,0,2,0,0,0,3,0,0,0,3,0,0,0,7,0
1963,1,1730,M,13.4248,Risk:LOW,0,0,0,0,0,0,0,0,0,0,0,0,0,0,0,0,0,0,0,0,0,0,0,0,0,0,0,0
1963,1,1731,M,46.8043,Risk:LOW,0,0,25,0,0,0,1,0,0,0,52,0,0,0,9,0,0,0,23,0,0,0,35,0,0,0,45,0
1963,1,1732,F,36.2035,Risk:LOW,0,0,19,0,0,0,1,0,0,0,38,0,0,0,9,0,0,0,20,0,0,0,26,0,0,0,36,0
1963,1,1733,F,20.6453,Risk:LOW,0,0,2,0,0,0,0,0,0,0,2,0,0,0,1,0,0,0,2,0,0,0,2,0,0,0,2,0
1963,1,1734,F,46.8756,Risk:LOW,0,0,28,0,0,0,1,0,0,0,63,0,0,0,10,0,0,0,27,0,0,0,37,0,0,0,51,0
1963,1,1735,M,27.6665,Risk:LOW,0,0,6,0,0,0,0,0,0,0,11,0,0,0,2,0,0,0,6,0,0,0,8,0,0,0,11,0
1963,1,1736,M,39.4858,Risk:LOW,0,0,22,0,0,0,2,0,0,0,37,0,0,0,14,0,0,0,20,0,0,0,26,0,0,0,36,0
1963,1,1737,F,7.41526,Risk:LOW,0,0,0,0,0,0,0,0,0,0,0,0,0,0,0,0,0,0,0,0,0,0,0,0,0,0,0,0
1963,1,1738,M,10.4174,Risk:LOW,0,0,0,0,0,0,0,0,0,0,0,0,0,0,0,0,0,0,0,0,0,0,0,0,0,0,0,0
1963,1,1739,M,29.8216,Risk:LOW,0,0,8,0,0,0,0,0,0,0,15,0,0,0,4,0,0,0,8,0,0,0,14,0,0,0,15,0
1963,1,1740,F,46.0121,Risk:LOW,0,0,35,0,0,0,0,0,0,0,84,0,0,0,17,0,0,0,33,0,0,0,54,0,0,0,68,0
1964,1,2,F,14.0359,Risk:LOW,0,0,0,0,0,0,0,0,0,0,0,0,0,0,0,0,0,0,0,0,0,0,0,0,0,0,0,0
1964,1,3,F,22.6407,Risk:LOW,0,0,8,0,0,0,0,0,0,0,13,0,0,0,2,0,0,0,8,0,0,0,10,0,0,0,13,0
1964,1,4,M,75.3178,Risk:LOW,0,0,7,0,0,0,1,0,0,0,12,0,0,0,5,0,0,0,7,0,0,0,10,0,0,0,13,0
1964,1,5,M,41.3558,Risk:LOW,0,0,20,0,0,0,1,0,0,0,41,0,0,0,10,0,0,0,20,0,0,0,30,0,0,0,39,0
1964,1,6,M,13.2864,Risk:LOW,0,0,0,0,0,0,0,0,0,0,0,0,0,0,0,0,0,0,0,0,0,0,0,0,0,0,0,0
1964,1,7,F,9.96957,Risk:LOW,0,0,0,0,0,0,0,0,0,0,0,0,0,0,0,0,0,0,0,0,0,0,0,0,0,0,0,0
1964,1,8,F,31.0469,Risk:LOW,0,0,15,0,0,0,0,0,0,0,28,0,0,0,6,0,0,0,14,0,0,0,19,0,0,0,26,0
1964,1,9,F,53.2285,Risk:LOW,0,0,25,0,0,0,1,0,0,0,44,0,0,0,13,0,0,0,23,0,0,0,29,0,0,0,35,0
1964,1,10,M,52.0892,Risk:LOW,0,0,36,0,0,0,1,0,0,0,61,0,0,0,19,0,0,0,35,0,0,0,43,0,0,0,51,0
1964,1,11,M,39.5302,Risk:LOW,0,0,25,0,0,0,0,0,0,0,39,0,0,0,11,0,0,0,24,0,0,0,31,0,0,0,37,0
1964,1,12,M,4.87689,Risk:LOW,0,0,0,0,0,0,0,0,0,0,0,0,0,0,0,0,0,0,0,0,0,0,0,0,0,0,0,0
1964,1,13,M,46.2906,Risk:LOW,0,0,31,0,0,0,0,0,0,0,60,0,0,0,16,0,0,0,30,0,0,0,40,0,0,0,49,0
1964,1,14,M,53.7268,Risk:LOW,0,0,47,0,0,0,2,0,0,0,79,0,0,0,13,0,0,0,43,0,0,0,56,0,0,0,71,0
1964,1,15,F,23.5109,Risk:LOW,0,0,6,0,0,0,0,0,0,0,9,0,0,0,3,0,0,0,6,0,0,0,7,0,0,0,9,0
1964,1,16,M,7.47644,Risk:LOW,0,0,0,0,0,0,0,0,0,0,0,0,0,0,0,0,0,0,0,0,0,0,0,0,0,0,0,0
1964,1,17,M,8.33325,Risk:LOW,0,0,0,0,0,0,0,0,0,0,0,0,0,0,0,0,0,0,0,0,0,0,0,0,0,0,0,0
1964,1,18,M,10.2396,Risk:LOW,0,0,0,0,0,0,0,0,0,0,0,0,0,0,0,0,0,0,0,0,0,0,0,0,0,0,0,0
1964,1,19,M,5.25928,Risk:LOW,0,0,0,0,0,0,0,0,0,0,0,0,0,0,0,0,0,0,0,0,0,0,0,0,0,0,0,0
1964,1,20,M,43.0424,Risk:LOW,0,0,29,0,0,0,0,0,0,0,55,0,0,0,15,0,0,0,28,0,0,0,41,0,0,0,52,0
1964,1,21,M,47.112,Risk:LOW,0,0,28,0,0,0,0,0,0,0,61,0,0,0,12,0,0,0,26,0,0,0,40,0,0,0,52,0
1964,1,22,F,27.0803,Risk:LOW,0,0,9,0,0,0,0,0,0,0,21,0,0,0,7,0,0,0,10,0,0,0,17,0,0,0,21,0
1964,1,23,M,19.3817,Risk:LOW,0,0,0,0,0,0,0,0,0,0,1,0,0,0,0,0,0,0,0,0,0,0,1,0,0,0,1,0
1964,1,24,M,3.61016,Risk:HIGH,0,0,0,0,0,0,0,0,0,0,0,0,0,0,0,0,0,0,0,0,0,0,0,0,0,0,0,0
1964,1,25,F,27.8514,Risk:LOW,0,0,20,0,0,0,0,0,0,0,30,0,0,0,12,0,0,0,21,0,0,0,25,0,0,0,30,0
1964,1,26,M,17.9256,Risk:LOW,0,0,0,0,0,0,0,0,0,0,0,0,0,0,0,0,0,0,0,0,0,0,0,0,0,0,0,0
1964,1,27,F,13.6076,Risk:LOW,0,0,0,0,0,0,0,0,0,0,0,0,0,0,0,0,0,0,0,0,0,0,0,0,0,0,0,0
1964,1,28,M,3.60578,Risk:LOW,0,0,0,0,0,0,0,0,0,0,0,0,0,0,0,0,0,0,0,0,0,0,0,0,0,0,0,0
1964,1,29,F,51.1067,Risk:LOW,0,0,17,0,0,0,1,0,0,0,44,0,0,0,9,0,0,0,17,0,0,0,26,0,0,0,37,0
1964,1,30,M,15.9376,Risk:LOW,0,0,1,0,0,0,0,0,0,0,2,0,0,0,1,0,0,0,1,0,0,0,2,0,0,0,2,0
1964,1,31,F,52.701,Risk:LOW,0,0,24,0,0,0,1,0,0,0,50,0,0,0,9,0,0,0,22,0,0,0,33,0,0,0,42,0
1964,1,32,M,18.4021,Risk:LOW,0,0,0,0,0,0,0,0,0,0,1,0,0,0,0,0,0,0,0,0,0,0,1,0,0,0,1,0
1964,1,33,M,30.8182,Risk:LOW,0,0,7,0,0,0,0,0,0,0,15,0,0,0,5,0,0,0,7,0,0,0,11,0,0,0,15,0
1964,1,34,F,5.42764,Risk:LOW,0,0,0,0,0,0,0,0,0,0,0,0,0,0,0,0,0,0,0,0,0,0,0,0,0,0,0,0
1964,1,35,F,9.59369,Risk:LOW,0,0,0,0,0,0,0,0,0,0,0,0,0,0,0,0,0,0,0,0,0,0,0,0,0,0,0,0
1964,1,36,M,37.9515,Risk:LOW,0,0,22,0,0,0,0,0,0,0,34,0,0,0,11,0,0,0,22,0,0,0,26,0,0,0,35,0
1964,1,37,M,7.47306,Risk:LOW,0,0,0,0,0,0,0,0,0,0,0,0,0,0,0,0,0,0,0,0,0,0,0,0,0,0,0,0
1964,1,38,M,28.5608,Risk:LOW,0,0,3,0,0,0,0,0,0,0,10,0,0,0,2,0,0,0,3,0,0,0,8,0,0,0,10,0
1964,1,39,M,16.7856,Risk:LOW,0,0,0,0,0,0,0,0,0,0,0,0,0,0,0,0,0,0,0,0,0,0,0,0,0,0,0,0
1964,1,40,F,18.3593,Risk:LOW,0,0,1,0,0,0,0,0,0,0,2,0,0,0,0,0,0,0,1,0,0,0,1,0,0,0,2,0
1964,1,41,M,13.5248,Risk:LOW,0,0,0,0,0,0,0,0,0,0,0,0,0,0,0,0,0,0,0,0,0,0,0,0,0,0,0,0
1964,1,42,F,26.7142,Risk:LOW,0,0,14,0,0,0,0,0,0,0,23,0,0,0,8,0,0,0,13,0,0,0,19,0,0,0,21,0
1964,1,43,M,39.286,Risk:LOW,0,0,23,0,0,0,0,0,0,0,41,0,0,0,12,0,0,0,21,0,0,0,29,0,0,0,36,0
1964,1,44,F,10.0819,Risk:LOW,0,0,0,0,0,0,0,0,0,0,0,0,0,0,0,0,0,0,0,0,0,0,0,0,0,0,0,0
1964,1,45,M,61.9097,Risk:LOW,0,0,20,0,0,0,1,0,0,0,42,0,0,0,15,0,0,0,22,0,0,0,29,0,0,0,40,0
1964,1,46,F,15.3091,Risk:LOW,0,0,2,0,0,0,0,0,0,0,3,0,0,0,0,0,0,0,2,0,0,0,3,0,0,0,3,0
1964,1,47,M,9.69014,Risk:LOW,0,0,0,0,0,0,0,0,0,0,0,0,0,0,0,0,0,0,0,0,0,0,0,0,0,0,0,0
1964,1,48,M,13.7379,Risk:LOW,0,0,0,0,0,0,0,0,0,0,0,0,0,0,0,0,0,0,0,0,0,0,0,0,0,0,0,0
1964,1,49,M,4.78712,Risk:LOW,0,0,0,0,0,0,0,0,0,0,0,0,0,0,0,0,0,0,0,0,0,0,0,0,0,0,0,0
1964,1,50,F,33.2411,Risk:LOW,0,0,15,0,0,0,0,0,0,0,34,0,0,0,8,0,0,0,15,0,0,0,24,0,0,0,33,0
1964,1,51,F,15.3482,Risk:LOW,0,0,0,0,0,0,0,0,0,0,0,0,0,0,0,0,0,0,0,0,0,0,0,0,0,0,0,0
1964,1,52,F,31.953,Risk:LOW,0,0,19,0,0,0,1,0,0,0,31,0,0,0,10,0,0,0,18,0,0,0,22,0,0,0,29,0
1964,1,53,M,6.57237,Risk:LOW,0,0,0,0,0,0,0,0,0,0,0,0,0,0,0,0,0,0,0,0,0,0,0,0,0,0,0,0
1964,1,54,M,52.9959,Risk:LOW,0,0,45,0,0,0,0,0,0,0,72,0,0,0,21,0,0,0,41,0,0,0,53,0,0,0,61,0
1964,1,55,M,45.65,Risk:LOW,0,0,29,0,0,0,1,0,0,0,52,0,0,0,14,0,0,0,25,0,0,0,36,0,0,0,45,0
1964,1,56,M,31.5358,Risk:LOW,0,0,10,0,0,0,1,0,0,0,19,0,0,0,5,0,0,0,10,0,0,0,18,0,0,0,19,0
1964,1,57,M,47.4383,Risk:LOW,0,0,28,0,0,0,0,0,0,0,60,0,0,0,13,0,0,0,26,0,0,0,43,0,0,0,51,0
1964,1,58,M,23.6307,Risk:LOW,0,0,2,0,0,0,0,0,0,0,6,0,0,0,2,0,0,0,2,0,0,0,6,0,0,0,6,0
1964,1,59,M,36.207,Risk:LOW,0,0,19,0,0,0,2,0,0,0,35,0,0,0,12,0,0,0,19,0,0,0,24,0,0,0,32,0
1964,1,60,F,15.2143,Risk:LOW,0,0,4,0,0,0,0,0,0,0,4,0,0,0,3,0,0,0,4,0,0,0,4,0,0,0,4,0
1964,1,61,F,21.3575,Risk:LOW,0,0,5,0,0,0,0,0,0,0,8,0,0,0,1,0,0,0,5,0,0,0,7,0,0,0,8,0
1964,1,62,M,50.6511,Risk:LOW,0,0,37,0,0,0,1,0,0,0,78,0,0,0,16,0,0,0,34,0,0,0,46,0,0,0,60,0
1964,1,63,M,3.57115,Risk:LOW,0,0,0,0,0,0,0,0,0,0,0,0,0,0,0,0,0,0,0,0,0,0,0,0,0,0,0,0
1964,1,64,M,10.6179,Risk:LOW,0,0,0,0,0,0,0,0,0,0,0,0,0,0,0,0,0,0,0,0,0,0,0,0,0,0,0,0
1964,1,65,M,33.0802,Risk:LOW,0,0,11,0,0,0,0,0,0,0,27,0,0,0,7,0,0,0,12,0,0,0,22,0,0,0,28,0
1964,1,66,M,27.7782,Risk:HIGH,8,0,0,0,1,0,0,0,16,0,0,0,3,0,0,0,4,0,0,0,5,0,0,0,5,0,0,0
1964,1,67,M,20.6422,Risk:LOW,0,0,1,0,0,0,0,0,0,0,3,0,0,0,0,0,0,0,1,0,0,0,2,0,0,0,3,0
1964,1,68,F,37.6034,Risk:LOW,0,0,26,0,0,0,1,0,0,0,49,0,0,0,17,0,0,0,25,0,0,0,34,0,0,0,42,0
1964,1,69,F,20.3547,Risk:LOW,0,0,6,0,0,0,0,0,0,0,8,0,0,0,4,0,0,0,6,0,0,0,6,0,0,0,9,0
1964,1,70,F,43.3124,Risk:HIGH,1,0,0,0,0,0,0,0,1,0,0,0,1,0,0,0,1,0,0,0,1,0,0,0,1,0,0,0
1964,1,71,M,5.56477,Risk:LOW,0,0,0,0,0,0,0,0,0,0,0,0,0,0,0,0,0,0,0,0,0,0,0,0,0,0,0,0
1964,1,72,F,34.8817,Risk:LOW,0,0,23,0,0,0,0,0,0,0,51,0,0,0,12,0,0,0,23,0,0,0,34,0,0,0,47,0
1964,1,73,M,47.9274,Risk:LOW,0,0,45,0,0,0,0,0,0,0,75,0,0,0,26,0,0,0,40,0,0,0,52,0,0,0,60,0
1964,1,74,F,21.1707,Risk:LOW,0,0,3,0,0,0,0,0,0,0,7,0,0,0,1,0,0,0,3,0,0,0,6,0,0,0,7,0
1964,1,75,F,32.0671,Risk:LOW,0,0,17,0,0,0,0,0,0,0,31,0,0,0,12,0,0,0,17,0,0,0,23,0,0,0,30,0
1964,1,76,F,56.8848,Risk:LOW,0,0,13,0,0,0,0,0,0,0,25,0,0,0,7,0,0,0,13,0,0,0,19,0,0,0,23,0
1964,1,77,M,13.3542,Risk:LOW,0,0,0,0,0,0,0,0,0,0,0,0,0,0,0,0,0,0,0,0,0,0,0,0,0,0,0,0
1964,1,78,M,50.9109,Risk:LOW,0,0,26,0,0,0,0,0,0,0,64,0,0,0,11,0,0,0,25,0,0,0,36,0,0,0,52,0
1964,1,79,M,8.79679,Risk:LOW,0,0,0,0,0,0,0,0,0,0,0,0,0,0,0,0,0,0,0,0,0,0,0,0,0,0,0,0
1964,1,80,F,49.1892,Risk:LOW,0,0,36,0,0,0,1,0,0,0,62,0,0,0,19,0,0,0,30,0,0,0,40,0,0,0,47,0
1964,1,81,M,5.2772,Risk:LOW,0,0,0,0,0,0,0,0,0,0,0,0,0,0,0,0,0,0,0,0,0,0,0,0,0,0,0,0
1964,1,82,M,9.93743,Risk:LOW,0,0,0,0,0,0,0,0,0,0,0,0,0,0,0,0,0,0,0,0,0,0,0,0,0,0,0,0
1964,1,83,F,5.12974,Risk:LOW,0,0,0,0,0,0,0,0,0,0,0,0,0,0,0,0,0,0,0,0,0,0,0,0,0,0,0,0
1964,1,84,F,8.95445,Risk:LOW,0,0,0,0,0,0,0,0,0,0,0,0,0,0,0,0,0,0,0,0,0,0,0,0,0,0,0,0
1964,1,85,M,25.2894,Risk:LOW,0,0,1,0,0,0,0,0,0,0,2,0,0,0,0,0,0,0,1,0,0,0,1,0,0,0,2,0
1964,1,86,M,25.7827,Risk:LOW,0,0,8,0,0,0,0,0,0,0,14,0,0,0,6,0,0,0,8,0,0,0,14,0,0,0,14,0
1964,1,87,M,63.8523,Risk:LOW,0,0,5,0,0,0,0,0,0,0,6,0,0,0,2,0,0,0,5,0,0,0,6,0,0,0,6,0
1964,1,88,F,10.9166,Risk:LOW,0,0,0,0,0,0,0,0,0,0,0,0,0,0,0,0,0,0,0,0,0,0,0,0,0,0,0,0
1964,1,89,M,43.6944,Risk:LOW,0,0,23,0,0,0,2,0,0,0,49,0,0,0,11,0,0,0,24,0,0,0,40,0,0,0,48,0
1964,1,90,F,16.8354,Risk:LOW,0,0,2,0,0,0,0,0,0,0,6,0,0,0,0,0,0,0,2,0,0,0,4,0,0,0,6,0
1964,1,91,M,14.5111,Risk:LOW,0,0,0,0,0,0,0,0,0,0,0,0,0,0,0,0,0,0,0,0,0,0,0,0,0,0,0,0
1964,1,92,F,25.8868,Risk:LOW,0,0,14,0,0,0,0,0,0,0,25,0,0,0,6,0,0,0,14,0,0,0,18,0,0,0,25,0
1964,1,93,M,44.9037,Risk:LOW,0,0,29,0,0,0,1,0,0,0,56,0,0,0,12,0,0,0,26,0,0,0,40,0,0,0,48,0
1964,1,94,M,4.35128,Risk:LOW,0,0,0,0,0,0,0,0,0,0,0,0,0,0,0,0,0,0,0,0,0,0,0,0,0,0,0,0
1964,1,95,M,30.3244,Risk:LOW,0,0,13,0,0,0,0,0,0,0,23,0,0,0,7,0,0,0,13,0,0,0,19,0,0,0,23,0
1964,1,96,F,8.29582,Risk:LOW,0,0,0,0,0,0,0,0,0,0,0,0,0,0,0,0,0,0,0,0,0,0,0,0,0,0,0,0
1964,1,97,M,40.4026,Risk:LOW,0,0,22,0,0,0,2,0,0,0,38,0,0,0,15,0,0,0,22,0,0,0,30,0,0,0,35,0
1964,1,98,M,16.6178,Risk:LOW,0,0,0,0,0,0,0,0,0,0,0,0,0,0,0,0,0,0,0,0,0,0,0,0,0,0,0,0
1964,1,99,M,48.662,Risk:LOW,0,0,34,0,0,0,0,0,0,0,80,0,0,0,17,0,0,0,28,0,0,0,44,0,0,0,62,0
1964,1,100,M,56.9563,Risk:LOW,0,0,42,0,0,0,1,0,0,0,87,0,0,0,26,0,0,0,39,0,0,0,56,0,0,0,71,0
1964,1,101,F,25.3413,Risk:LOW,0,0,9,0,0,0,0,0,0,0,16,0,0,0,7,0,0,0,9,0,0,0,13,0,0,0,16,0
1964,1,102,M,58.7894,Risk:LOW,0,0,34,0,0,0,1,0,0,0,64,0,0,0,16,0,0,0,33,0,0,0,46,0,0,0,56,0
1964,1,103,F,35.5983,Risk:LOW,0,0,29,0,0,0,1,0,0,0,49,0,0,0,18,0,0,0,28,0,0,0,36,0,0,0,48,0
1964,1,104,F,57.5567,Risk:LOW,0,0,11,0,0,0,0,0,0,0,22,0,0,0,5,0,0,0,13,0,0,0,18,0,0,0,20,0
1964,1,105,F,20.5228,Risk:LOW,0,0,7,0,0,0,1,0,0,0,11,0,0,0,4,0,0,0,7,0,0,0,11,0,0,0,11,0
1964,1,106,M,14.0937,Risk:LOW,0,0,0,0,0,0,0,0,0,0,0,0,0,0,0,0,0,0,0,0,0,0,0,0,0,0,0,0
1964,1,107,F,7.19857,Risk:LOW,0,0,0,0,0,0,0,0,0,0,0,0,0,0,0,0,0,0,0,0,0,0,0,0,0,0,0,0
1964,1,108,F,38.0155,Risk:LOW,0,0,25,0,0,0,0,0,0,0,47,0,0,0,13,0,0,0,25,0,0,0,32,0,0,0,43,0
1964,1,109,F,7.32257,Risk:LOW,0,0,0,0,0,0,0,0,0,0,0,0,0,0,0,0,0,0,0,0,0,0,0,0,0,0,0,0
1964,1,110,F,51.258,Risk:LOW,0,0,25,0,0,0,1,0,0,0,55,0,0,0,13,0,0,0,22,0,0,0,28,0,0,0,40,0
1964,1,111,M,22.0389,Risk:LOW,0,0,0,0,0,0,0,0,0,0,3,0,0,0,0,0,0,0,0,0,0,0,1,0,0,0,3,0
1964,1,112,M,32.931,Risk:LOW,0,0,14,0,0,0,1,0,0,0,19,0,0,0,5,0,0,0,15,0,0,0,16,0,0,0,19,0
1964,1,113,F,15.1844,Risk:LOW,0,0,6,0,0,0,0,0,0,0,8,0,0,0,2,0,0,0,6,0,0,0,7,0,0,0,8,0
1964,1,114,F,50.6125,Risk:LOW,0,0,28,0,0,0,1,0,0,0,52,0,0,0,14,0,0,0,26,0,0,0,36,0,0,0,44,0
1964,1,115,F,44.6222,Risk:LOW,0,0,51,0,0,0,1,0,0,0,98,0,0,0,25,0,0,0,46,0,0,0,61,0,0,0,75,0
1964,1,116,M,4.78755,Risk:LOW,0,0,0,0,0,0,0,0,0,0,0,0,0,0,0,0,0,0,0,0,0,0,0,0,0,0,0,0
1964,1,117,F,6.89378,Risk:LOW,0,0,0,0,0,0,0,0,0,0,0,0,0,0,0,0,0,0,0,0,0,0,0,0,0,0,0,0
1964,1,118,M,31.0776,Risk:LOW,0,0,11,0,0,0,0,0,0,0,25,0,0,0,6,0,0,0,11,0,0,0,20,0,0,0,25,0
1964,1,119,M,36.9817,Risk:LOW,0,0,21,0,0,0,0,0,0,0,40,0,0,0,12,0,0,0,20,0,0,0,32,0,0,0,37,0
1964,1,120,F,30.1471,Risk:LOW,0,0,17,0,0,0,1,0,0,0,32,0,0,0,7,0,0,0,18,0,0,0,25,0,0,0,29,0
1964,1,121,M,13.9385,Risk:LOW,0,0,0,0,0,0,0,0,0,0,0,0,0,0,0,0,0,0,0,0,0,0,0,0,0,0,0,0
1964,1,122,M,5.72848,Risk:LOW,0,0,0,0,0,0,0,0,0,0,0,0,0,0,0,0,0,0,0,0,0,0,0,0,0,0,0,0
1964,1,123,F,8.48674,Risk:LOW,0,0,0,0,0,0,0,0,0,0,0,0,0,0,0,0,0,0,0,0,0,0,0,0,0,0,0,0
1964,1,124,F,13.1147,Risk:LOW,0,0,0,0,0,0,0,0,0,0,0,0,0,0,0,0,0,0,0,0,0,0,0,0,0,0,0,0
1964,1,125,F,12.0999,Risk:LOW,0,0,0,0,0,0,0,0,0,0,0,0,0,0,0,0,0,0,0,0,0,0,0,0,0,0,0,0
1964,1,126,F,49.966,Risk:LOW,0,0,39,0,0,0,2,0,0,0,73,0,0,0,18,0,0,0,36,0,0,0,51,0,0,0,60,0
1964,1,127,F,67.0062,Risk:LOW,0,0,2,0,0,0,0,0,0,0,5,0,0,0,1,0,0,0,2,0,0,0,4,0,0,0,5,0
1964,1,128,M,27.2794,Risk:LOW,0,0,4,0,0,0,1,0,0,0,7,0,0,0,2,0,0,0,4,0,0,0,5,0,0,0,8,0
1964,1,129,F,41.147,Risk:LOW,0,0,20,0,0,0,0,0,0,0,40,0,0,0,13,0,0,0,19,0,0,0,27,0,0,0,34,0
1964,1,130,F,5.65718,Risk:LOW,0,0,0,0,0,0,0,0,0,0,0,0,0,0,0,0,0,0,0,0,0,0,0,0,0,0,0,0
1964,1,131,F,10.8563,Risk:LOW,0,0,0,0,0,0,0,0,0,0,0,0,0,0,0,0,0,0,0,0,0,0,0,0,0,0,0,0
1964,1,132,M,20.9229,Risk:LOW,0,0,1,0,0,0,0,0,0,0,2,0,0,0,0,0,0,0,1,0,0,0,2,0,0,0,2,0
1964,1,133,M,36.2332,Risk:LOW,0,0,11,0,0,0,0,0,0,0,22,0,0,0,4,0,0,0,11,0,0,0,16,0,0,0,21,0
1964,1,134,F,16.9928,Risk:LOW,0,0,0,0,0,0,0,0,0,0,4,0,0,0,0,0,0,0,0,0,0,0,1,0,0,0,5,0
1964,1,135,M,52.1536,Risk:LOW,0,0,35,0,0,0,0,0,0,0,56,0,0,0,16,0,0,0,27,0,0,0,37,0,0,0,45,0
1964,1,136,F,11.625,Risk:LOW,0,0,0,0,0,0,0,0,0,0,0,0,0,0,0,0,0,0,0,0,0,0,0,0,0,0,0,0
1964,1,137,F,79.2347,Risk:LOW,0,0,3,0,0,0,0,0,0,0,8,0,0,0,2,0,0,0,3,0,0,0,5,0,0,0,8,0
1964,1,138,F,14.9837,Risk:LOW,0,0,0,0,0,0,0,0,0,0,0,0,0,0,0,0,0,0,0,0,0,0,0,0,0,0,0,0
1964,1,139,F,33.1599,Risk:LOW,0,0,20,0,0,0,1,0,0,0,35,0,0,0,11,0,0,0,19,0,0,0,26,0,0,0,31,0
1964,1,140,F,66.0547,Risk:LOW,0,0,2,0,0,0,0,0,0,0,5,0,0,0,0,0,0,0,2,0,0,0,3,0,0,0,4,0
1964,1,141,M,15.0951,Risk:HIGH,0,0,0,0,0,0,0,0,0,0,0,0,0,0,0,0,0,0,0,0,0,0,0,0,0,0,0,0
1964,1,142,F,29.4352,Risk:LOW,0,0,8,0,0,0,0,0,0,0,20,0,0,0,5,0,0,0,8,0,0,0,17,0,0,0,20,0
1964,1,143,M,5.80096,Risk:HIGH,0,0,0,0,0,0,0,0,0,0,0,0,0,0,0,0,0,0,0,0,0,0,0,0,0,0,0,0
1964,1,144,F,9.18198,Risk:LOW,0,0,0,0,0,0,0,0,0,0,0,0,0,0,0,0,0,0,0,0,0,0,0,0,0,0,0,0
1964,1,145,M,31.3473,Risk:LOW,0,0,11,0,0,0,0,0,0,0,20,0,0,0,4,0,0,0,10,0,0,0,14,0,0,0,17,0
1964,1,146,F,9.40232,Risk:LOW,0,0,0,0,0,0,0,0,0,0,0,0,0,0,0,0,0,0,0,0,0,0,0,0,0,0,0,0
1964,1,147,M,62.9209,Risk:LOW,0,0,5,0,0,0,0,0,0,0,22,0,0,0,1,0,0,0,6,0,0,0,13,0,0,0,23,0
1964,1,148,M,78.7909,Risk:LOW,0,0,5,0,0,0,0,0,0,0,9,0,0,0,2,0,0,0,5,0,0,0,7,0,0,0,10,0
1964,1,149,F,35.9683,Risk:LOW,0,0,26,0,0,0,0,0,0,0,51,0,0,0,14,0,0,0,25,0,0,0,37,0,0,0,49,0
1964,1,150,M,56.2301,Risk:LOW,0,0,38,0,0,0,1,0,0,0,76,0,0,0,14,0,0,0,36,0,0,0,52,0,0,0,70,0
1964,1,151,M,26.0511,Risk:HIGH,7,0,0,0,1,0,0,0,16,0,0,0,2,0,0,0,2,0,0,0,3,0,0,0,4,0,0,0
1964,1,152,F,5.76723,Risk:LOW,0,0,0,0,0,0,0,0,0,0,0,0,0,0,0,0,0,0,0,0,0,0,0,0,0,0,0,0
1964,1,153,F,32.4029,Risk:LOW,0,0,15,0,0,0,1,0,0,0,27,0,0,0,11,0,0,0,15,0,0,0,21,0,0,0,28,0
1964,1,154,F,27.4202,Risk:LOW,0,0,12,0,0,0,0,0,0,0,21,0,0,0,5,0,0,0,12,0,0,0,19,0,0,0,22,0
1964,1,155,F,12.1004,Risk:LOW,0,0,0,0,0,0,0,0,0,0,0,0,0,0,0,0,0,0,0,0,0,0,0,0,0,0,0,0
1964,1,156,M,70.6167,Risk:LOW,0,0,9,0,0,0,1,0,0,0,12,0,0,0,5,0,0,0,9,0,0,0,11,0,0,0,12,0
1964,1,157,F,37.7949,Risk:LOW,0,0,22,0,0,0,2,0,0,0,46,0,0,0,16,0,0,0,21,0,0,0,31,0,0,0,43,0
1964,1,158,F,6.21166,Risk:LOW,0,0,0,0,0,0,0,0,0,0,0,0,0,0,0,0,0,0,0,0,0,0,0,0,0,0,0,0
1964,1,159,F,12.1497,Risk:LOW,0,0,0,0,0,0,0,0,0,0,0,0,0,0,0,0,0,0,0,0,0,0,0,0,0,0,0,0
1964,1,160,F,42.1172,Risk:LOW,0,0,31,0,0,0,0,0,0,0,53,0,0,0,17,0,0,0,28,0,0,0,40,0,0,0,48,0
1964,1,161,F,46.8168,Risk:LOW,0,0,22,0,0,0,0,0,0,0,47,0,0,0,12,0,0,0,19,0,0,0,30,0,0,0,44,0
1964,1,162,F,47.1612,Risk:LOW,0,0,10,0,0,0,1,0,0,0,34,0,0,0,6,0,0,0,10,0,0,0,23,0,0,0,29,0
1964,1,163,M,8.53363,Risk:LOW,0,0,0,0,0,0,0,0,0,0,0,0,0,0,0,0,0,0,0,0,0,0,0,0,0,0,0,0
1964,1,164,M,52.9749,Risk:LOW,0,0,24,0,0,0,1,0,0,0,56,0,0,0,14,0,0,0,25,0,0,0,36,0,0,0,48,0
1964,1,165,M,7.91261,Risk:LOW,0,0,0,0,0,0,0,0,0,0,0,0,0,0,0,0,0,0,0,0,0,0,0,0,0,0,0,0
1964,1,166,M,46.197,Risk:LOW,0,0,25,0,0,0,0,0,0,0,50,0,0,0,12,0,0,0,24,0,0,0,37,0,0,0,47,0
1964,1,167,M,71.2571,Risk:LOW,0,0,6,0,0,0,0,0,0,0,8,0,0,0,2,0,0,0,6,0,0,0,8,0,0,0,8,0
1964,1,168,F,7.62713,Risk:HIGH,0,0,0,0,0,0,0,0,0,0,0,0,0,0,0,0,0,0,0,0,0,0,0,0,0,0,0,0
1964,1,169,M,45.7001,Risk:LOW,0,0,31,0,0,0,1,0,0,0,53,0,0,0,17,0,0,0,31,0,0,0,38,0,0,0,53,0
1964,1,170,M,12.1931,Risk:LOW,0,0,0,0,0,0,0,0,0,0,0,0,0,0,0,0,0,0,0,0,0,0,0,0,0,0,0,0
1964,1,171,F,19.4582,Risk:LOW,0,0,4,0,0,0,0,0,0,0,7,0,0,0,2,0,0,0,4,0,0,0,6,0,0,0,7,0
1964,1,172,F,12.9734,Risk:LOW,0,0,0,0,0,0,0,0,0,0,0,0,0,0,0,0,0,0,0,0,0,0,0,0,0,0,0,0
1964,1,173,F,43.4052,Risk:LOW,0,0,31,0,0,0,1,0,0,0,77,0,0,0,15,0,0,0,30,0,0,0,56,0,0,0,65,0
1964,1,174,F,18.864,Risk:LOW,0,0,2,0,0,0,0,0,0,0,6,0,0,0,1,0,0,0,2,0,0,0,4,0,0,0,6,0
1964,1,175,F,17.3979,Risk:LOW,0,0,2,0,0,0,0,0,0,0,5,0,0,0,1,0,0,0,2,0,0,0,5,0,0,0,5,0
1964,1,176,F,58.5963,Risk:LOW,0,0,13,0,0,0,0,0,0,0,30,0,0,0,4,0,0,0,13,0,0,0,22,0,0,0,26,0
1964,1,177,M,76.8864,Risk:LOW,0,0,5,0,0,0,0,0,0,0,10,0,0,0,2,0,0,0,5,0,0,0,6,0,0,0,8,0
1964,1,178,M,47.5203,Risk:LOW,0,0,23,0,0,0,0,0,0,0,48,0,0,0,12,0,0,0,24,0,0,0,32,0,0,0,43,0
1964,1,179,M,16.3972,Risk:LOW,0,0,0,0,0,0,0,0,0,0,0,0,0,0,0,0,0,0,0,0,0,0,0,0,0,0,0,0
1964,1,180,M,7.52895,Risk:LOW,0,0,0,0,0,0,0,0,0,0,0,0,0,0,0,0,0,0,0,0,0,0,0,0,0,0,0,0
1964,1,181,F,5.64529,Risk:LOW,0,0,0,0,0,0,0,0,0,0,0,0,0,0,0,0,0,0,0,0,0,0,0,0,0,0,0,0
1964,1,182,M,16.8891,Risk:LOW,0,0,2,0,0,0,0,0,0,0,3,0,0,0,0,0,0,0,2,0,0,0,3,0,0,0,3,0
1964,1,183,M,28.0688,Risk:LOW,0,0,7,0,0,0,0,0,0,0,15,0,0,0,3,0,0,0,7,0,0,0,8,0,0,0,16,0
1964,1,184,M,20.1887,Risk:LOW,0,0,2,0,0,0,0,0,0,0,3,0,0,0,1,0,0,0,3,0,0,0,3,0,0,0,3,0
1964,1,185,F,6.01072,Risk:LOW,0,0,0,0,0,0,0,0,0,0,0,0,0,0,0,0,0,0,0,0,0,0,0,0,0,0,0,0
1964,1,186,M,70.2647,Risk:LOW,0,0,2,0,0,0,0,0,0,0,6,0,0,0,1,0,0,0,2,0,0,0,5,0,0,0,6,0
1964,1,187,M,11.3247,Risk:LOW,0,0,0,0,0,0,0,0,0,0,0,0,0,0,0,0,0,0,0,0,0,0,0,0,0,0,0,0
1964,1,188,F,23.5131,Risk:LOW,0,0,6,0,0,0,1,0,0,0,13,0,0,0,5,0,0,0,6,0,0,0,9,0,0,0,12,0
1964,1,189,F,67.8249,Risk:LOW,0,0,4,0,0,0,0,0,0,0,11,0,0,0,2,0,0,0,4,0,0,0,7,0,0,0,11,0
1964,1,190,F,20.3229,Risk:LOW,0,0,4,0,0,0,0,0,0,0,5,0,0,0,2,0,0,0,4,0,0,0,4,0,0,0,5,0
1964,1,191,F,37.8012,Risk:LOW,0,0,26,0,0,0,1,0,0,0,47,0,0,0,13,0,0,0,24,0,0,0,34,0,0,0,43,0
1964,1,192,F,25.7394,Risk:LOW,0,0,5,0,0,0,0,0,0,0,12,0,0,0,3,0,0,0,6,0,0,0,9,0,0,0,12,0
1964,1,193,F,12.8121,Risk:LOW,0,0,0,0,0,0,0,0,0,0,0,0,0,0,0,0,0,0,0,0,0,0,0,0,0,0,0,0
1964,1,194,F,3.79155,Risk:LOW,0,0,0,0,0,0,0,0,0,0,0,0,0,0,0,0,0,0,0,0,0,0,0,0,0,0,0,0
1964,1,195,F,23.3609,Risk:LOW,0,0,5,0,0,0,0,0,0,0,11,0,0,0,2,0,0,0,5,0,0,0,8,0,0,0,11,0
1964,1,196,M,38.8287,Risk:LOW,0,0,27,0,0,0,1,0,0,0,48,0,0,0,18,0,0,0,26,0,0,0,31,0,0,0,44,0
1964,1,197,F,27.5552,Risk:LOW,0,0,8,0,0,0,0,0,0,0,19,0,0,0,2,0,0,0,8,0,0,0,15,0,0,0,19,0
1964,1,198,F,55.8817,Risk:LOW,0,0,11,0,0,0,0,0,0,0,25,0,0,0,6,0,0,0,11,0,0,0,18,0,0,0,23,0
1964,1,199,F,79.0699,Risk:LOW,0,0,5,0,0,0,0,0,0,0,11,0,0,0,3,0,0,0,5,0,0,0,7,0,0,0,10,0
1964,1,200,M,18.3016,Risk:LOW,0,0,1,0,0,0,0,0,0,0,1,0,0,0,0,0,0,0,1,0,0,0,1,0,0,0,1,0
1964,1,201,M,15.7841,Risk:LOW,0,0,0,0,0,0,0,0,0,0,0,0,0,0,0,0,0,0,0,0,0,0,0,0,0,0,0,0
1964,1,202,F,29.8305,Risk:LOW,0,0,11,0,0,0,0,0,0,0,20,0,0,0,7,0,0,0,11,0,0,0,14,0,0,0,20,0
1964,1,203,F,42.0882,Risk:LOW,0,0,26,0,0,0,1,0,0,0,45,0,0,0,14,0,0,0,24,0,0,0,33,0,0,0,42,0
1964,1,204,F,35.9071,Risk:LOW,0,0,25,0,0,0,1,0,0,0,47,0,0,0,14,0,0,0,23,0,0,0,27,0,0,0,42,0
1964,1,205,F,58.0747,Risk:LOW,0,0,15,0,0,0,1,0,0,0,26,0,0,0,5,0,0,0,12,0,0,0,16,0,0,0,20,0
1964,1,206,F,19.1943,Risk:LOW,0,0,0,0,0,0,0,0,0,0,4,0,0,0,0,0,0,0,0,0,0,0,1,0,0,0,4,0
1964,1,207,F,9.9972,Risk:LOW,0,0,0,0,0,0,0,0,0,0,0,0,0,0,0,0,0,0,0,0,0,0,0,0,0,0,0,0
1964,1,208,F,26.3746,Risk:LOW,0,0,8,0,0,0,0,0,0,0,17,0,0,0,4,0,0,0,9,0,0,0,11,0,0,0,17,0
1964,1,209,F,23.4729,Risk:LOW,0,0,7,0,0,0,0,0,0,0,15,0,0,0,5,0,0,0,7,0,0,0,11,0,0,0,15,0
1964,1,210,M,52.728,Risk:LOW,0,0,40,0,0,0,2,0,0,0,71,0,0,0,24,0,0,0,36,0,0,0,46,0,0,0,60,0
1964,1,211,F,15.5288,Risk:LOW,0,0,0,0,0,0,0,0,0,0,0,0,0,0,0,0,0,0,0,0,0,0,0,0,0,0,0,0
1964,1,212,F,26.1829,Risk:HIGH,32,0,0,0,2,0,0,0,61,0,0,0,12,0,0,0,13,0,0,0,13,0,0,0,15,0,0,0
1964,1,213,M,55.8573,Risk:LOW,0,0,28,0,0,0,0,0,0,0,74,0,0,0,17,0,0,0,28,0,0,0,44,0,0,0,59,0
1964,1,214,F,23.3852,Risk:LOW,0,0,6,0,0,0,0,0,0,0,10,0,0,0,4,0,0,0,6,0,0,0,9,0,0,0,10,0
1964,1,215,F,13.5265,Risk:LOW,0,0,0,0,0,0,0,0,0,0,0,0,0,0,0,0,0,0,0,0,0,0,0,0,0,0,0,0
1964,1,216,M,19.2592,Risk:LOW,0,0,2,0,0,0,0,0,0,0,5,0,0,0,0,0,0,0,2,0,0,0,4,0,0,0,5,0
1964,1,217,M,25.9299,Risk:LOW,0,0,9,0,0,0,0,0,0,0,15,0,0,0,3,0,0,0,9,0,0,0,12,0,0,0,15,0
1964,1,218,M,43.0241,Risk:LOW,0,0,33,0,0,0,0,0,0,0,54,0,0,0,18,0,0,0,31,0,0,0,44,0,0,0,50,0
1964,1,219,F,50.8932,Risk:LOW,0,0,26,0,0,0,0,0,0,0,52,0,0,0,13,0,0,0,23,0,0,0,35,0,0,0,41,0
1964,1,220,M,82.4226,Risk:LOW,0,0,2,0,0,0,0,0,0,0,10,0,0,0,0,0,0,0,3,0,0,0,7,0,0,0,9,0
1964,1,221,M,39.7303,Risk:HIGH,5,0,0,0,0,0,0,0,11,0,0,0,3,0,0,0,4,0,0,0,5,0,0,0,6,0,0,0
1964,1,222,F,22.3416,Risk:LOW,0,0,2,0,0,0,0,0,0,0,4,0,0,0,1,0,0,0,2,0,0,0,4,0,0,0,4,0
1964,1,223,F,75.6228,Risk:LOW,0,0,5,0,0,0,0,0,0,0,8,0,0,0,5,0,0,0,6,0,0,0,8,0,0,0,8,0
1964,1,224,F,60.6355,Risk:LOW,0,0,12,0,0,0,1,0,0,0,24,0,0,0,7,0,0,0,13,0,0,0,17,0,0,0,22,0
1964,1,225,M,5.78541,Risk:LOW,0,0,0,0,0,0,0,0,0,0,0,0,0,0,0,0,0,0,0,0,0,0,0,0,0,0,0,0
1964,1,226,M,35.6174,Risk:LOW,0,0,16,0,0,0,1,0,0,0,29,0,0,0,11,0,0,0,15,0,0,0,21,0,0,0,27,0
1964,1,227,M,24.9754,Risk:LOW,0,0,3,0,0,0,0,0,0,0,4,0,0,0,2,0,0,0,3,0,0,0,4,0,0,0,4,0
1964,1,228,F,67.4014,Risk:LOW,0,0,1,0,0,0,0,0,0,0,3,0,0,0,0,0,0,0,1,0,0,0,2,0,0,0,3,0
1964,1,229,M,21.3561,Risk:LOW,0,0,3,0,0,0,0,0,0,0,5,0,0,0,2,0,0,0,3,0,0,0,4,0,0,0,5,0
1964,1,230,F,33.3132,Risk:LOW,0,0,19,0,0,0,0,0,0,0,40,0,0,0,9,0,0,0,19,0,0,0,31,0,0,0,38,0
1964,1,231,F,42.8212,Risk:LOW,0,0,28,0,0,0,1,0,0,0,45,0,0,0,18,0,0,0,25,0,0,0,31,0,0,0,41,0
1964,1,232,F,12.5614,Risk:LOW,0,0,0,0,0,0,0,0,0,0,0,0,0,0,0,0,0,0,0,0,0,0,0,0,0,0,0,0
1964,1,233,F,41.2591,Risk:LOW,0,0,30,0,0,0,2,0,0,0,55,0,0,0,19,0,0,0,30,0,0,0,40,0,0,0,53,0
1964,1,234,F,42.6736,Risk:LOW,0,0,29,0,0,0,3,0,0,0,49,0,0,0,17,0,0,0,24,0,0,0,35,0,0,0,41,0
1964,1,235,M,43.7742,Risk:LOW,0,0,24,0,0,0,1,0,0,0,51,0,0,0,15,0,0,0,23,0,0,0,32,0,0,0,45,0
1964,1,236,M,51.6717,Risk:LOW,0,0,35,0,0,0,0,0,0,0,60,0,0,0,17,0,0,0,32,0,0,0,39,0,0,0,50,0
1964,1,237,M,42.1748,Risk:HIGH,5,0,0,0,0,0,0,0,10,0,0,0,4,0,0,0,5,0,0,0,7,0,0,0,8,0,0,0
1964,1,238,M,41.5,Risk:LOW,0,0,14,0,0,0,0,0,0,0,36,0,0,0,9,0,0,0,13,0,0,0,27,0,0,0,33,0
1964,1,239,M,21.3864,Risk:LOW,0,0,1,0,0,0,0,0,0,0,1,0,0,0,0,0,0,0,1,0,0,0,1,0,0,0,1,0
1964,1,240,F,13.044,Risk:LOW,0,0,0,0,0,0,0,0,0,0,0,0,0,0,0,0,0,0,0,0,0,0,0,0,0,0,0,0
1964,1,241,F,35.8411,Risk:LOW,0,0,18,0,0,0,1,0,0,0,41,0,0,0,13,0,0,0,19,0,0,0,28,0,0,0,38,0
1964,1,242,F,48.6842,Risk:LOW,0,0,42,0,0,0,1,0,0,0,71,0,0,0,23,0,0,0,38,0,0,0,47,0,0,0,56,0
1964,1,243,M,28.4141,Risk:LOW,0,0,9,0,0,0,0,0,0,0,15,0,0,0,7,0,0,0,9,0,0,0,12,0,0,0,15,0
1964,1,244,M,75.6486,Risk:LOW,0,0,3,0,0,0,0,0,0,0,6,0,0,0,2,0,0,0,3,0,0,0,4,0,0,0,6,0
1964,1,245,F,51.1899,Risk:LOW,0,0,28,0,0,0,1,0,0,0,46,0,0,0,16,0,0,0,24,0,0,0,29,0,0,0,38,0
1964,1,246,F,11.8264,Risk:LOW,0,0,0,0,0,0,0,0,0,0,0,0,0,0,0,0,0,0,0,0,0,0,0,0,0,0,0,0
1964,1,247,M,66.578,Risk:HIGH,0,0,0,0,0,0,0,0,1,0,0,0,0,0,0,0,1,0,0,0,1,0,0,0,1,0,0,0
1964,1,248,M,51.0092,Risk:LOW,0,0,32,0,0,0,1,0,0,0,57,0,0,0,20,0,0,0,32,0,0,0,44,0,0,0,49,0
1964,1,249,F,9.18169,Risk:LOW,0,0,0,0,0,0,0,0,0,0,0,0,0,0,0,0,0,0,0,0,0,0,0,0,0,0,0,0
1964,1,250,M,39.0327,Risk:LOW,0,0,26,0,0,0,1,0,0,0,45,0,0,0,15,0,0,0,24,0,0,0,35,0,0,0,42,0
1964,1,251,F,37.8486,Risk:LOW,0,0,27,0,0,0,0,0,0,0,49,0,0,0,14,0,0,0,26,0,0,0,33,0,0,0,38,0
1964,1,252,F,63.011,Risk:HIGH,0,0,0,0,0,0,0,0,0,0,0,0,0,0,0,0,0,0,0,0,0,0,0,0,0,0,0,0
1964,1,253,F,10.2359,Risk:LOW,0,0,0,0,0,0,0,0,0,0,0,0,0,0,0,0,0,0,0,0,0,0,0,0,0,0,0,0
1964,1,254,M,7.84188,Risk:LOW,0,0,0,0,0,0,0,0,0,0,0,0,0,0,0,0,0,0,0,0,0,0,0,0,0,0,0,0
1964,1,255,M,6.01637,Risk:LOW,0,0,0,0,0,0,0,0,0,0,0,0,0,0,0,0,0,0,0,0,0,0,0,0,0,0,0,0
1964,1,256,F,25.207,Risk:LOW,0,0,11,0,0,0,0,0,0,0,17,0,0,0,8,0,0,0,11,0,0,0,12,0,0,0,15,0
1964,1,257,M,34.6055,Risk:LOW,0,0,13,0,0,0,0,0,0,0,25,0,0,0,6,0,0,0,14,0,0,0,18,0,0,0,24,0
1964,1,258,M,7.71882,Risk:LOW,0,0,0,0,0,0,0,0,0,0,0,0,0,0,0,0,0,0,0,0,0,0,0,0,0,0,0,0
1964,1,259,F,17.0779,Risk:LOW,0,0,6,0,0,0,0,0,0,0,9,0,0,0,4,0,0,0,6,0,0,0,8,0,0,0,9,0
1964,1,260,F,63.7441,Risk:LOW,0,0,5,0,0,0,0,0,0,0,7,0,0,0,3,0,0,0,5,0,0,0,6,0,0,0,7,0
1964,1,261,M,6.95557,Risk:LOW,0,0,0,0,0,0,0,0,0,0,0,0,0,0,0,0,0,0,0,0,0,0,0,0,0,0,0,0
1964,1,262,F,56.9171,Risk:LOW,0,0,7,0,0,0,0,0,0,0,17,0,0,0,3,0,0,0,8,0,0,0,11,0,0,0,16,0
1964,1,263,M,13.5733,Risk:LOW,0,0,0,0,0,0,0,0,0,0,0,0,0,0,0,0,0,0,0,0,0,0,0,0,0,0,0,0
1964,1,264,F,31.0664,Risk:HIGH,9,0,0,0,0,0,0,0,12,0,0,0,3,0,0,0,6,0,0,0,6,0,0,0,6,0,0,0
1964,1,265,M,4.57099,Risk:LOW,0,0,0,0,0,0,0,0,0,0,0,0,0,0,0,0,0,0,0,0,0,0,0,0,0,0,0,0
1964,1,266,F,10.5979,Risk:LOW,0,0,0,0,0,0,0,0,0,0,0,0,0,0,0,0,0,0,0,0,0,0,0,0,0,0,0,0
1964,1,267,F,40.9677,Risk:LOW,0,0,22,0,0,0,0,0,0,0,39,0,0,0,12,0,0,0,20,0,0,0,29,0,0,0,34,0
1964,1,268,F,66.4053,Risk:HIGH,0,0,0,0,0,0,0,0,0,0,0,0,0,0,0,0,0,0,0,0,0,0,0,0,0,0,0,0
1964,1,269,F,54.9087,Risk:LOW,0,0,13,0,0,0,0,0,0,0,26,0,0,0,5,0,0,0,12,0,0,0,16,0,0,0,24,0
1964,1,270,M,44.4043,Risk:LOW,0,0,31,0,0,0,2,0,0,0,52,0,0,0,12,0,0,0,31,0,0,0,40,0,0,0,48,0
1964,1,271,F,6.44132,Risk:LOW,0,0,0,0,0,0,0,0,0,0,0,0,0,0,0,0,0,0,0,0,0,0,0,0,0,0,0,0
1964,1,272,M,18.2129,Risk:HIGH,8,0,0,0,1,0,0,0,8,0,0,0,1,0,0,0,1,0,0,0,1,0,0,0,1,0,0,0
1964,1,273,F,69.7067,Risk:LOW,0,0,3,0,0,0,0,0,0,0,6,0,0,0,3,0,0,0,3,0,0,0,3,0,0,0,5,0
1964,1,274,F,10.8256,Risk:LOW,0,0,0,0,0,0,0,0,0,0,0,0,0,0,0,0,0,0,0,0,0,0,0,0,0,0,0,0
1964,1,275,F,19.7996,Risk:LOW,0,0,3,0,0,0,0,0,0,0,5,0,0,0,3,0,0,0,3,0,0,0,4,0,0,0,5,0
1964,1,276,M,32.3357,Risk:LOW,0,0,12,0,0,0,1,0,0,0,21,0,0,0,8,0,0,0,12,0,0,0,14,0,0,0,21,0
1964,1,277,F,14.2448,Risk:LOW,0,0,0,0,0,0,0,0,0,0,0,0,0,0,0,0,0,0,0,0,0,0,0,0,0,0,0,0
1964,1,278,M,44.0871,Risk:LOW,0,0,37,0,0,0,1,0,0,0,67,0,0,0,19,0,0,0,34,0,0,0,48,0,0,0,58,0
1964,1,279,M,7.98165,Risk:LOW,0,0,0,0,0,0,0,0,0,0,0,0,0,0,0,0,0,0,0,0,0,0,0,0,0,0,0,0
1964,1,280,M,13.6651,Risk:LOW,0,0,0,0,0,0,0,0,0,0,0,0,0,0,0,0,0,0,0,0,0,0,0,0,0,0,0,0
1964,1,281,M,55.3244,Risk:LOW,0,0,31,0,0,0,1,0,0,0,77,0,0,0,14,0,0,0,29,0,0,0,47,0,0,0,60,0
1964,1,282,M,7.59828,Risk:LOW,0,0,0,0,0,0,0,0,0,0,0,0,0,0,0,0,0,0,0,0,0,0,0,0,0,0,0,0
1964,1,283,M,4.87005,Risk:HIGH,0,0,0,0,0,0,0,0,0,0,0,0,0,0,0,0,0,0,0,0,0,0,0,0,0,0,0,0
1964,1,284,F,41.6847,Risk:LOW,0,0,16,0,0,0,0,0,0,0,39,0,0,0,5,0,0,0,16,0,0,0,30,0,0,0,37,0
1964,1,285,M,63.7468,Risk:LOW,0,0,10,0,0,0,0,0,0,0,15,0,0,0,4,0,0,0,10,0,0,0,12,0,0,0,14,0
1964,1,286,M,56.7183,Risk:LOW,0,0,41,0,0,0,1,0,0,0,78,0,0,0,18,0,0,0,37,0,0,0,52,0,0,0,63,0
1964,1,287,M,34.2644,Risk:LOW,0,0,9,0,0,0,1,0,0,0,19,0,0,0,5,0,0,0,9,0,0,0,11,0,0,0,17,0
1964,1,288,F,4.10881,Risk:LOW,0,0,0,0,0,0,0,0,0,0,0,0,0,0,0,0,0,0,0,0,0,0,0,0,0,0,0,0
1964,1,289,M,44.0483,Risk:LOW,0,0,31,0,0,0,0,0,0,0,56,0,0,0,16,0,0,0,31,0,0,0,38,0,0,0,52,0
1964,1,290,M,11.343,Risk:LOW,0,0,0,0,0,0,0,0,0,0,0,0,0,0,0,0,0,0,0,0,0,0,0,0,0,0,0,0
1964,1,291,M,42.8782,Risk:LOW,0,0,26,0,0,0,0,0,0,0,54,0,0,0,10,0,0,0,25,0,0,0,34,0,0,0,45,0
1964,1,292,M,23.2451,Risk:LOW,0,0,1,0,0,0,0,0,0,0,3,0,0,0,1,0,0,0,1,0,0,0,3,0,0,0,3,0
1964,1,293,M,25.7319,Risk:LOW,0,0,8,0,0,0,0,0,0,0,12,0,0,0,4,0,0,0,8,0,0,0,11,0,0,0,12,0
1964,1,294,F,28.3448,Risk:LOW,0,0,12,0,0,0,0,0,0,0,32,0,0,0,7,0,0,0,12,0,0,0,23,0,0,0,31,0
1964,1,295,F,31.0217,Risk:LOW,0,0,24,0,0,0,0,0,0,0,41,0,0,0,14,0,0,0,22,0,0,0,33,0,0,0,39,0
1964,1,296,M,7.27346,Risk:HIGH,0,0,0,0,0,0,0,0,0,0,0,0,0,0,0,0,0,0,0,0,0,0,0,0,0,0,0,0
1964,1,297,M,10.298,Risk:LOW,0,0,0,0,0,0,0,0,0,0,0,0,0,0,0,0,0,0,0,0,0,0,0,0,0,0,0,0
1964,1,298,M,5.97903,Risk:LOW,0,0,0,0,0,0,0,0,0,0,0,0,0,0,0,0,0,0,0,0,0,0,0,0,0,0,0,0
1964,1,299,M,30.6424,Risk:LOW,0,0,12,0,0,0,0,0,0,0,17,0,0,0,3,0,0,0,11,0,0,0,13,0,0,0,16,0
1964,1,300,F,6.39223,Risk:LOW,0,0,0,0,0,0,0,0,0,0,0,0,0,0,0,0,0,0,0,0,0,0,0,0,0,0,0,0
1964,1,301,F,10.6327,Risk:LOW,0,0,0,0,0,0,0,0,0,0,0,0,0,0,0,0,0,0,0,0,0,0,0,0,0,0,0,0
1964,1,302,M,6.3851,Risk:LOW,0,0,0,0,0,0,0,0,0,0,0,0,0,0,0,0,0,0,0,0,0,0,0,0,0,0,0,0
1964,1,303,F,42.8454,Risk:LOW,0,0,38,0,0,0,1,0,0,0,64,0,0,0,26,0,0,0,35,0,0,0,47,0,0,0,56,0
1964,1,304,M,18.2203,Risk:LOW,0,0,0,0,0,0,0,0,0,0,3,0,0,0,0,0,0,0,0,0,0,0,2,0,0,0,3,0
1964,1,305,M,13.8483,Risk:LOW,0,0,0,0,0,0,0,0,0,0,0,0,0,0,0,0,0,0,0,0,0,0,0,0,0,0,0,0
1964,1,306,M,30.9135,Risk:LOW,0,0,12,0,0,0,0,0,0,0,21,0,0,0,8,0,0,0,13,0,0,0,16,0,0,0,20,0
1964,1,307,F,56.0851,Risk:LOW,0,0,10,0,0,0,1,0,0,0,24,0,0,0,6,0,0,0,10,0,0,0,15,0,0,0,19,0
1964,1,308,M,15.4378,Risk:LOW,0,0,0,0,0,0,0,0,0,0,0,0,0,0,0,0,0,0,0,0,0,0,0,0,0,0,0,0
1964,1,309,F,56.3278,Risk:LOW,0,0,10,0,0,0,0,0,0,0,21,0,0,0,5,0,0,0,9,0,0,0,14,0,0,0,18,0
1964,1,310,M,8.83435,Risk:LOW,0,0,0,0,0,0,0,0,0,0,0,0,0,0,0,0,0,0,0,0,0,0,0,0,0,0,0,0
1964,1,311,F,21.5156,Risk:LOW,0,0,9,0,0,0,0,0,0,0,13,0,0,0,5,0,0,0,9,0,0,0,10,0,0,0,13,0
1964,1,312,F,11.9697,Risk:LOW,0,0,0,0,0,0,0,0,0,0,0,0,0,0,0,0,0,0,0,0,0,0,0,0,0,0,0,0
1964,1,313,M,51.4136,Risk:HIGH,1,0,0,0,0,0,0,0,3,0,0,0,1,0,0,0,1,0,0,0,2,0,0,0,3,0,0,0
1964,1,314,M,30.1116,Risk:LOW,0,0,11,0,0,0,0,0,0,0,17,0,0,0,6,0,0,0,10,0,0,0,12,0,0,0,16,0
1964,1,315,M,30.3836,Risk:LOW,0,0,9,0,0,0,0,0,0,0,17,0,0,0,4,0,0,0,9,0,0,0,12,0,0,0,16,0
1964,1,316,F,41.2146,Risk:LOW,0,0,25,0,0,0,0,0,0,0,48,0,0,0,11,0,0,0,22,0,0,0,32,0,0,0,42,0
1964,1,317,M,67.0221,Risk:LOW,0,0,5,0,0,0,0,0,0,0,11,0,0,0,2,0,0,0,4,0,0,0,7,0,0,0,9,0
1964,1,318,M,38.5101,Risk:LOW,0,0,20,0,0,0,0,0,0,0,35,0,0,0,10,0,0,0,19,0,0,0,26,0,0,0,33,0
1964,1,319,F,54.9117,Risk:LOW,0,0,18,0,0,0,0,0,0,0,34,0,0,0,9,0,0,0,19,0,0,0,28,0,0,0,33,0
1964,1,320,F,36.6122,Risk:LOW,0,0,23,0,0,0,1,0,0,0,42,0,0,0,17,0,0,0,22,0,0,0,30,0,0,0,40,0
1964,1,321,F,49.322,Risk:HIGH,3,0,0,0,0,0,0,0,4,0,0,0,1,0,0,0,3,0,0,0,4,0,0,0,4,0,0,0
1964,1,322,F,54.0372,Risk:LOW,0,0,16,0,0,0,1,0,0,0,39,0,0,0,9,0,0,0,15,0,0,0,23,0,0,0,31,0
1964,1,323,M,11.8302,Risk:LOW,0,0,0,0,0,0,0,0,0,0,0,0,0,0,0,0,0,0,0,0,0,0,0,0,0,0,0,0
1964,1,324,F,65.0386,Risk:LOW,0,0,2,0,0,0,0,0,0,0,3,0,0,0,2,0,0,0,3,0,0,0,3,0,0,0,3,0
1964,1,325,M,36.8949,Risk:LOW,0,0,14,0,0,0,0,0,0,0,27,0,0,0,9,0,0,0,15,0,0,0,19,0,0,0,25,0
1964,1,326,M,12.5052,Risk:LOW,0,0,0,0,0,0,0,0,0,0,0,0,0,0,0,0,0,0,0,0,0,0,0,0,0,0,0,0
1964,1,327,F,28.8765,Risk:LOW,0,0,16,0,0,0,0,0,0,0,33,0,0,0,6,0,0,0,17,0,0,0,23,0,0,0,30,0
1964,1,328,M,30.5936,Risk:LOW,0,0,10,0,0,0,0,0,0,0,18,0,0,0,4,0,0,0,10,0,0,0,17,0,0,0,18,0
1964,1,329,F,63.6272,Risk:HIGH,0,0,0,0,0,0,0,0,0,0,0,0,0,0,0,0,0,0,0,0,0,0,0,0,0,0,0,0
1964,1,330,F,9.73019,Risk:LOW,0,0,0,0,0,0,0,0,0,0,0,0,0,0,0,0,0,0,0,0,0,0,0,0,0,0,0,0
1964,1,331,M,10.9014,Risk:LOW,0,0,0,0,0,0,0,0,0,0,0,0,0,0,0,0,0,0,0,0,0,0,0,0,0,0,0,0
1964,1,332,F,6.73839,Risk:LOW,0,0,0,0,0,0,0,0,0,0,0,0,0,0,0,0,0,0,0,0,0,0,0,0,0,0,0,0
1964,1,333,M,10.2277,Risk:LOW,0,0,0,0,0,0,0,0,0,0,0,0,0,0,0,0,0,0,0,0,0,0,0,0,0,0,0,0
1964,1,334,M,15.4721,Risk:LOW,0,0,0,0,0,0,0,0,0,0,0,0,0,0,0,0,0,0,0,0,0,0,0,0,0,0,0,0
1964,1,335,F,12.4986,Risk:LOW,0,0,0,0,0,0,0,0,0,0,0,0,0,0,0,0,0,0,0,0,0,0,0,0,0,0,0,0
1964,1,336,M,41.5815,Risk:LOW,0,0,21,0,0,0,0,0,0,0,39,0,0,0,10,0,0,0,20,0,0,0,28,0,0,0,37,0
1964,1,337,M,47.9908,Risk:LOW,0,0,35,0,0,0,0,0,0,0,55,0,0,0,16,0,0,0,33,0,0,0,40,0,0,0,44,0
1964,1,338,F,28.1626,Risk:LOW,0,0,14,0,0,0,0,0,0,0,27,0,0,0,5,0,0,0,13,0,0,0,21,0,0,0,27,0
1964,1,339,F,19.8404,Risk:HIGH,35,0,0,0,1,0,0,0,67,0,0,0,6,0,0,0,8,0,0,0,10,0,0,0,11,0,0,0
1964,1,340,F,8.1405,Risk:LOW,0,0,0,0,0,0,0,0,0,0,0,0,0,0,0,0,0,0,0,0,0,0,0,0,0,0,0,0
1964,1,341,F,25.216,Risk:LOW,0,0,9,0,0,0,0,0,0,0,19,0,0,0,4,0,0,0,8,0,0,0,15,0,0,0,18,0
1964,1,342,M,18.2395,Risk:LOW,0,0,0,0,0,0,0,0,0,0,2,0,0,0,0,0,0,0,0,0,0,0,2,0,0,0,2,0
1964,1,343,F,33.2051,Risk:LOW,0,0,26,0,0,0,1,0,0,0,40,0,0,0,9,0,0,0,25,0,0,0,31,0,0,0,37,0
1964,1,344,F,47.1166,Risk:LOW,0,0,34,0,0,0,0,0,0,0,65,0,0,0,13,0,0,0,30,0,0,0,42,0,0,0,56,0
1964,1,345,F,27.2008,Risk:LOW,0,0,8,0,0,0,0,0,0,0,15,0,0,0,4,0,0,0,9,0,0,0,11,0,0,0,14,0
1964,1,346,M,39.7103,Risk:LOW,0,0,20,0,0,0,0,0,0,0,36,0,0,0,12,0,0,0,20,0,0,0,27,0,0,0,34,0
1964,1,347,F,31.6974,Risk:LOW,0,0,16,0,0,0,1,0,0,0,29,0,0,0,8,0,0,0,17,0,0,0,24,0,0,0,29,0
1964,1,348,M,25.6039,Risk:LOW,0,0,6,0,0,0,0,0,0,0,10,0,0,0,3,0,0,0,6,0,0,0,8,0,0,0,10,0
1964,1,349,F,66.0604,Risk:LOW,0,0,4,0,0,0,0,0,0,0,7,0,0,0,2,0,0,0,4,0,0,0,7,0,0,0,7,0
1964,1,350,M,64.1689,Risk:LOW,0,0,5,0,0,0,0,0,0,0,13,0,0,0,3,0,0,0,5,0,0,0,11,0,0,0,13,0
1964,1,351,F,32.42,Risk:LOW,0,0,19,0,0,0,0,0,0,0,32,0,0,0,9,0,0,0,19,0,0,0,28,0,0,0,30,0
1964,1,352,F,83.1191,Risk:LOW,0,0,3,0,0,0,0,0,0,0,6,0,0,0,2,0,0,0,4,0,0,0,6,0,0,0,6,0
1964,1,353,M,44.4919,Risk:LOW,0,0,24,0,0,0,0,0,0,0,54,0,0,0,11,0,0,0,22,0,0,0,37,0,0,0,47,0
1964,1,354,M,9.37983,Risk:LOW,0,0,0,0,0,0,0,0,0,0,0,0,0,0,0,0,0,0,0,0,0,0,0,0,0,0,0,0
1964,1,355,M,11.4721,Risk:LOW,0,0,0,0,0,0,0,0,0,0,0,0,0,0,0,0,0,0,0,0,0,0,0,0,0,0,0,0
1964,1,356,M,36.2228,Risk:LOW,0,0,17,0,0,0,0,0,0,0,29,0,0,0,6,0,0,0,17,0,0,0,22,0,0,0,28,0
1964,1,357,F,35.0933,Risk:LOW,0,0,17,0,0,0,0,0,0,0,38,0,0,0,7,0,0,0,16,0,0,0,25,0,0,0,33,0
1964,1,358,M,5.42269,Risk:LOW,0,0,0,0,0,0,0,0,0,0,0,0,0,0,0,0,0,0,0,0,0,0,0,0,0,0,0,0
1964,1,359,F,45.987,Risk:LOW,0,0,19,0,0,0,0,0,0,0,43,0,0,0,10,0,0,0,20,0,0,0,30,0,0,0,38,0
1964,1,360,M,25.0591,Risk:LOW,0,0,3,0,0,0,0,0,0,0,5,0,0,0,2,0,0,0,3,0,0,0,5,0,0,0,5,0
1964,1,361,F,7.7361,Risk:LOW,0,0,0,0,0,0,0,0,0,0,0,0,0,0,0,0,0,0,0,0,0,0,0,0,0,0,0,0
1964,1,362,M,32.826,Risk:LOW,0,0,15,0,0,0,1,0,0,0,25,0,0,0,9,0,0,0,15,0,0,0,22,0,0,0,26,0
1964,1,363,M,18.58,Risk:LOW,0,0,0,0,0,0,0,0,0,0,2,0,0,0,0,0,0,0,0,0,0,0,2,0,0,0,2,0
1964,1,364,M,45.6338,Risk:LOW,0,0,18,0,0,0,1,0,0,0,37,0,0,0,11,0,0,0,17,0,0,0,23,0,0,0,34,0
1964,1,365,M,28.6468,Risk:LOW,0,0,4,0,0,0,0,0,0,0,12,0,0,0,4,0,0,0,5,0,0,0,9,0,0,0,12,0
1964,1,366,M,19.7139,Risk:LOW,0,0,0,0,0,0,0,0,0,0,2,0,0,0,0,0,0,0,0,0,0,0,1,0,0,0,2,0
1964,1,367,F,10.6205,Risk:LOW,0,0,0,0,0,0,0,0,0,0,0,0,0,0,0,0,0,0,0,0,0,0,0,0,0,0,0,0
1964,1,368,F,29.5205,Risk:LOW,0,0,17,0,0,0,1,0,0,0,28,0,0,0,9,0,0,0,17,0,0,0,24,0,0,0,28,0
1964,1,369,F,32.4542,Risk:HIGH,4,0,0,0,0,0,0,0,7,0,0,0,2,0,0,0,3,0,0,0,3,0,0,0,4,0,0,0
1964,1,370,M,39.1829,Risk:LOW,0,0,24,0,0,0,0,0,0,0,44,0,0,0,11,0,0,0,21,0,0,0,34,0,0,0,40,0
1964,1,371,F,31.7868,Risk:LOW,0,0,31,0,0,0,1,0,0,0,47,0,0,0,14,0,0,0,30,0,0,0,33,0,0,0,41,0
1964,1,372,M,31.8745,Risk:LOW,0,0,12,0,0,0,0,0,0,0,25,0,0,0,6,0,0,0,13,0,0,0,17,0,0,0,25,0
1964,1,373,M,35.7001,Risk:HIGH,11,0,0,0,0,0,0,0,28,0,0,0,6,0,0,0,6,0,0,0,7,0,0,0,9,0,0,0
1964,1,374,M,49.0267,Risk:LOW,0,0,52,0,0,0,1,0,0,0,99,0,0,0,30,0,0,0,48,0,0,0,62,0,0,0,74,0
1964,1,375,F,12.2839,Risk:LOW,0,0,0,0,0,0,0,0,0,0,0,0,0,0,0,0,0,0,0,0,0,0,0,0,0,0,0,0
1964,1,376,F,17.616,Risk:LOW,0,0,3,0,0,0,0,0,0,0,4,0,0,0,1,0,0,0,3,0,0,0,4,0,0,0,4,0
1964,1,377,M,29.8884,Risk:LOW,0,0,7,0,0,0,0,0,0,0,12,0,0,0,1,0,0,0,7,0,0,0,10,0,0,0,12,0
1964,1,378,M,46.3368,Risk:LOW,0,0,29,0,0,0,0,0,0,0,59,0,0,0,15,0,0,0,30,0,0,0,40,0,0,0,54,0
1964,1,379,F,16.3755,Risk:LOW,0,0,2,0,0,0,0,0,0,0,2,0,0,0,1,0,0,0,2,0,0,0,2,0,0,0,2,0
1964,1,380,M,24.1608,Risk:LOW,0,0,2,0,0,0,0,0,0,0,4,0,0,0,2,0,0,0,3,0,0,0,3,0,0,0,4,0
1964,1,381,M,84.8103,Risk:LOW,0,0,7,0,0,0,0,0,0,0,12,0,0,0,1,0,0,0,7,0,0,0,9,0,0,0,12,0
1964,1,382,M,8.48765,Risk:LOW,0,0,0,0,0,0,0,0,0,0,0,0,0,0,0,0,0,0,0,0,0,0,0,0,0,0,0,0
1964,1,383,F,6.1218,Risk:LOW,0,0,0,0,0,0,0,0,0,0,0,0,0,0,0,0,0,0,0,0,0,0,0,0,0,0,0,0
1964,1,384,M,15.6759,Risk:LOW,0,0,0,0,0,0,0,0,0,0,0,0,0,0,0,0,0,0,0,0,0,0,0,0,0,0,0,0
1964,1,385,F,40.6212,Risk:HIGH,1,0,0,0,0,0,0,0,6,0,0,0,0,0,0,0,1,0,0,0,2,0,0,0,4,0,0,0
1964,1,386,F,10.6168,Risk:LOW,0,0,0,0,0,0,0,0,0,0,0,0,0,0,0,0,0,0,0,0,0,0,0,0,0,0,0,0
1964,1,387,M,20.1947,Risk:LOW,0,0,0,0,0,0,0,0,0,0,1,0,0,0,0,0,0,0,0,0,0,0,0,0,0,0,1,0
1964,1,388,M,17.3303,Risk:LOW,0,0,0,0,0,0,0,0,0,0,0,0,0,0,0,0,0,0,0,0,0,0,0,0,0,0,0,0
1964,1,389,F,60.3229,Risk:LOW,0,0,17,0,0,0,0,0,0,0,40,0,0,0,7,0,0,0,15,0,0,0,23,0,0,0,33,0
1964,1,390,F,23.7601,Risk:LOW,0,0,4,0,0,0,0,0,0,0,16,0,0,0,1,0,0,0,5,0,0,0,10,0,0,0,17,0
1964,1,391,F,13.2364,Risk:LOW,0,0,0,0,0,0,0,0,0,0,0,0,0,0,0,0,0,0,0,0,0,0,0,0,0,0,0,0
1964,1,392,F,19.448,Risk:LOW,0,0,1,0,0,0,0,0,0,0,5,0,0,0,1,0,0,0,1,0,0,0,4,0,0,0,5,0
1964,1,393,M,3.62204,Risk:LOW,0,0,0,0,0,0,0,0,0,0,0,0,0,0,0,0,0,0,0,0,0,0,0,0,0,0,0,0
1964,1,394,M,34.8268,Risk:LOW,0,0,10,0,0,0,0,0,0,0,23,0,0,0,8,0,0,0,10,0,0,0,15,0,0,0,23,0
1964,1,395,M,51.0301,Risk:LOW,0,0,29,0,0,0,0,0,0,0,51,0,0,0,14,0,0,0,27,0,0,0,38,0,0,0,44,0
1964,1,396,F,10.938,Risk:LOW,0,0,0,0,0,0,0,0,0,0,0,0,0,0,0,0,0,0,0,0,0,0,0,0,0,0,0,0
1964,1,397,F,3.57742,Risk:LOW,0,0,0,0,0,0,0,0,0,0,0,0,0,0,0,0,0,0,0,0,0,0,0,0,0,0,0,0
1964,1,398,F,19.342,Risk:LOW,0,0,5,0,0,0,0,0,0,0,8,0,0,0,4,0,0,0,5,0,0,0,7,0,0,0,8,0
1964,1,399,M,7.59017,Risk:LOW,0,0,0,0,0,0,0,0,0,0,0,0,0,0,0,0,0,0,0,0,0,0,0,0,0,0,0,0
1964,1,400,M,14.7328,Risk:LOW,0,0,0,0,0,0,0,0,0,0,0,0,0,0,0,0,0,0,0,0,0,0,0,0,0,0,0,0
1964,1,401,F,6.37956,Risk:LOW,0,0,0,0,0,0,0,0,0,0,0,0,0,0,0,0,0,0,0,0,0,0,0,0,0,0,0,0
1964,1,402,F,32.15,Risk:LOW,0,0,21,0,0,0,0,0,0,0,36,0,0,0,10,0,0,0,21,0,0,0,29,0,0,0,33,0
1964,1,403,M,68.5719,Risk:LOW,0,0,7,0,0,0,0,0,0,0,12,0,0,0,5,0,0,0,7,0,0,0,9,0,0,0,11,0
1964,1,404,F,11.7525,Risk:LOW,0,0,0,0,0,0,0,0,0,0,0,0,0,0,0,0,0,0,0,0,0,0,0,0,0,0,0,0
1964,1,405,F,9.58945,Risk:LOW,0,0,0,0,0,0,0,0,0,0,0,0,0,0,0,0,0,0,0,0,0,0,0,0,0,0,0,0
1964,1,406,F,7.00535,Risk:LOW,0,0,0,0,0,0,0,0,0,0,0,0,0,0,0,0,0,0,0,0,0,0,0,0,0,0,0,0
1964,1,407,F,19.1193,Risk:LOW,0,0,3,0,0,0,0,0,0,0,5,0,0,0,1,0,0,0,3,0,0,0,5,0,0,0,5,0
1964,1,408,F,12.3265,Risk:LOW,0,0,0,0,0,0,0,0,0,0,0,0,0,0,0,0,0,0,0,0,0,0,0,0,0,0,0,0
1964,1,409,M,15.5087,Risk:LOW,0,0,0,0,0,0,0,0,0,0,0,0,0,0,0,0,0,0,0,0,0,0,0,0,0,0,0,0
1964,1,410,F,61.5457,Risk:LOW,0,0,6,0,0,0,0,0,0,0,19,0,0,0,3,0,0,0,5,0,0,0,10,0,0,0,16,0
1964,1,411,F,31.0623,Risk:LOW,0,0,19,0,0,0,0,0,0,0,39,0,0,0,10,0,0,0,18,0,0,0,30,0,0,0,37,0
1964,1,412,M,6.58518,Risk:LOW,0,0,0,0,0,0,0,0,0,0,0,0,0,0,0,0,0,0,0,0,0,0,0,0,0,0,0,0
1964,1,413,M,10.9177,Risk:LOW,0,0,0,0,0,0,0,0,0,0,0,0,0,0,0,0,0,0,0,0,0,0,0,0,0,0,0,0
1964,1,414,F,4.85689,Risk:LOW,0,0,0,0,0,0,0,0,0,0,0,0,0,0,0,0,0,0,0,0,0,0,0,0,0,0,0,0
1964,1,415,M,19.4636,Risk:LOW,0,0,0,0,0,0,0,0,0,0,0,0,0,0,0,0,0,0,0,0,0,0,0,0,0,0,0,0
1964,1,416,M,74.262,Risk:LOW,0,0,2,0,0,0,0,0,0,0,7,0,0,0,2,0,0,0,3,0,0,0,6,0,0,0,7,0
1964,1,417,M,13.7615,Risk:LOW,0,0,0,0,0,0,0,0,0,0,0,0,0,0,0,0,0,0,0,0,0,0,0,0,0,0,0,0
1964,1,418,F,36.257,Risk:LOW,0,0,17,0,0,0,0,0,0,0,38,0,0,0,8,0,0,0,17,0,0,0,25,0,0,0,36,0
1964,1,419,M,41.914,Risk:LOW,0,0,15,0,0,0,0,0,0,0,34,0,0,0,8,0,0,0,15,0,0,0,21,0,0,0,30,0
1964,1,420,F,37.0624,Risk:LOW,0,0,21,0,0,0,0,0,0,0,39,0,0,0,14,0,0,0,21,0,0,0,28,0,0,0,38,0
1964,1,421,F,53.8795,Risk:LOW,0,0,11,0,0,0,0,0,0,0,32,0,0,0,5,0,0,0,12,0,0,0,19,0,0,0,29,0
1964,1,422,M,33.0254,Risk:LOW,0,0,10,0,0,0,0,0,0,0,17,0,0,0,3,0,0,0,9,0,0,0,10,0,0,0,17,0
1964,1,423,M,36.6565,Risk:LOW,0,0,17,0,0,0,0,0,0,0,33,0,0,0,9,0,0,0,17,0,0,0,25,0,0,0,30,0
1964,1,424,F,57.5761,Risk:LOW,0,0,8,0,0,0,0,0,0,0,21,0,0,0,4,0,0,0,8,0,0,0,13,0,0,0,15,0
1964,1,425,M,21.851,Risk:LOW,0,0,3,0,0,0,0,0,0,0,5,0,0,0,2,0,0,0,5,0,0,0,5,0,0,0,5,0
1964,1,426,M,4.32387,Risk:LOW,0,0,0,0,0,0,0,0,0,0,0,0,0,0,0,0,0,0,0,0,0,0,0,0,0,0,0,0
1964,1,427,M,20.955,Risk:LOW,0,0,1,0,0,0,0,0,0,0,2,0,0,0,0,0,0,0,1,0,0,0,2,0,0,0,2,0
1964,1,428,F,39.3797,Risk:LOW,0,0,27,0,0,0,0,0,0,0,71,0,0,0,13,0,0,0,26,0,0,0,42,0,0,0,66,0
1964,1,429,F,14.7873,Risk:HIGH,0,0,0,0,0,0,0,0,0,0,0,0,0,0,0,0,0,0,0,0,0,0,0,0,0,0,0,0
1964,1,430,F,57.029,Risk:LOW,0,0,15,0,0,0,0,0,0,0,28,0,0,0,9,0,0,0,14,0,0,0,17,0,0,0,22,0
1964,1,431,M,27.0807,Risk:LOW,0,0,6,0,0,0,0,0,0,0,13,0,0,0,2,0,0,0,6,0,0,0,11,0,0,0,13,0
1964,1,432,F,64.0526,Risk:LOW,0,0,1,0,0,0,0,0,0,0,10,0,0,0,1,0,0,0,1,0,0,0,3,0,0,0,9,0
1964,1,433,M,14.1618,Risk:LOW,0,0,0,0,0,0,0,0,0,0,0,0,0,0,0,0,0,0,0,0,0,0,0,0,0,0,0,0
1964,1,434,F,62.7903,Risk:LOW,0,0,12,0,0,0,0,0,0,0,26,0,0,0,4,0,0,0,11,0,0,0,18,0,0,0,23,0
1964,1,435,M,21.79,Risk:LOW,0,0,1,0,0,0,0,0,0,0,2,0,0,0,0,0,0,0,1,0,0,0,2,0,0,0,2,0
1964,1,436,F,32.6945,Risk:LOW,0,0,12,0,0,0,1,0,0,0,25,0,0,0,8,0,0,0,13,0,0,0,19,0,0,0,25,0
1964,1,437,F,6.67215,Risk:LOW,0,0,0,0,0,0,0,0,0,0,0,0,0,0,0,0,0,0,0,0,0,0,0,0,0,0,0,0
1964,1,438,F,60.5195,Risk:LOW,0,0,9,0,0,0,0,0,0,0,21,0,0,0,3,0,0,0,9,0,0,0,14,0,0,0,19,0
1964,1,439,F,10.5694,Risk:LOW,0,0,0,0,0,0,0,0,0,0,0,0,0,0,0,0,0,0,0,0,0,0,0,0,0,0,0,0
1964,1,440,M,50.0712,Risk:LOW,0,0,38,0,0,0,1,0,0,0,81,0,0,0,19,0,0,0,37,0,0,0,53,0,0,0,66,0
1964,1,441,M,10.9009,Risk:LOW,0,0,0,0,0,0,0,0,0,0,0,0,0,0,0,0,0,0,0,0,0,0,0,0,0,0,0,0
1964,1,442,F,29.6557,Risk:LOW,0,0,18,0,0,0,0,0,0,0,28,0,0,0,11,0,0,0,18,0,0,0,22,0,0,0,28,0
1964,1,443,F,38.2019,Risk:LOW,0,0,27,0,0,0,0,0,0,0,48,0,0,0,18,0,0,0,27,0,0,0,37,0,0,0,47,0
1964,1,444,F,22.2758,Risk:LOW,0,0,3,0,0,0,0,0,0,0,6,0,0,0,2,0,0,0,3,0,0,0,5,0,0,0,7,0
1964,1,445,F,8.41249,Risk:LOW,0,0,0,0,0,0,0,0,0,0,0,0,0,0,0,0,0,0,0,0,0,0,0,0,0,0,0,0
1964,1,446,F,18.4056,Risk:LOW,0,0,7,0,0,0,1,0,0,0,8,0,0,0,3,0,0,0,7,0,0,0,8,0,0,0,9,0
1964,1,447,M,28.4275,Risk:HIGH,10,0,0,0,1,0,0,0,18,0,0,0,3,0,0,0,5,0,0,0,5,0,0,0,6,0,0,0
1964,1,448,F,24.277,Risk:LOW,0,0,14,0,0,0,1,0,0,0,20,0,0,0,9,0,0,0,14,0,0,0,18,0,0,0,20,0
1964,1,449,M,5.45294,Risk:LOW,0,0,0,0,0,0,0,0,0,0,0,0,0,0,0,0,0,0,0,0,0,0,0,0,0,0,0,0
1964,1,450,M,23.2275,Risk:LOW,0,0,2,0,0,0,0,0,0,0,3,0,0,0,2,0,0,0,2,0,0,0,3,0,0,0,3,0
1964,1,451,F,10.6273,Risk:LOW,0,0,0,0,0,0,0,0,0,0,0,0,0,0,0,0,0,0,0,0,0,0,0,0,0,0,0,0
1964,1,452,F,7.85049,Risk:LOW,0,0,0,0,0,0,0,0,0,0,0,0,0,0,0,0,0,0,0,0,0,0,0,0,0,0,0,0
1964,1,453,M,30.3555,Risk:LOW,0,0,6,0,0,0,0,0,0,0,8,0,0,0,4,0,0,0,6,0,0,0,6,0,0,0,8,0
1964,1,454,F,53.2535,Risk:LOW,0,0,10,0,0,0,1,0,0,0,26,0,0,0,7,0,0,0,11,0,0,0,16,0,0,0,24,0
1964,1,455,M,21.455,Risk:LOW,0,0,0,0,0,0,0,0,0,0,0,0,0,0,0,0,0,0,0,0,0,0,0,0,0,0,0,0
1964,1,456,M,15.7833,Risk:LOW,0,0,0,0,0,0,0,0,0,0,0,0,0,0,0,0,0,0,0,0,0,0,0,0,0,0,0,0
1964,1,457,M,27.1772,Risk:LOW,0,0,5,0,0,0,0,0,0,0,14,0,0,0,3,0,0,0,6,0,0,0,9,0,0,0,15,0
1964,1,458,F,42.0547,Risk:LOW,0,0,23,0,0,0,0,0,0,0,50,0,0,0,13,0,0,0,23,0,0,0,34,0,0,0,46,0
1964,1,459,F,16.2979,Risk:LOW,0,0,2,0,0,0,0,0,0,0,2,0,0,0,2,0,0,0,2,0,0,0,2,0,0,0,2,0
1964,1,460,F,15.0121,Risk:LOW,0,0,0,0,0,0,0,0,0,0,0,0,0,0,0,0,0,0,0,0,0,0,0,0,0,0,0,0
1964,1,461,F,29.3082,Risk:LOW,0,0,12,0,0,0,0,0,0,0,26,0,0,0,7,0,0,0,11,0,0,0,18,0,0,0,24,0
1964,1,462,M,56.8663,Risk:LOW,0,0,44,0,0,0,1,0,0,0,78,0,0,0,18,0,0,0,39,0,0,0,50,0,0,0,62,0
1964,1,463,F,28.7284,Risk:LOW,0,0,14,0,0,0,0,0,0,0,31,0,0,0,10,0,0,0,14,0,0,0,22,0,0,0,30,0
1964,1,464,F,4.44686,Risk:LOW,0,0,0,0,0,0,0,0,0,0,0,0,0,0,0,0,0,0,0,0,0,0,0,0,0,0,0,0
1964,1,465,F,54.8333,Risk:LOW,0,0,11,0,0,0,0,0,0,0,23,0,0,0,8,0,0,0,11,0,0,0,15,0,0,0,21,0
1964,1,466,M,6.83531,Risk:LOW,0,0,0,0,0,0,0,0,0,0,0,0,0,0,0,0,0,0,0,0,0,0,0,0,0,0,0,0
1964,1,467,M,6.63111,Risk:LOW,0,0,0,0,0,0,0,0,0,0,0,0,0,0,0,0,0,0,0,0,0,0,0,0,0,0,0,0
1964,1,468,M,38.1912,Risk:LOW,0,0,19,0,0,0,0,0,0,0,35,0,0,0,9,0,0,0,21,0,0,0,27,0,0,0,35,0
1964,1,469,F,42.1868,Risk:LOW,0,0,20,0,0,0,0,0,0,0,46,0,0,0,10,0,0,0,19,0,0,0,34,0,0,0,41,0
1964,1,470,M,13.2383,Risk:LOW,0,0,0,0,0,0,0,0,0,0,0,0,0,0,0,0,0,0,0,0,0,0,0,0,0,0,0,0
1964,1,471,F,21.1512,Risk:LOW,0,0,2,0,0,0,0,0,0,0,9,0,0,0,0,0,0,0,3,0,0,0,8,0,0,0,9,0
1964,1,472,M,8.02579,Risk:LOW,0,0,0,0,0,0,0,0,0,0,0,0,0,0,0,0,0,0,0,0,0,0,0,0,0,0,0,0
1964,1,473,F,57.0635,Risk:LOW,0,0,15,0,0,0,1,0,0,0,26,0,0,0,5,0,0,0,14,0,0,0,17,0,0,0,21,0
1964,1,474,M,8.0093,Risk:LOW,0,0,0,0,0,0,0,0,0,0,0,0,0,0,0,0,0,0,0,0,0,0,0,0,0,0,0,0
1964,1,475,M,51.971,Risk:LOW,0,0,36,0,0,0,3,0,0,0,62,0,0,0,22,0,0,0,33,0,0,0,45,0,0,0,57,0
1964,1,476,F,46.723,Risk:LOW,0,0,23,0,0,0,1,0,0,0,41,0,0,0,10,0,0,0,23,0,0,0,31,0,0,0,41,0
1964,1,477,F,5.25176,Risk:LOW,0,0,0,0,0,0,0,0,0,0,0,0,0,0,0,0,0,0,0,0,0,0,0,0,0,0,0,0
1964,1,478,F,6.5357,Risk:LOW,0,0,0,0,0,0,0,0,0,0,0,0,0,0,0,0,0,0,0,0,0,0,0,0,0,0,0,0
1964,1,479,M,62.3036,Risk:LOW,0,0,21,0,0,0,1,0,0,0,38,0,0,0,12,0,0,0,20,0,0,0,30,0,0,0,38,0
1964,1,480,M,68.3146,Risk:LOW,0,0,4,0,0,0,0,0,0,0,9,0,0,0,1,0,0,0,4,0,0,0,6,0,0,0,9,0
1964,1,481,M,4.27527,Risk:LOW,0,0,0,0,0,0,0,0,0,0,0,0,0,0,0,0,0,0,0,0,0,0,0,0,0,0,0,0
1964,1,482,F,13.0393,Risk:LOW,0,0,0,0,0,0,0,0,0,0,0,0,0,0,0,0,0,0,0,0,0,0,0,0,0,0,0,0
1964,1,483,F,7.98713,Risk:LOW,0,0,0,0,0,0,0,0,0,0,0,0,0,0,0,0,0,0,0,0,0,0,0,0,0,0,0,0
1964,1,484,F,36.7601,Risk:LOW,0,0,27,0,0,0,0,0,0,0,49,0,0,0,9,0,0,0,26,0,0,0,37,0,0,0,48,0
1964,1,485,F,53.6026,Risk:LOW,0,0,13,0,0,0,0,0,0,0,30,0,0,0,6,0,0,0,12,0,0,0,19,0,0,0,25,0
1964,1,486,F,14.5591,Risk:LOW,0,0,0,0,0,0,0,0,0,0,0,0,0,0,0,0,0,0,0,0,0,0,0,0,0,0,0,0
1964,1,487,M,58.1537,Risk:LOW,0,0,28,0,0,0,1,0,0,0,70,0,0,0,12,0,0,0,26,0,0,0,39,0,0,0,62,0
1964,1,488,F,22.8382,Risk:HIGH,32,0,0,0,1,0,0,0,63,0,0,0,7,0,0,0,11,0,0,0,13,0,0,0,13,0,0,0
1964,1,489,F,46.6593,Risk:LOW,0,0,12,0,0,0,0,0,0,0,39,0,0,0,6,0,0,0,12,0,0,0,23,0,0,0,33,0
1964,1,490,F,33.3368,Risk:LOW,0,0,24,0,0,0,0,0,0,0,43,0,0,0,11,0,0,0,22,0,0,0,35,0,0,0,39,0
1964,1,491,F,5.05289,Risk:LOW,0,0,0,0,0,0,0,0,0,0,0,0,0,0,0,0,0,0,0,0,0,0,0,0,0,0,0,0
1964,1,492,M,4.16719,Risk:LOW,0,0,0,0,0,0,0,0,0,0,0,0,0,0,0,0,0,0,0,0,0,0,0,0,0,0,0,0
1964,1,493,F,30.7892,Risk:LOW,0,0,16,0,0,0,0,0,0,0,32,0,0,0,6,0,0,0,17,0,0,0,24,0,0,0,30,0
1964,1,494,F,53.1433,Risk:LOW,0,0,11,0,0,0,0,0,0,0,38,0,0,0,4,0,0,0,12,0,0,0,20,0,0,0,35,0
1964,1,495,F,11.5779,Risk:LOW,0,0,0,0,0,0,0,0,0,0,0,0,0,0,0,0,0,0,0,0,0,0,0,0,0,0,0,0
1964,1,496,F,41.3924,Risk:LOW,0,0,22,0,0,0,1,0,0,0,40,0,0,0,11,0,0,0,22,0,0,0,32,0,0,0,38,0
1964,1,497,M,12.2786,Risk:LOW,0,0,0,0,0,0,0,0,0,0,0,0,0,0,0,0,0,0,0,0,0,0,0,0,0,0,0,0
1964,1,498,M,18.9771,Risk:LOW,0,0,0,0,0,0,0,0,0,0,1,0,0,0,0,0,0,0,0,0,0,0,1,0,0,0,1,0
1964,1,499,F,23.3553,Risk:LOW,0,0,7,0,0,0,0,0,0,0,8,0,0,0,3,0,0,0,7,0,0,0,8,0,0,0,8,0
1964,1,500,F,19.7139,Risk:LOW,0,0,2,0,0,0,0,0,0,0,3,0,0,0,1,0,0,0,2,0,0,0,2,0,0,0,3,0
1964,1,501,F,5.93566,Risk:LOW,0,0,0,0,0,0,0,0,0,0,0,0,0,0,0,0,0,0,0,0,0,0,0,0,0,0,0,0
1964,1,502,F,20.643,Risk:LOW,0,0,4,0,0,0,0,0,0,0,7,0,0,0,1,0,0,0,4,0,0,0,6,0,0,0,7,0
1964,1,503,F,25.2598,Risk:LOW,0,0,6,0,0,0,1,0,0,0,11,0,0,0,4,0,0,0,6,0,0,0,10,0,0,0,11,0
1964,1,504,F,12.8738,Risk:LOW,0,0,0,0,0,0,0,0,0,0,0,0,0,0,0,0,0,0,0,0,0,0,0,0,0,0,0,0
1964,1,505,F,34.5111,Risk:LOW,0,0,30,0,0,0,1,0,0,0,53,0,0,0,17,0,0,0,29,0,0,0,41,0,0,0,48,0
1964,1,506,F,4.0883,Risk:LOW,0,0,0,0,0,0,0,0,0,0,0,0,0,0,0,0,0,0,0,0,0,0,0,0,0,0,0,0
1964,1,507,M,18.0857,Risk:LOW,0,0,0,0,0,0,0,0,0,0,0,0,0,0,0,0,0,0,0,0,0,0,0,0,0,0,0,0
1964,1,508,M,35.0301,Risk:LOW,0,0,22,0,0,0,1,0,0,0,42,0,0,0,12,0,0,0,19,0,0,0,24,0,0,0,36,0
1964,1,509,M,7.15474,Risk:LOW,0,0,0,0,0,0,0,0,0,0,0,0,0,0,0,0,0,0,0,0,0,0,0,0,0,0,0,0
1964,1,510,F,4.76114,Risk:LOW,0,0,0,0,0,0,0,0,0,0,0,0,0,0,0,0,0,0,0,0,0,0,0,0,0,0,0,0
1964,1,511,F,8.43671,Risk:LOW,0,0,0,0,0,0,0,0,0,0,0,0,0,0,0,0,0,0,0,0,0,0,0,0,0,0,0,0
1964,1,512,M,27.3644,Risk:LOW,0,0,6,0,0,0,1,0,0,0,8,0,0,0,3,0,0,0,6,0,0,0,7,0,0,0,8,0
1964,1,513,M,39.0923,Risk:LOW,0,0,22,0,0,0,0,0,0,0,41,0,0,0,12,0,0,0,21,0,0,0,29,0,0,0,38,0
1964,1,514,M,9.85296,Risk:LOW,0,0,0,0,0,0,0,0,0,0,0,0,0,0,0,0,0,0,0,0,0,0,0,0,0,0,0,0
1964,1,515,F,5.3214,Risk:LOW,0,0,0,0,0,0,0,0,0,0,0,0,0,0,0,0,0,0,0,0,0,0,0,0,0,0,0,0
1964,1,516,M,34.2255,Risk:LOW,0,0,13,0,0,0,0,0,0,0,32,0,0,0,5,0,0,0,13,0,0,0,23,0,0,0,28,0
1964,1,517,F,3.70622,Risk:LOW,0,0,0,0,0,0,0,0,0,0,0,0,0,0,0,0,0,0,0,0,0,0,0,0,0,0,0,0
1964,1,518,M,11.7117,Risk:LOW,0,0,0,0,0,0,0,0,0,0,0,0,0,0,0,0,0,0,0,0,0,0,0,0,0,0,0,0
1964,1,519,M,52.7733,Risk:LOW,0,0,30,0,0,0,2,0,0,0,56,0,0,0,17,0,0,0,27,0,0,0,37,0,0,0,47,0
1964,1,520,F,21.6563,Risk:LOW,0,0,6,0,0,0,0,0,0,0,7,0,0,0,5,0,0,0,6,0,0,0,6,0,0,0,7,0
1964,1,521,M,22.8935,Risk:LOW,0,0,2,0,0,0,0,0,0,0,4,0,0,0,1,0,0,0,2,0,0,0,3,0,0,0,4,0
1964,1,522,M,29.3104,Risk:LOW,0,0,14,0,0,0,0,0,0,0,20,0,0,0,7,0,0,0,14,0,0,0,16,0,0,0,19,0
1964,1,523,F,8.61659,Risk:LOW,0,0,0,0,0,0,0,0,0,0,0,0,0,0,0,0,0,0,0,0,0,0,0,0,0,0,0,0
1964,1,524,M,9.09394,Risk:LOW,0,0,0,0,0,0,0,0,0,0,0,0,0,0,0,0,0,0,0,0,0,0,0,0,0,0,0,0
1964,1,525,M,38.5853,Risk:LOW,0,0,16,0,0,0,1,0,0,0,32,0,0,0,6,0,0,0,16,0,0,0,24,0,0,0,30,0
1964,1,526,M,20.3736,Risk:LOW,0,0,1,0,0,0,0,0,0,0,2,0,0,0,0,0,0,0,1,0,0,0,1,0,0,0,2,0
1964,1,527,M,28.6349,Risk:HIGH,9,0,0,0,0,0,0,0,16,0,0,0,1,0,0,0,4,0,0,0,5,0,0,0,5,0,0,0
1964,1,528,F,13.5555,Risk:LOW,0,0,2,0,0,0,0,0,0,0,2,0,0,0,2,0,0,0,2,0,0,0,2,0,0,0,2,0
1964,1,529,F,10.3569,Risk:LOW,0,0,0,0,0,0,0,0,0,0,0,0,0,0,0,0,0,0,0,0,0,0,0,0,0,0,0,0
1964,1,530,F,68.866,Risk:LOW,0,0,2,0,0,0,0,0,0,0,7,0,0,0,0,0,0,0,2,0,0,0,5,0,0,0,7,0
1964,1,531,M,5.3435,Risk:HIGH,0,0,0,0,0,0,0,0,0,0,0,0,0,0,0,0,0,0,0,0,0,0,0,0,0,0,0,0
1964,1,532,F,23.2738,Risk:LOW,0,0,4,0,0,0,0,0,0,0,10,0,0,0,2,0,0,0,5,0,0,0,10,0,0,0,10,0
1964,1,533,F,25.0414,Risk:LOW,0,0,4,0,0,0,0,0,0,0,9,0,0,0,2,0,0,0,5,0,0,0,7,0,0,0,9,0
1964,1,534,M,9.59895,Risk:HIGH,0,0,0,0,0,0,0,0,0,0,0,0,0,0,0,0,0,0,0,0,0,0,0,0,0,0,0,0
1964,1,535,F,12.4866,Risk:LOW,0,0,0,0,0,0,0,0,0,0,0,0,0,0,0,0,0,0,0,0,0,0,0,0,0,0,0,0
1964,1,536,M,21.3362,Risk:LOW,0,0,0,0,0,0,0,0,0,0,1,0,0,0,0,0,0,0,0,0,0,0,1,0,0,0,1,0
1964,1,537,F,23.5477,Risk:LOW,0,0,10,0,0,0,0,0,0,0,14,0,0,0,6,0,0,0,10,0,0,0,13,0,0,0,14,0
1964,1,538,F,6.55706,Risk:LOW,0,0,0,0,0,0,0,0,0,0,0,0,0,0,0,0,0,0,0,0,0,0,0,0,0,0,0,0
1964,1,539,M,38.0906,Risk:LOW,0,0,25,0,0,0,0,0,0,0,41,0,0,0,16,0,0,0,24,0,0,0,31,0,0,0,39,0
1964,1,540,F,14.3285,Risk:HIGH,0,0,0,0,0,0,0,0,0,0,0,0,0,0,0,0,0,0,0,0,0,0,0,0,0,0,0,0
1964,1,541,M,29.7825,Risk:LOW,0,0,6,0,0,0,0,0,0,0,12,0,0,0,4,0,0,0,6,0,0,0,10,0,0,0,12,0
1964,1,542,M,66.2071,Risk:LOW,0,0,3,0,0,0,0,0,0,0,8,0,0,0,3,0,0,0,3,0,0,0,5,0,0,0,8,0
1964,1,543,F,19.9594,Risk:LOW,0,0,2,0,0,0,0,0,0,0,5,0,0,0,1,0,0,0,2,0,0,0,4,0,0,0,5,0
1964,1,544,F,56.9306,Risk:LOW,0,0,16,0,0,0,0,0,0,0,20,0,0,0,7,0,0,0,14,0,0,0,14,0,0,0,16,0
1964,1,545,F,3.7661,Risk:LOW,0,0,0,0,0,0,0,0,0,0,0,0,0,0,0,0,0,0,0,0,0,0,0,0,0,0,0,0
1964,1,546,M,42.9954,Risk:LOW,0,0,27,0,0,0,0,0,0,0,44,0,0,0,13,0,0,0,26,0,0,0,33,0,0,0,42,0
1964,1,547,M,4.83296,Risk:LOW,0,0,0,0,0,0,0,0,0,0,0,0,0,0,0,0,0,0,0,0,0,0,0,0,0,0,0,0
1964,1,548,M,8.80482,Risk:LOW,0,0,0,0,0,0,0,0,0,0,0,0,0,0,0,0,0,0,0,0,0,0,0,0,0,0,0,0
1964,1,549,M,70.4581,Risk:LOW,0,0,3,0,0,0,0,0,0,0,11,0,0,0,2,0,0,0,3,0,0,0,6,0,0,0,10,0
1964,1,550,F,59.9579,Risk:LOW,0,0,16,0,0,0,1,0,0,0,34,0,0,0,9,0,0,0,13,0,0,0,20,0,0,0,25,0
1964,1,551,F,43.5493,Risk:LOW,0,0,48,0,0,0,1,0,0,0,102,0,0,0,26,0,0,0,44,0,0,0,58,0,0,0,76,0
1964,1,552,M,21.5506,Risk:LOW,0,0,1,0,0,0,0,0,0,0,1,0,0,0,1,0,0,0,1,0,0,0,1,0,0,0,1,0
1964,1,553,F,47.662,Risk:LOW,0,0,24,0,0,0,1,0,0,0,50,0,0,0,16,0,0,0,23,0,0,0,32,0,0,0,45,0
1964,1,554,M,20.1444,Risk:LOW,0,0,1,0,0,0,0,0,0,0,2,0,0,0,1,0,0,0,1,0,0,0,1,0,0,0,2,0
1964,1,555,M,33.7378,Risk:LOW,0,0,15,0,0,0,0,0,0,0,32,0,0,0,7,0,0,0,14,0,0,0,22,0,0,0,28,0
1964,1,556,M,34.8681,Risk:LOW,0,0,10,0,0,0,0,0,0,0,24,0,0,0,6,0,0,0,11,0,0,0,17,0,0,0,25,0
1964,1,557,M,32.2556,Risk:LOW,0,0,12,0,0,0,0,0,0,0,22,0,0,0,6,0,0,0,12,0,0,0,14,0,0,0,21,0
1964,1,558,F,12.0557,Risk:LOW,0,0,0,0,0,0,0,0,0,0,0,0,0,0,0,0,0,0,0,0,0,0,0,0,0,0,0,0
1964,1,559,M,10.7721,Risk:LOW,0,0,0,0,0,0,0,0,0,0,0,0,0,0,0,0,0,0,0,0,0,0,0,0,0,0,0,0
1964,1,560,F,15.6517,Risk:LOW,0,0,0,0,0,0,0,0,0,0,0,0,0,0,0,0,0,0,0,0,0,0,0,0,0,0,0,0
1964,1,561,F,49.8995,Risk:LOW,0,0,36,0,0,0,1,0,0,0,68,0,0,0,20,0,0,0,33,0,0,0,42,0,0,0,55,0
1964,1,562,F,27.2618,Risk:LOW,0,0,13,0,0,0,0,0,0,0,23,0,0,0,7,0,0,0,12,0,0,0,15,0,0,0,21,0
1964,1,563,M,24.0753,Risk:LOW,0,0,2,0,0,0,0,0,0,0,4,0,0,0,1,0,0,0,2,0,0,0,3,0,0,0,5,0
1964,1,564,M,46.8792,Risk:LOW,0,0,27,0,0,0,0,0,0,0,55,0,0,0,13,0,0,0,27,0,0,0,36,0,0,0,50,0
1964,1,565,M,6.76072,Risk:LOW,0,0,0,0,0,0,0,0,0,0,0,0,0,0,0,0,0,0,0,0,0,0,0,0,0,0,0,0
1964,1,566,M,81.7188,Risk:LOW,0,0,1,0,0,0,0,0,0,0,8,0,0,0,1,0,0,0,1,0,0,0,6,0,0,0,8,0
1964,1,567,M,39.245,Risk:LOW,0,0,19,0,0,0,1,0,0,0,31,0,0,0,11,0,0,0,17,0,0,0,22,0,0,0,29,0
1964,1,568,M,11.8704,Risk:LOW,0,0,0,0,0,0,0,0,0,0,0,0,0,0,0,0,0,0,0,0,0,0,0,0,0,0,0,0
1964,1,569,F,50.6898,Risk:LOW,0,0,18,0,0,0,0,0,0,0,37,0,0,0,7,0,0,0,17,0,0,0,29,0,0,0,36,0
1964,1,570,M,36.4762,Risk:LOW,0,0,13,0,0,0,1,0,0,0,25,0,0,0,8,0,0,0,14,0,0,0,17,0,0,0,25,0
1964,1,571,M,48.7498,Risk:LOW,0,0,27,0,0,0,0,0,0,0,71,0,0,0,13,0,0,0,28,0,0,0,45,0,0,0,58,0
1964,1,572,M,26.1884,Risk:LOW,0,0,3,0,0,0,0,0,0,0,8,0,0,0,3,0,0,0,3,0,0,0,6,0,0,0,8,0
1964,1,573,M,5.94995,Risk:LOW,0,0,0,0,0,0,0,0,0,0,0,0,0,0,0,0,0,0,0,0,0,0,0,0,0,0,0,0
1964,1,574,M,44.1357,Risk:LOW,0,0,27,0,0,0,0,0,0,0,48,0,0,0,14,0,0,0,27,0,0,0,36,0,0,0,43,0
1964,1,575,F,21.4753,Risk:LOW,0,0,2,0,0,0,0,0,0,0,6,0,0,0,1,0,0,0,2,0,0,0,3,0,0,0,7,0
1964,1,576,F,55.6698,Risk:HIGH,0,0,0,0,0,0,0,0,2,0,0,0,0,0,0,0,1,0,0,0,2,0,0,0,2,0,0,0
1964,1,577,M,35.0901,Risk:LOW,0,0,10,0,0,0,0,0,0,0,29,0,0,0,4,0,0,0,11,0,0,0,18,0,0,0,24,0
1964,1,578,M,7.13214,Risk:LOW,0,0,0,0,0,0,0,0,0,0,0,0,0,0,0,0,0,0,0,0,0,0,0,0,0,0,0,0
1964,1,579,M,23.4488,Risk:LOW,0,0,2,0,0,0,0,0,0,0,3,0,0,0,2,0,0,0,2,0,0,0,3,0,0,0,3,0
1964,1,580,M,41.7296,Risk:LOW,0,0,15,0,0,0,0,0,0,0,36,0,0,0,8,0,0,0,15,0,0,0,23,0,0,0,34,0
1964,1,581,F,4.54994,Risk:LOW,0,0,0,0,0,0,0,0,0,0,0,0,0,0,0,0,0,0,0,0,0,0,0,0,0,0,0,0
1964,1,582,F,5.83089,Risk:LOW,0,0,0,0,0,0,0,0,0,0,0,0,0,0,0,0,0,0,0,0,0,0,0,0,0,0,0,0
1964,1,583,M,5.33414,Risk:LOW,0,0,0,0,0,0,0,0,0,0,0,0,0,0,0,0,0,0,0,0,0,0,0,0,0,0,0,0
1964,1,584,F,31.3213,Risk:LOW,0,0,15,0,0,0,1,0,0,0,40,0,0,0,8,0,0,0,15,0,0,0,30,0,0,0,37,0
1964,1,585,F,12.2746,Risk:LOW,0,0,0,0,0,0,0,0,0,0,0,0,0,0,0,0,0,0,0,0,0,0,0,0,0,0,0,0
1964,1,586,F,9.63653,Risk:LOW,0,0,0,0,0,0,0,0,0,0,0,0,0,0,0,0,0,0,0,0,0,0,0,0,0,0,0,0
1964,1,587,M,3.66643,Risk:LOW,0,0,0,0,0,0,0,0,0,0,0,0,0,0,0,0,0,0,0,0,0,0,0,0,0,0,0,0
1964,1,588,M,42.4595,Risk:LOW,0,0,23,0,0,0,0,0,0,0,42,0,0,0,16,0,0,0,23,0,0,0,29,0,0,0,40,0
1964,1,589,M,55.9121,Risk:LOW,0,0,42,0,0,0,1,0,0,0,77,0,0,0,19,0,0,0,41,0,0,0,56,0,0,0,70,0
1964,1,590,F,17.176,Risk:LOW,0,0,3,0,0,0,0,0,0,0,6,0,0,0,2,0,0,0,4,0,0,0,5,0,0,0,6,0
1964,1,591,F,33.1409,Risk:LOW,0,0,25,0,0,0,1,0,0,0,41,0,0,0,13,0,0,0,23,0,0,0,32,0,0,0,36,0
1964,1,592,M,40.2312,Risk:LOW,0,0,20,0,0,0,0,0,0,0,40,0,0,0,11,0,0,0,17,0,0,0,29,0,0,0,35,0
1964,1,593,F,65.59,Risk:LOW,0,0,3,0,0,0,0,0,0,0,14,0,0,0,1,0,0,0,4,0,0,0,9,0,0,0,11,0
1964,1,594,M,5.2509,Risk:LOW,0,0,0,0,0,0,0,0,0,0,0,0,0,0,0,0,0,0,0,0,0,0,0,0,0,0,0,0
1964,1,595,M,4.71556,Risk:LOW,0,0,0,0,0,0,0,0,0,0,0,0,0,0,0,0,0,0,0,0,0,0,0,0,0,0,0,0
1964,1,596,M,45.1896,Risk:LOW,0,0,19,0,0,0,0,0,0,0,43,0,0,0,10,0,0,0,20,0,0,0,34,0,0,0,41,0
1964,1,597,M,29.1176,Risk:LOW,0,0,3,0,0,0,0,0,0,0,7,0,0,0,1,0,0,0,4,0,0,0,6,0,0,0,7,0
1964,1,598,F,38.6975,Risk:LOW,0,0,28,0,0,0,0,0,0,0,60,0,0,0,15,0,0,0,27,0,0,0,41,0,0,0,53,0
1964,1,599,F,16.136,Risk:LOW,0,0,1,0,0,0,0,0,0,0,1,0,0,0,1,0,0,0,1,0,0,0,1,0,0,0,1,0
1964,1,600,M,37.5358,Risk:LOW,0,0,10,0,0,0,0,0,0,0,26,0,0,0,5,0,0,0,10,0,0,0,18,0,0,0,25,0
1964,1,601,F,79.4742,Risk:LOW,0,0,4,0,0,0,0,0,0,0,4,0,0,0,3,0,0,0,3,0,0,0,3,0,0,0,3,0
1964,1,602,F,38.6095,Risk:LOW,0,0,35,0,0,0,0,0,0,0,68,0,0,0,18,0,0,0,32,0,0,0,45,0,0,0,58,0
1964,1,603,F,33.88,Risk:LOW,0,0,23,0,0,0,1,0,0,0,48,0,0,0,9,0,0,0,21,0,0,0,33,0,0,0,43,0
1964,1,604,M,6.64347,Risk:LOW,0,0,0,0,0,0,0,0,0,0,0,0,0,0,0,0,0,0,0,0,0,0,0,0,0,0,0,0
1964,1,605,M,45.6554,Risk:LOW,0,0,21,0,0,0,0,0,0,0,42,0,0,0,10,0,0,0,21,0,0,0,28,0,0,0,41,0
1964,1,606,M,33.5978,Risk:LOW,0,0,10,0,0,0,0,0,0,0,30,0,0,0,5,0,0,0,10,0,0,0,21,0,0,0,31,0
1964,1,607,M,17.0143,Risk:LOW,0,0,0,0,0,0,0,0,0,0,0,0,0,0,0,0,0,0,0,0,0,0,0,0,0,0,0,0
1964,1,608,M,17.8954,Risk:LOW,0,0,0,0,0,0,0,0,0,0,0,0,0,0,0,0,0,0,0,0,0,0,0,0,0,0,0,0
1964,1,609,M,58.5238,Risk:LOW,0,0,31,0,0,0,1,0,0,0,70,0,0,0,17,0,0,0,26,0,0,0,44,0,0,0,54,0
1964,1,610,F,13.7873,Risk:LOW,0,0,0,0,0,0,0,0,0,0,0,0,0,0,0,0,0,0,0,0,0,0,0,0,0,0,0,0
1964,1,611,F,17.6437,Risk:LOW,0,0,4,0,0,0,0,0,0,0,7,0,0,0,0,0,0,0,4,0,0,0,4,0,0,0,7,0
1964,1,612,F,17.9207,Risk:LOW,0,0,5,0,0,0,0,0,0,0,6,0,0,0,2,0,0,0,5,0,0,0,5,0,0,0,6,0
1964,1,613,M,35.0708,Risk:LOW,0,0,14,0,0,0,0,0,0,0,34,0,0,0,6,0,0,0,13,0,0,0,19,0,0,0,30,0
1964,1,614,M,58.1221,Risk:LOW,0,0,34,0,0,0,1,0,0,0,68,0,0,0,23,0,0,0,29,0,0,0,39,0,0,0,54,0
1964,1,615,F,30.5698,Risk:LOW,0,0,26,0,0,0,0,0,0,0,42,0,0,0,8,0,0,0,24,0,0,0,32,0,0,0,39,0
1964,1,616,M,6.6205,Risk:LOW,0,0,0,0,0,0,0,0,0,0,0,0,0,0,0,0,0,0,0,0,0,0,0,0,0,0,0,0
1964,1,617,F,27.437,Risk:LOW,0,0,10,0,0,0,0,0,0,0,19,0,0,0,6,0,0,0,11,0,0,0,13,0,0,0,19,0
1964,1,618,F,15.1742,Risk:LOW,0,0,0,0,0,0,0,0,0,0,0,0,0,0,0,0,0,0,0,0,0,0,0,0,0,0,0,0
1964,1,619,M,71.7933,Risk:LOW,0,0,3,0,0,0,0,0,0,0,8,0,0,0,2,0,0,0,3,0,0,0,6,0,0,0,7,0
1964,1,620,M,4.58036,Risk:LOW,0,0,0,0,0,0,0,0,0,0,0,0,0,0,0,0,0,0,0,0,0,0,0,0,0,0,0,0
1964,1,621,F,23.608,Risk:LOW,0,0,12,0,0,0,0,0,0,0,18,0,0,0,5,0,0,0,12,0,0,0,14,0,0,0,18,0
1964,1,622,F,58.7226,Risk:LOW,0,0,20,0,0,0,0,0,0,0,36,0,0,0,11,0,0,0,19,0,0,0,28,0,0,0,33,0
1964,1,623,M,7.51911,Risk:LOW,0,0,0,0,0,0,0,0,0,0,0,0,0,0,0,0,0,0,0,0,0,0,0,0,0,0,0,0
1964,1,624,M,32.155,Risk:LOW,0,0,11,0,0,0,0,0,0,0,20,0,0,0,5,0,0,0,11,0,0,0,14,0,0,0,20,0
1964,1,625,F,76.711,Risk:LOW,0,0,1,0,0,0,0,0,0,0,5,0,0,0,0,0,0,0,1,0,0,0,5,0,0,0,5,0
1964,1,626,F,41.1523,Risk:LOW,0,0,13,0,0,0,0,0,0,0,31,0,0,0,7,0,0,0,15,0,0,0,22,0,0,0,31,0
1964,1,627,F,42.7159,Risk:LOW,0,0,21,0,0,0,0,0,0,0,45,0,0,0,18,0,0,0,22,0,0,0,28,0,0,0,41,0
1964,1,628,F,10.355,Risk:LOW,0,0,0,0,0,0,0,0,0,0,0,0,0,0,0,0,0,0,0,0,0,0,0,0,0,0,0,0
1964,1,629,F,32.9818,Risk:LOW,0,0,20,0,0,0,0,0,0,0,36,0,0,0,8,0,0,0,20,0,0,0,28,0,0,0,35,0
1964,1,630,F,11.4188,Risk:LOW,0,0,0,0,0,0,0,0,0,0,0,0,0,0,0,0,0,0,0,0,0,0,0,0,0,0,0,0
1964,1,631,M,22.9482,Risk:LOW,0,0,1,0,0,0,0,0,0,0,2,0,0,0,0,0,0,0,1,0,0,0,1,0,0,0,2,0
1964,1,632,M,16.9974,Risk:LOW,0,0,2,0,0,0,0,0,0,0,3,0,0,0,2,0,0,0,2,0,0,0,3,0,0,0,3,0
1964,1,633,F,26.012,Risk:LOW,0,0,14,0,0,0,0,0,0,0,19,0,0,0,9,0,0,0,14,0,0,0,15,0,0,0,19,0
1964,1,634,F,36.4749,Risk:LOW,0,0,20,0,0,0,0,0,0,0,38,0,0,0,7,0,0,0,19,0,0,0,29,0,0,0,37,0
1964,1,635,F,9.62808,Risk:LOW,0,0,0,0,0,0,0,0,0,0,0,0,0,0,0,0,0,0,0,0,0,0,0,0,0,0,0,0
1964,1,636,F,29.8111,Risk:LOW,0,0,8,0,0,0,0,0,0,0,20,0,0,0,1,0,0,0,8,0,0,0,15,0,0,0,19,0
1964,1,637,M,25.5187,Risk:LOW,0,0,3,0,0,0,0,0,0,0,3,0,0,0,0,0,0,0,3,0,0,0,3,0,0,0,3,0
1964,1,638,F,38.1634,Risk:LOW,0,0,34,0,0,0,1,0,0,0,53,0,0,0,19,0,0,0,30,0,0,0,39,0,0,0,45,0
1964,1,639,M,12.1316,Risk:LOW,0,0,0,0,0,0,0,0,0,0,0,0,0,0,0,0,0,0,0,0,0,0,0,0,0,0,0,0
1964,1,640,M,56.045,Risk:LOW,0,0,33,0,0,0,2,0,0,0,76,0,0,0,17,0,0,0,34,0,0,0,49,0,0,0,61,0
1964,1,641,M,16.1701,Risk:LOW,0,0,0,0,0,0,0,0,0,0,0,0,0,0,0,0,0,0,0,0,0,0,0,0,0,0,0,0
1964,1,642,M,12.4612,Risk:LOW,0,0,0,0,0,0,0,0,0,0,0,0,0,0,0,0,0,0,0,0,0,0,0,0,0,0,0,0
1964,1,643,M,18.7043,Risk:LOW,0,0,1,0,0,0,0,0,0,0,2,0,0,0,0,0,0,0,1,0,0,0,1,0,0,0,2,0
1964,1,644,F,12.8486,Risk:LOW,0,0,0,0,0,0,0,0,0,0,0,0,0,0,0,0,0,0,0,0,0,0,0,0,0,0,0,0
1964,1,645,M,20.542,Risk:LOW,0,0,1,0,0,0,0,0,0,0,1,0,0,0,0,0,0,0,1,0,0,0,1,0,0,0,1,0
1964,1,646,M,23.7544,Risk:LOW,0,0,2,0,0,0,0,0,0,0,6,0,0,0,0,0,0,0,2,0,0,0,3,0,0,0,6,0
1964,1,647,M,11.4059,Risk:LOW,0,0,0,0,0,0,0,0,0,0,0,0,0,0,0,0,0,0,0,0,0,0,0,0,0,0,0,0
1964,1,648,F,8.62609,Risk:LOW,0,0,0,0,0,0,0,0,0,0,0,0,0,0,0,0,0,0,0,0,0,0,0,0,0,0,0,0
1964,1,649,M,5.62101,Risk:LOW,0,0,0,0,0,0,0,0,0,0,0,0,0,0,0,0,0,0,0,0,0,0,0,0,0,0,0,0
1964,1,650,M,21.0036,Risk:LOW,0,0,0,0,0,0,0,0,0,0,2,0,0,0,0,0,0,0,0,0,0,0,1,0,0,0,2,0
1964,1,651,M,41.0866,Risk:LOW,0,0,14,0,0,0,1,0,0,0,35,0,0,0,8,0,0,0,14,0,0,0,22,0,0,0,33,0
1964,1,652,M,18.1349,Risk:LOW,0,0,2,0,0,0,0,0,0,0,2,0,0,0,0,0,0,0,2,0,0,0,2,0,0,0,2,0
1964,1,653,F,68.0191,Risk:LOW,0,0,5,0,0,0,0,0,0,0,6,0,0,0,3,0,0,0,5,0,0,0,5,0,0,0,6,0
1964,1,654,M,39.7912,Risk:LOW,0,0,21,0,0,0,1,0,0,0,35,0,0,0,15,0,0,0,22,0,0,0,31,0,0,0,35,0
1964,1,655,F,38.5421,Risk:LOW,0,0,41,0,0,0,0,0,0,0,77,0,0,0,16,0,0,0,38,0,0,0,51,0,0,0,65,0
1964,1,656,M,41.5354,Risk:LOW,0,0,15,0,0,0,0,0,0,0,34,0,0,0,8,0,0,0,15,0,0,0,26,0,0,0,34,0
1964,1,657,M,39.125,Risk:LOW,0,0,17,0,0,0,0,0,0,0,32,0,0,0,11,0,0,0,16,0,0,0,21,0,0,0,30,0
1964,1,658,M,43.6237,Risk:LOW,0,0,25,0,0,0,0,0,0,0,43,0,0,0,12,0,0,0,23,0,0,0,36,0,0,0,40,0
1964,1,659,M,45.7201,Risk:LOW,0,0,24,0,0,0,0,0,0,0,49,0,0,0,10,0,0,0,23,0,0,0,34,0,0,0,46,0
1964,1,660,F,35.77,Risk:LOW,0,0,18,0,0,0,0,0,0,0,39,0,0,0,9,0,0,0,17,0,0,0,26,0,0,0,35,0
1964,1,661,F,25.6504,Risk:LOW,0,0,11,0,0,0,0,0,0,0,20,0,0,0,4,0,0,0,11,0,0,0,15,0,0,0,18,0
1964,1,662,F,80.3577,Risk:LOW,0,0,4,0,0,0,0,0,0,0,6,0,0,0,3,0,0,0,4,0,0,0,5,0,0,0,6,0
1964,1,663,F,17.6723,Risk:LOW,0,0,1,0,0,0,0,0,0,0,6,0,0,0,0,0,0,0,1,0,0,0,5,0,0,0,6,0
1964,1,664,F,46.9795,Risk:LOW,0,0,32,0,0,0,1,0,0,0,61,0,0,0,16,0,0,0,27,0,0,0,37,0,0,0,48,0
1964,1,665,M,10.119,Risk:LOW,0,0,0,0,0,0,0,0,0,0,0,0,0,0,0,0,0,0,0,0,0,0,0,0,0,0,0,0
1964,1,666,F,4.7725,Risk:LOW,0,0,0,0,0,0,0,0,0,0,0,0,0,0,0,0,0,0,0,0,0,0,0,0,0,0,0,0
1964,1,667,M,7.19878,Risk:LOW,0,0,0,0,0,0,0,0,0,0,0,0,0,0,0,0,0,0,0,0,0,0,0,0,0,0,0,0
1964,1,668,F,24.0304,Risk:LOW,0,0,5,0,0,0,0,0,0,0,10,0,0,0,2,0,0,0,5,0,0,0,8,0,0,0,10,0
1964,1,669,M,38.1395,Risk:LOW,0,0,18,0,0,0,0,0,0,0,30,0,0,0,8,0,0,0,15,0,0,0,20,0,0,0,29,0
1964,1,670,F,61.3227,Risk:LOW,0,0,13,0,0,0,1,0,0,0,21,0,0,0,5,0,0,0,13,0,0,0,18,0,0,0,21,0
1964,1,671,M,37.554,Risk:LOW,0,0,11,0,0,0,0,0,0,0,23,0,0,0,4,0,0,0,11,0,0,0,17,0,0,0,22,0
1964,1,672,F,47.0144,Risk:LOW,0,0,17,0,0,0,1,0,0,0,41,0,0,0,9,0,0,0,16,0,0,0,26,0,0,0,35,0
1964,1,673,M,4.87865,Risk:LOW,0,0,0,0,0,0,0,0,0,0,0,0,0,0,0,0,0,0,0,0,0,0,0,0,0,0,0,0
1964,1,674,F,37.8497,Risk:LOW,0,0,27,0,0,0,0,0,0,0,42,0,0,0,11,0,0,0,25,0,0,0,33,0,0,0,39,0
1964,1,675,M,37.5484,Risk:LOW,0,0,15,0,0,0,0,0,0,0,31,0,0,0,9,0,0,0,13,0,0,0,21,0,0,0,28,0
1964,1,676,M,29.4543,Risk:LOW,0,0,9,0,0,0,1,0,0,0,14,0,0,0,5,0,0,0,9,0,0,0,11,0,0,0,15,0
1964,1,677,F,45.0977,Risk:HIGH,1,0,0,0,0,0,0,0,2,0,0,0,1,0,0,0,1,0,0,0,2,0,0,0,2,0,0,0
1964,1,678,F,46.0522,Risk:LOW,0,0,19,0,0,0,1,0,0,0,40,0,0,0,12,0,0,0,18,0,0,0,26,0,0,0,36,0
1964,1,679,F,20.3376,Risk:LOW,0,0,1,0,0,0,0,0,0,0,3,0,0,0,1,0,0,0,1,0,0,0,2,0,0,0,3,0
1964,1,680,F,58.3731,Risk:LOW,0,0,13,0,0,0,0,0,0,0,28,0,0,0,7,0,0,0,11,0,0,0,18,0,0,0,23,0
1964,1,681,F,23.5529,Risk:LOW,0,0,7,0,0,0,0,0,0,0,13,0,0,0,4,0,0,0,7,0,0,0,9,0,0,0,14,0
1964,1,682,M,62.5812,Risk:LOW,0,0,24,0,0,0,0,0,0,0,50,0,0,0,13,0,0,0,24,0,0,0,34,0,0,0,44,0
1964,1,683,M,14.2433,Risk:LOW,0,0,0,0,0,0,0,0,0,0,0,0,0,0,0,0,0,0,0,0,0,0,0,0,0,0,0,0
1964,1,684,M,21.8404,Risk:LOW,0,0,2,0,0,0,0,0,0,0,2,0,0,0,0,0,0,0,2,0,0,0,2,0,0,0,2,0
1964,1,685,F,27.9509,Risk:LOW,0,0,15,0,0,0,0,0,0,0,23,0,0,0,7,0,0,0,14,0,0,0,16,0,0,0,21,0
1964,1,686,F,18.2664,Risk:LOW,0,0,2,0,0,0,0,0,0,0,7,0,0,0,2,0,0,0,2,0,0,0,4,0,0,0,8,0
1964,1,687,M,41.518,Risk:LOW,0,0,20,0,0,0,0,0,0,0,40,0,0,0,9,0,0,0,20,0,0,0,32,0,0,0,41,0
1964,1,688,M,7.80573,Risk:LOW,0,0,0,0,0,0,0,0,0,0,0,0,0,0,0,0,0,0,0,0,0,0,0,0,0,0,0,0
1964,1,689,F,10.3037,Risk:LOW,0,0,0,0,0,0,0,0,0,0,0,0,0,0,0,0,0,0,0,0,0,0,0,0,0,0,0,0
1964,1,690,M,14.7102,Risk:LOW,0,0,0,0,0,0,0,0,0,0,0,0,0,0,0,0,0,0,0,0,0,0,0,0,0,0,0,0
1964,1,691,F,42.0908,Risk:LOW,0,0,19,0,0,0,1,0,0,0,37,0,0,0,9,0,0,0,19,0,0,0,26,0,0,0,36,0
1964,1,692,F,5.08609,Risk:LOW,0,0,0,0,0,0,0,0,0,0,0,0,0,0,0,0,0,0,0,0,0,0,0,0,0,0,0,0
1964,1,693,F,42.4142,Risk:LOW,0,0,23,0,0,0,1,0,0,0,42,0,0,0,12,0,0,0,23,0,0,0,31,0,0,0,38,0
1964,1,694,F,38.6784,Risk:LOW,0,0,30,0,0,0,0,0,0,0,64,0,0,0,16,0,0,0,28,0,0,0,44,0,0,0,55,0
1964,1,695,M,32.2027,Risk:LOW,0,0,11,0,0,0,0,0,0,0,15,0,0,0,5,0,0,0,10,0,0,0,11,0,0,0,14,0
1964,1,696,F,5.13109,Risk:LOW,0,0,0,0,0,0,0,0,0,0,0,0,0,0,0,0,0,0,0,0,0,0,0,0,0,0,0,0
1964,1,697,F,46.1385,Risk:LOW,0,0,13,0,0,0,0,0,0,0,36,0,0,0,8,0,0,0,13,0,0,0,20,0,0,0,32,0
1964,1,698,F,34.6868,Risk:LOW,0,0,26,0,0,0,1,0,0,0,44,0,0,0,14,0,0,0,25,0,0,0,30,0,0,0,41,0
1964,1,699,F,5.54019,Risk:LOW,0,0,0,0,0,0,0,0,0,0,0,0,0,0,0,0,0,0,0,0,0,0,0,0,0,0,0,0
1964,1,700,M,29.0336,Risk:LOW,0,0,4,0,0,0,0,0,0,0,12,0,0,0,2,0,0,0,4,0,0,0,10,0,0,0,11,0
1964,1,701,F,72.4151,Risk:LOW,0,0,2,0,0,0,0,0,0,0,3,0,0,0,2,0,0,0,2,0,0,0,3,0,0,0,3,0
1964,1,702,M,3.51382,Risk:LOW,0,0,0,0,0,0,0,0,0,0,0,0,0,0,0,0,0,0,0,0,0,0,0,0,0,0,0,0
1964,1,703,F,11.6772,Risk:LOW,0,0,0,0,0,0,0,0,0,0,0,0,0,0,0,0,0,0,0,0,0,0,0,0,0,0,0,0
1964,1,704,F,19.6489,Risk:LOW,0,0,3,0,0,0,0,0,0,0,8,0,0,0,3,0,0,0,4,0,0,0,6,0,0,0,8,0
1964,1,705,F,7.12105,Risk:LOW,0,0,0,0,0,0,0,0,0,0,0,0,0,0,0,0,0,0,0,0,0,0,0,0,0,0,0,0
1964,1,706,F,36.8864,Risk:LOW,0,0,24,0,0,0,0,0,0,0,44,0,0,0,9,0,0,0,24,0,0,0,33,0,0,0,41,0
1964,1,707,M,11.1608,Risk:HIGH,0,0,0,0,0,0,0,0,0,0,0,0,0,0,0,0,0,0,0,0,0,0,0,0,0,0,0,0
1964,1,708,F,66.1922,Risk:HIGH,0,0,0,0,0,0,0,0,0,0,0,0,0,0,0,0,0,0,0,0,0,0,0,0,0,0,0,0
1964,1,709,F,52.6056,Risk:LOW,0,0,21,0,0,0,0,0,0,0,48,0,0,0,10,0,0,0,21,0,0,0,27,0,0,0,38,0
1964,1,710,M,44.1393,Risk:LOW,0,0,32,0,0,0,1,0,0,0,64,0,0,0,17,0,0,0,33,0,0,0,47,0,0,0,58,0
1964,1,711,M,29.9233,Risk:LOW,0,0,7,0,0,0,1,0,0,0,14,0,0,0,4,0,0,0,7,0,0,0,11,0,0,0,14,0
1964,1,712,M,34.94,Risk:LOW,0,0,12,0,0,0,1,0,0,0,24,0,0,0,7,0,0,0,13,0,0,0,17,0,0,0,23,0
1964,1,713,M,3.77643,Risk:LOW,0,0,0,0,0,0,0,0,0,0,0,0,0,0,0,0,0,0,0,0,0,0,0,0,0,0,0,0
1964,1,714,F,10.1073,Risk:LOW,0,0,0,0,0,0,0,0,0,0,0,0,0,0,0,0,0,0,0,0,0,0,0,0,0,0,0,0
1964,1,715,M,54.7054,Risk:LOW,0,0,37,0,0,0,2,0,0,0,80,0,0,0,24,0,0,0,32,0,0,0,46,0,0,0,61,0
1964,1,716,F,21.0122,Risk:LOW,0,0,3,0,0,0,0,0,0,0,9,0,0,0,2,0,0,0,4,0,0,0,5,0,0,0,10,0
1964,1,717,F,25.5859,Risk:LOW,0,0,13,0,0,0,0,0,0,0,24,0,0,0,8,0,0,0,14,0,0,0,19,0,0,0,22,0
1964,1,718,F,18.505,Risk:LOW,0,0,5,0,0,0,0,0,0,0,7,0,0,0,2,0,0,0,5,0,0,0,6,0,0,0,7,0
1964,1,719,F,3.89735,Risk:LOW,0,0,0,0,0,0,0,0,0,0,0,0,0,0,0,0,0,0,0,0,0,0,0,0,0,0,0,0
1964,1,720,F,46.4961,Risk:LOW,0,0,34,0,0,0,0,0,0,0,55,0,0,0,16,0,0,0,31,0,0,0,42,0,0,0,46,0
1964,1,721,M,92.7357,Risk:LOW,0,0,4,0,0,0,0,0,0,0,8,0,0,0,2,0,0,0,4,0,0,0,6,0,0,0,8,0
1964,1,722,M,60.5574,Risk:LOW,0,0,21,0,0,0,1,0,0,0,54,0,0,0,11,0,0,0,21,0,0,0,32,0,0,0,48,0
1964,1,723,M,12.6993,Risk:LOW,0,0,0,0,0,0,0,0,0,0,0,0,0,0,0,0,0,0,0,0,0,0,0,0,0,0,0,0
1964,1,724,F,30.0224,Risk:LOW,0,0,14,0,0,0,0,0,0,0,34,0,0,0,7,0,0,0,13,0,0,0,22,0,0,0,33,0
1964,1,725,M,53.126,Risk:LOW,0,0,39,0,0,0,1,0,0,0,70,0,0,0,17,0,0,0,37,0,0,0,49,0,0,0,60,0
1964,1,726,F,20.8018,Risk:LOW,0,0,5,0,0,0,1,0,0,0,10,0,0,0,3,0,0,0,4,0,0,0,7,0,0,0,8,0
1964,1,727,M,63.1287,Risk:LOW,0,0,5,0,0,0,0,0,0,0,14,0,0,0,1,0,0,0,5,0,0,0,9,0,0,0,15,0
1964,1,728,F,81.7635,Risk:LOW,0,0,4,0,0,0,0,0,0,0,7,0,0,0,2,0,0,0,4,0,0,0,5,0,0,0,7,0
1964,1,729,F,38.4579,Risk:LOW,0,0,31,0,0,0,0,0,0,0,61,0,0,0,15,0,0,0,30,0,0,0,39,0,0,0,55,0
1964,1,730,M,59.1532,Risk:LOW,0,0,32,0,0,0,1,0,0,0,58,0,0,0,11,0,0,0,30,0,0,0,35,0,0,0,46,0
1964,1,731,F,6.90471,Risk:LOW,0,0,0,0,0,0,0,0,0,0,0,0,0,0,0,0,0,0,0,0,0,0,0,0,0,0,0,0
1964,1,732,M,32.7431,Risk:HIGH,16,0,0,0,0,0,0,0,24,0,0,0,5,0,0,0,7,0,0,0,7,0,0,0,7,0,0,0
1964,1,733,F,32.7141,Risk:LOW,0,0,19,0,0,0,0,0,0,0,37,0,0,0,8,0,0,0,18,0,0,0,28,0,0,0,35,0
1964,1,734,F,16.0611,Risk:LOW,0,0,0,0,0,0,0,0,0,0,0,0,0,0,0,0,0,0,0,0,0,0,0,0,0,0,0,0
1964,1,735,M,11.9675,Risk:LOW,0,0,0,0,0,0,0,0,0,0,0,0,0,0,0,0,0,0,0,0,0,0,0,0,0,0,0,0
1964,1,736,M,68.1679,Risk:LOW,0,0,5,0,0,0,0,0,0,0,12,0,0,0,0,0,0,0,5,0,0,0,9,0,0,0,12,0
1964,1,737,M,47.1227,Risk:LOW,0,0,20,0,0,0,1,0,0,0,52,0,0,0,11,0,0,0,19,0,0,0,37,0,0,0,47,0
1964,1,738,M,30.8787,Risk:LOW,0,0,15,0,0,0,0,0,0,0,23,0,0,0,6,0,0,0,15,0,0,0,19,0,0,0,23,0
1964,1,739,F,43.9934,Risk:LOW,0,0,50,0,0,0,1,0,0,0,78,0,0,0,25,0,0,0,41,0,0,0,51,0,0,0,61,0
1964,1,740,F,4.58513,Risk:LOW,0,0,0,0,0,0,0,0,0,0,0,0,0,0,0,0,0,0,0,0,0,0,0,0,0,0,0,0
1964,1,741,F,53.1085,Risk:LOW,0,0,11,0,0,0,0,0,0,0,33,0,0,0,5,0,0,0,10,0,0,0,19,0,0,0,28,0
1964,1,742,M,3.90086,Risk:LOW,0,0,0,0,0,0,0,0,0,0,0,0,0,0,0,0,0,0,0,0,0,0,0,0,0,0,0,0
1964,1,743,F,47.7271,Risk:LOW,0,0,36,0,0,0,1,0,0,0,60,0,0,0,26,0,0,0,34,0,0,0,39,0,0,0,52,0
1964,1,744,M,5.14184,Risk:LOW,0,0,0,0,0,0,0,0,0,0,0,0,0,0,0,0,0,0,0,0,0,0,0,0,0,0,0,0
1964,1,745,F,9.2007,Risk:LOW,0,0,0,0,0,0,0,0,0,0,0,0,0,0,0,0,0,0,0,0,0,0,0,0,0,0,0,0
1964,1,746,M,44.0648,Risk:LOW,0,0,26,0,0,0,1,0,0,0,54,0,0,0,13,0,0,0,26,0,0,0,39,0,0,0,50,0
1964,1,747,F,15.2609,Risk:LOW,0,0,0,0,0,0,0,0,0,0,0,0,0,0,0,0,0,0,0,0,0,0,0,0,0,0,0,0
1964,1,748,F,23.0343,Risk:LOW,0,0,3,0,0,0,0,0,0,0,9,0,0,0,0,0,0,0,3,0,0,0,6,0,0,0,9,0
1964,1,749,F,32.825,Risk:LOW,0,0,27,0,0,0,1,0,0,0,48,0,0,0,12,0,0,0,24,0,0,0,36,0,0,0,43,0
1964,1,750,F,37.4756,Risk:LOW,0,0,24,0,0,0,1,0,0,0,45,0,0,0,12,0,0,0,24,0,0,0,34,0,0,0,42,0
1964,1,751,M,5.56866,Risk:LOW,0,0,0,0,0,0,0,0,0,0,0,0,0,0,0,0,0,0,0,0,0,0,0,0,0,0,0,0
1964,1,752,M,16.351,Risk:LOW,0,0,0,0,0,0,0,0,0,0,0,0,0,0,0,0,0,0,0,0,0,0,0,0,0,0,0,0
1964,1,753,F,34.4069,Risk:LOW,0,0,18,0,0,0,0,0,0,0,50,0,0,0,7,0,0,0,17,0,0,0,31,0,0,0,46,0
1964,1,754,M,24.9628,Risk:LOW,0,0,4,0,0,0,0,0,0,0,7,0,0,0,2,0,0,0,4,0,0,0,7,0,0,0,7,0
1964,1,755,M,23.1146,Risk:LOW,0,0,2,0,0,0,0,0,0,0,3,0,0,0,0,0,0,0,2,0,0,0,3,0,0,0,3,0
1964,1,756,F,5.0201,Risk:LOW,0,0,0,0,0,0,0,0,0,0,0,0,0,0,0,0,0,0,0,0,0,0,0,0,0,0,0,0
1964,1,757,M,60.1874,Risk:LOW,0,0,36,0,0,0,0,0,0,0,69,0,0,0,16,0,0,0,35,0,0,0,52,0,0,0,60,0
1964,1,758,M,74.4727,Risk:LOW,0,0,7,0,0,0,0,0,0,0,10,0,0,0,4,0,0,0,7,0,0,0,9,0,0,0,9,0
1964,1,759,F,22.3734,Risk:LOW,0,0,5,0,0,0,0,0,0,0,8,0,0,0,4,0,0,0,5,0,0,0,7,0,0,0,8,0
1964,1,760,M,5.05038,Risk:LOW,0,0,0,0,0,0,0,0,0,0,0,0,0,0,0,0,0,0,0,0,0,0,0,0,0,0,0,0
1964,1,761,M,36.113,Risk:LOW,0,0,14,0,0,0,0,0,0,0,27,0,0,0,6,0,0,0,15,0,0,0,20,0,0,0,29,0
1964,1,762,M,67.3798,Risk:LOW,0,0,4,0,0,0,0,0,0,0,10,0,0,0,2,0,0,0,4,0,0,0,6,0,0,0,10,0
1964,1,763,F,10.6912,Risk:LOW,0,0,0,0,0,0,0,0,0,0,0,0,0,0,0,0,0,0,0,0,0,0,0,0,0,0,0,0
1964,1,764,M,35.8982,Risk:LOW,0,0,14,0,0,0,0,0,0,0,33,0,0,0,8,0,0,0,15,0,0,0,21,0,0,0,29,0
1964,1,765,M,36.9644,Risk:LOW,0,0,11,0,0,0,0,0,0,0,28,0,0,0,4,0,0,0,11,0,0,0,17,0,0,0,25,0
1964,1,766,F,30.4058,Risk:LOW,0,0,23,0,0,0,1,0,0,0,32,0,0,0,12,0,0,0,23,0,0,0,27,0,0,0,32,0
1964,1,767,F,65.5756,Risk:LOW,0,0,3,0,0,0,0,0,0,0,6,0,0,0,2,0,0,0,3,0,0,0,4,0,0,0,7,0
1964,1,768,M,44.2999,Risk:LOW,0,0,24,0,0,0,2,0,0,0,49,0,0,0,13,0,0,0,24,0,0,0,35,0,0,0,46,0
1964,1,769,M,24.4761,Risk:LOW,0,0,1,0,0,0,0,0,0,0,5,0,0,0,1,0,0,0,1,0,0,0,3,0,0,0,5,0
1964,1,770,M,62.0885,Risk:LOW,0,0,26,0,0,0,1,0,0,0,51,0,0,0,15,0,0,0,26,0,0,0,33,0,0,0,44,0
1964,1,771,M,6.44843,Risk:LOW,0,0,0,0,0,0,0,0,0,0,0,0,0,0,0,0,0,0,0,0,0,0,0,0,0,0,0,0
1964,1,772,F,43.9958,Risk:LOW,0,0,47,0,0,0,1,0,0,0,108,0,0,0,20,0,0,0,45,0,0,0,60,0,0,0,79,0
1964,1,773,M,27.7205,Risk:LOW,0,0,7,0,0,0,0,0,0,0,16,0,0,0,6,0,0,0,7,0,0,0,10,0,0,0,16,0
1964,1,774,M,19.0421,Risk:LOW,0,0,0,0,0,0,0,0,0,0,0,0,0,0,0,0,0,0,0,0,0,0,0,0,0,0,0,0
1964,1,775,M,26.1324,Risk:LOW,0,0,8,0,0,0,0,0,0,0,10,0,0,0,2,0,0,0,8,0,0,0,8,0,0,0,10,0
1964,1,776,M,40.9156,Risk:LOW,0,0,25,0,0,0,1,0,0,0,49,0,0,0,8,0,0,0,22,0,0,0,33,0,0,0,46,0
1964,1,777,M,62.0006,Risk:LOW,0,0,24,0,0,0,1,0,0,0,43,0,0,0,16,0,0,0,24,0,0,0,33,0,0,0,35,0
1964,1,778,M,25.7989,Risk:LOW,0,0,5,0,0,0,0,0,0,0,10,0,0,0,4,0,0,0,6,0,0,0,8,0,0,0,10,0
1964,1,779,F,40.8086,Risk:LOW,0,0,22,0,0,0,1,0,0,0,43,0,0,0,12,0,0,0,22,0,0,0,27,0,0,0,39,0
1964,1,780,F,57.0443,Risk:LOW,0,0,16,0,0,0,0,0,0,0,28,0,0,0,8,0,0,0,16,0,0,0,20,0,0,0,23,0
1964,1,781,F,25.6825,Risk:LOW,0,0,10,0,0,0,0,0,0,0,20,0,0,0,6,0,0,0,12,0,0,0,16,0,0,0,20,0
1964,1,782,F,31.6656,Risk:LOW,0,0,23,0,0,0,1,0,0,0,41,0,0,0,8,0,0,0,23,0,0,0,33,0,0,0,39,0
1964,1,783,M,30.4837,Risk:LOW,0,0,15,0,0,0,0,0,0,0,26,0,0,0,10,0,0,0,16,0,0,0,20,0,0,0,26,0
1964,1,784,F,8.74243,Risk:LOW,0,0,0,0,0,0,0,0,0,0,0,0,0,0,0,0,0,0,0,0,0,0,0,0,0,0,0,0
1964,1,785,F,32.5263,Risk:LOW,0,0,14,0,0,0,0,0,0,0,36,0,0,0,8,0,0,0,15,0,0,0,26,0,0,0,36,0
1964,1,786,M,49.2888,Risk:LOW,0,0,40,0,0,0,0,0,0,0,87,0,0,0,23,0,0,0,40,0,0,0,57,0,0,0,72,0
1964,1,787,M,27.4068,Risk:LOW,0,0,7,0,0,0,0,0,0,0,15,0,0,0,3,0,0,0,7,0,0,0,10,0,0,0,15,0
1964,1,788,M,10.225,Risk:LOW,0,0,0,0,0,0,0,0,0,0,0,0,0,0,0,0,0,0,0,0,0,0,0,0,0,0,0,0
1964,1,789,M,16.2635,Risk:LOW,0,0,0,0,0,0,0,0,0,0,2,0,0,0,0,0,0,0,1,0,0,0,2,0,0,0,2,0
1964,1,790,M,16.9783,Risk:LOW,0,0,1,0,0,0,0,0,0,0,4,0,0,0,1,0,0,0,1,0,0,0,3,0,0,0,4,0
1964,1,791,M,22.146,Risk:LOW,0,0,1,0,0,0,0,0,0,0,2,0,0,0,0,0,0,0,1,0,0,0,2,0,0,0,2,0
1964,1,792,M,8.64098,Risk:LOW,0,0,0,0,0,0,0,0,0,0,0,0,0,0,0,0,0,0,0,0,0,0,0,0,0,0,0,0
1964,1,793,M,15.9975,Risk:LOW,0,0,0,0,0,0,0,0,0,0,0,0,0,0,0,0,0,0,0,0,0,0,0,0,0,0,0,0
1964,1,794,F,9.1418,Risk:LOW,0,0,0,0,0,0,0,0,0,0,0,0,0,0,0,0,0,0,0,0,0,0,0,0,0,0,0,0
1964,1,795,M,25.6516,Risk:LOW,0,0,5,0,0,0,1,0,0,0,7,0,0,0,2,0,0,0,5,0,0,0,7,0,0,0,7,0
1964,1,796,M,34.6332,Risk:LOW,0,0,12,0,0,0,0,0,0,0,29,0,0,0,6,0,0,0,13,0,0,0,24,0,0,0,27,0
1964,1,797,F,6.27452,Risk:LOW,0,0,0,0,0,0,0,0,0,0,0,0,0,0,0,0,0,0,0,0,0,0,0,0,0,0,0,0
1964,1,798,M,13.9437,Risk:LOW,0,0,0,0,0,0,0,0,0,0,0,0,0,0,0,0,0,0,0,0,0,0,0,0,0,0,0,0
1964,1,799,F,34.4827,Risk:LOW,0,0,16,0,0,0,0,0,0,0,45,0,0,0,10,0,0,0,16,0,0,0,26,0,0,0,42,0
1964,1,800,M,48.584,Risk:LOW,0,0,37,0,0,0,0,0,0,0,72,0,0,0,18,0,0,0,37,0,0,0,49,0,0,0,66,0
1964,1,801,F,24.3451,Risk:LOW,0,0,1,0,0,0,0,0,0,0,9,0,0,0,0,0,0,0,1,0,0,0,5,0,0,0,9,0
1964,1,802,M,9.19768,Risk:LOW,0,0,0,0,0,0,0,0,0,0,0,0,0,0,0,0,0,0,0,0,0,0,0,0,0,0,0,0
1964,1,803,F,38.6117,Risk:LOW,0,0,33,0,0,0,0,0,0,0,62,0,0,0,16,0,0,0,32,0,0,0,41,0,0,0,53,0
1964,1,804,F,33.5038,Risk:LOW,0,0,23,0,0,0,1,0,0,0,45,0,0,0,15,0,0,0,22,0,0,0,28,0,0,0,41,0
1964,1,805,F,6.31397,Risk:LOW,0,0,0,0,0,0,0,0,0,0,0,0,0,0,0,0,0,0,0,0,0,0,0,0,0,0,0,0
1964,1,806,F,25.593,Risk:LOW,0,0,9,0,0,0,0,0,0,0,13,0,0,0,1,0,0,0,9,0,0,0,12,0,0,0,14,0
1964,1,807,M,46.1672,Risk:LOW,0,0,21,0,0,0,0,0,0,0,46,0,0,0,10,0,0,0,20,0,0,0,33,0,0,0,44,0
1964,1,808,F,3.98146,Risk:LOW,0,0,0,0,0,0,0,0,0,0,0,0,0,0,0,0,0,0,0,0,0,0,0,0,0,0,0,0
1964,1,809,M,16.6349,Risk:LOW,0,0,0,0,0,0,0,0,0,0,0,0,0,0,0,0,0,0,0,0,0,0,0,0,0,0,0,0
1964,1,810,M,4.3531,Risk:LOW,0,0,0,0,0,0,0,0,0,0,0,0,0,0,0,0,0,0,0,0,0,0,0,0,0,0,0,0
1964,1,811,F,3.62077,Risk:LOW,0,0,0,0,0,0,0,0,0,0,0,0,0,0,0,0,0,0,0,0,0,0,0,0,0,0,0,0
1964,1,812,M,29.7419,Risk:LOW,0,0,6,0,0,0,0,0,0,0,11,0,0,0,2,0,0,0,6,0,0,0,10,0,0,0,11,0
1964,1,813,F,7.93045,Risk:LOW,0,0,0,0,0,0,0,0,0,0,0,0,0,0,0,0,0,0,0,0,0,0,0,0,0,0,0,0
1964,1,814,F,15.6395,Risk:LOW,0,0,0,0,0,0,0,0,0,0,0,0,0,0,0,0,0,0,0,0,0,0,0,0,0,0,0,0
1964,1,815,M,14.7659,Risk:LOW,0,0,0,0,0,0,0,0,0,0,0,0,0,0,0,0,0,0,0,0,0,0,0,0,0,0,0,0
1964,1,816,M,33.84,Risk:LOW,0,0,11,0,0,0,0,0,0,0,22,0,0,0,6,0,0,0,11,0,0,0,16,0,0,0,21,0
1964,1,817,M,32.7713,Risk:LOW,0,0,10,0,0,0,1,0,0,0,22,0,0,0,6,0,0,0,10,0,0,0,14,0,0,0,21,0
1964,1,818,F,33.3561,Risk:LOW,0,0,18,0,0,0,0,0,0,0,35,0,0,0,10,0,0,0,16,0,0,0,24,0,0,0,33,0
1964,1,819,F,20.992,Risk:LOW,0,0,3,0,0,0,0,0,0,0,8,0,0,0,1,0,0,0,3,0,0,0,5,0,0,0,8,0
1964,1,820,M,5.78752,Risk:HIGH,0,0,0,0,0,0,0,0,0,0,0,0,0,0,0,0,0,0,0,0,0,0,0,0,0,0,0,0
1964,1,821,F,28.1962,Risk:LOW,0,0,14,0,0,0,0,0,0,0,21,0,0,0,4,0,0,0,14,0,0,0,21,0,0,0,21,0
1964,1,822,M,30.7885,Risk:LOW,0,0,10,0,0,0,0,0,0,0,17,0,0,0,5,0,0,0,11,0,0,0,14,0,0,0,17,0
1964,1,823,M,9.1947,Risk:LOW,0,0,0,0,0,0,0,0,0,0,0,0,0,0,0,0,0,0,0,0,0,0,0,0,0,0,0,0
1964,1,824,F,5.66627,Risk:HIGH,0,0,0,0,0,0,0,0,0,0,0,0,0,0,0,0,0,0,0,0,0,0,0,0,0,0,0,0
1964,1,825,F,27.8923,Risk:LOW,0,0,12,0,0,0,0,0,0,0,25,0,0,0,8,0,0,0,12,0,0,0,17,0,0,0,23,0
1964,1,826,F,33.4477,Risk:LOW,0,0,16,0,0,0,1,0,0,0,50,0,0,0,10,0,0,0,15,0,0,0,27,0,0,0,45,0
1964,1,827,M,21.5114,Risk:LOW,0,0,2,0,0,0,0,0,0,0,3,0,0,0,0,0,0,0,2,0,0,0,2,0,0,0,3,0
1964,1,828,M,36.068,Risk:LOW,0,0,11,0,0,0,0,0,0,0,24,0,0,0,7,0,0,0,12,0,0,0,19,0,0,0,23,0
1964,1,829,F,8.30597,Risk:LOW,0,0,0,0,0,0,0,0,0,0,0,0,0,0,0,0,0,0,0,0,0,0,0,0,0,0,0,0
1964,1,830,F,12.9456,Risk:LOW,0,0,0,0,0,0,0,0,0,0,0,0,0,0,0,0,0,0,0,0,0,0,0,0,0,0,0,0
1964,1,831,F,12.2424,Risk:LOW,0,0,0,0,0,0,0,0,0,0,0,0,0,0,0,0,0,0,0,0,0,0,0,0,0,0,0,0
1964,1,832,F,5.48117,Risk:LOW,0,0,0,0,0,0,0,0,0,0,0,0,0,0,0,0,0,0,0,0,0,0,0,0,0,0,0,0
1964,1,833,F,21.1377,Risk:LOW,0,0,5,0,0,0,0,0,0,0,6,0,0,0,4,0,0,0,5,0,0,0,6,0,0,0,6,0
1964,1,834,M,15.4102,Risk:LOW,0,0,0,0,0,0,0,0,0,0,0,0,0,0,0,0,0,0,0,0,0,0,0,0,0,0,0,0
1964,1,835,F,50.6884,Risk:LOW,0,0,22,0,0,0,0,0,0,0,50,0,0,0,10,0,0,0,20,0,0,0,35,0,0,0,41,0
1964,1,836,F,34.1726,Risk:LOW,0,0,18,0,0,0,0,0,0,0,45,0,0,0,12,0,0,0,19,0,0,0,32,0,0,0,41,0
1964,1,837,F,14.9509,Risk:HIGH,0,0,0,0,0,0,0,0,0,0,0,0,0,0,0,0,0,0,0,0,0,0,0,0,0,0,0,0
1964,1,838,F,25.8501,Risk:LOW,0,0,13,0,0,0,1,0,0,0,20,0,0,0,3,0,0,0,15,0,0,0,19,0,0,0,20,0
1964,1,839,M,15.8465,Risk:LOW,0,0,0,0,0,0,0,0,0,0,0,0,0,0,0,0,0,0,0,0,0,0,0,0,0,0,0,0
1964,1,840,M,48.3092,Risk:LOW,0,0,46,0,0,0,1,0,0,0,79,0,0,0,22,0,0,0,39,0,0,0,53,0,0,0,61,0
1964,1,841,F,33.3616,Risk:LOW,0,0,32,0,0,0,0,0,0,0,56,0,0,0,15,0,0,0,30,0,0,0,42,0,0,0,54,0
1964,1,842,M,37.3486,Risk:LOW,0,0,15,0,0,0,0,0,0,0,27,0,0,0,6,0,0,0,15,0,0,0,20,0,0,0,26,0
1964,1,843,M,56.7319,Risk:LOW,0,0,41,0,0,0,2,0,0,0,80,0,0,0,22,0,0,0,36,0,0,0,50,0,0,0,65,0
1964,1,844,M,36.9786,Risk:LOW,0,0,17,0,0,0,0,0,0,0,36,0,0,0,8,0,0,0,17,0,0,0,24,0,0,0,35,0
1964,1,845,M,9.96358,Risk:LOW,0,0,0,0,0,0,0,0,0,0,0,0,0,0,0,0,0,0,0,0,0,0,0,0,0,0,0,0
1964,1,846,M,39.7534,Risk:LOW,0,0,15,0,0,0,0,0,0,0,36,0,0,0,5,0,0,0,16,0,0,0,27,0,0,0,35,0
1964,1,847,F,29.3079,Risk:LOW,0,0,12,0,0,0,1,0,0,0,34,0,0,0,8,0,0,0,13,0,0,0,21,0,0,0,31,0
1964,1,848,F,36.7125,Risk:LOW,0,0,25,0,0,0,0,0,0,0,43,0,0,0,13,0,0,0,24,0,0,0,35,0,0,0,41,0
1964,1,849,F,5.57589,Risk:LOW,0,0,0,0,0,0,0,0,0,0,0,0,0,0,0,0,0,0,0,0,0,0,0,0,0,0,0,0
1964,1,850,M,23.3447,Risk:LOW,0,0,3,0,0,0,0,0,0,0,4,0,0,0,1,0,0,0,3,0,0,0,4,0,0,0,4,0
1964,1,851,M,6.21927,Risk:LOW,0,0,0,0,0,0,0,0,0,0,0,0,0,0,0,0,0,0,0,0,0,0,0,0,0,0,0,0
1964,1,852,F,27.6976,Risk:LOW,0,0,9,0,0,0,0,0,0,0,18,0,0,0,6,0,0,0,9,0,0,0,13,0,0,0,18,0
1964,1,853,F,17.3165,Risk:LOW,0,0,0,0,0,0,0,0,0,0,3,0,0,0,0,0,0,0,0,0,0,0,2,0,0,0,3,0
1964,1,854,F,45.131,Risk:LOW,0,0,20,0,0,0,0,0,0,0,67,0,0,0,12,0,0,0,24,0,0,0,33,0,0,0,58,0
1964,1,855,F,8.57231,Risk:LOW,0,0,0,0,0,0,0,0,0,0,0,0,0,0,0,0,0,0,0,0,0,0,0,0,0,0,0,0
1964,1,856,M,20.1436,Risk:LOW,0,0,0,0,0,0,0,0,0,0,0,0,0,0,0,0,0,0,0,0,0,0,0,0,0,0,0,0
1964,1,857,F,40.5232,Risk:LOW,0,0,19,0,0,0,0,0,0,0,52,0,0,0,12,0,0,0,19,0,0,0,34,0,0,0,48,0
1964,1,858,F,31.9753,Risk:HIGH,8,0,0,0,0,0,0,0,16,0,0,0,5,0,0,0,6,0,0,0,7,0,0,0,9,0,0,0
1964,1,859,F,35.1785,Risk:LOW,0,0,26,0,0,0,0,0,0,0,64,0,0,0,13,0,0,0,23,0,0,0,38,0,0,0,53,0
1964,1,860,F,4.99261,Risk:LOW,0,0,0,0,0,0,0,0,0,0,0,0,0,0,0,0,0,0,0,0,0,0,0,0,0,0,0,0
1964,1,861,F,8.79885,Risk:LOW,0,0,0,0,0,0,0,0,0,0,0,0,0,0,0,0,0,0,0,0,0,0,0,0,0,0,0,0
1964,1,862,M,45.5001,Risk:LOW,0,0,21,0,0,0,1,0,0,0,55,0,0,0,11,0,0,0,22,0,0,0,38,0,0,0,52,0
1964,1,863,M,20.4873,Risk:LOW,0,0,1,0,0,0,0,0,0,0,4,0,0,0,1,0,0,0,1,0,0,0,1,0,0,0,4,0
1964,1,864,F,18.7109,Risk:LOW,0,0,3,0,0,0,1,0,0,0,7,0,0,0,3,0,0,0,4,0,0,0,7,0,0,0,7,0
1964,1,865,F,76.8416,Risk:LOW,0,0,4,0,0,0,0,0,0,0,9,0,0,0,2,0,0,0,4,0,0,0,8,0,0,0,9,0
1964,1,866,F,55.3089,Risk:HIGH,0,0,0,0,0,0,0,0,0,0,0,0,0,0,0,0,0,0,0,0,0,0,0,0,0,0,0,0
1964,1,867,M,41.8762,Risk:LOW,0,0,24,0,0,0,0,0,0,0,44,0,0,0,12,0,0,0,24,0,0,0,30,0,0,0,42,0
1964,1,868,M,47.2403,Risk:LOW,0,0,21,0,0,0,0,0,0,0,49,0,0,0,9,0,0,0,21,0,0,0,29,0,0,0,45,0
1964,1,869,M,55.6345,Risk:LOW,0,0,34,0,0,0,1,0,0,0,82,0,0,0,14,0,0,0,31,0,0,0,44,0,0,0,69,0
1964,1,870,M,8.48602,Risk:LOW,0,0,0,0,0,0,0,0,0,0,0,0,0,0,0,0,0,0,0,0,0,0,0,0,0,0,0,0
1964,1,871,F,10.0648,Risk:LOW,0,0,0,0,0,0,0,0,0,0,0,0,0,0,0,0,0,0,0,0,0,0,0,0,0,0,0,0
1964,1,872,F,7.31523,Risk:LOW,0,0,0,0,0,0,0,0,0,0,0,0,0,0,0,0,0,0,0,0,0,0,0,0,0,0,0,0
1964,1,873,M,3.61011,Risk:LOW,0,0,0,0,0,0,0,0,0,0,0,0,0,0,0,0,0,0,0,0,0,0,0,0,0,0,0,0
1964,1,874,M,80.6353,Risk:LOW,0,0,4,0,0,0,0,0,0,0,9,0,0,0,3,0,0,0,4,0,0,0,7,0,0,0,9,0
1964,1,875,F,8.49245,Risk:LOW,0,0,0,0,0,0,0,0,0,0,0,0,0,0,0,0,0,0,0,0,0,0,0,0,0,0,0,0
1964,1,876,F,10.5996,Risk:LOW,0,0,0,0,0,0,0,0,0,0,0,0,0,0,0,0,0,0,0,0,0,0,0,0,0,0,0,0
1964,1,877,F,22.0234,Risk:LOW,0,0,6,0,0,0,0,0,0,0,14,0,0,0,3,0,0,0,7,0,0,0,10,0,0,0,14,0
1964,1,878,F,6.60409,Risk:LOW,0,0,0,0,0,0,0,0,0,0,0,0,0,0,0,0,0,0,0,0,0,0,0,0,0,0,0,0
1964,1,879,M,8.55435,Risk:LOW,0,0,0,0,0,0,0,0,0,0,0,0,0,0,0,0,0,0,0,0,0,0,0,0,0,0,0,0
1964,1,880,M,24.0221,Risk:LOW,0,0,0,0,0,0,0,0,0,0,1,0,0,0,0,0,0,0,0,0,0,0,0,0,0,0,1,0
1964,1,881,F,41.6884,Risk:LOW,0,0,31,0,0,0,0,0,0,0,55,0,0,0,12,0,0,0,28,0,0,0,38,0,0,0,48,0
1964,1,882,F,43.8302,Risk:LOW,0,0,45,0,0,0,0,0,0,0,82,0,0,0,21,0,0,0,38,0,0,0,53,0,0,0,62,0
1964,1,883,M,76.4812,Risk:LOW,0,0,4,0,0,0,0,0,0,0,7,0,0,0,3,0,0,0,3,0,0,0,5,0,0,0,6,0
1964,1,884,M,24.5854,Risk:LOW,0,0,5,0,0,0,0,0,0,0,6,0,0,0,1,0,0,0,5,0,0,0,5,0,0,0,6,0
1964,1,885,M,4.43855,Risk:HIGH,0,0,0,0,0,0,0,0,0,0,0,0,0,0,0,0,0,0,0,0,0,0,0,0,0,0,0,0
1964,1,886,F,12.199,Risk:LOW,0,0,0,0,0,0,0,0,0,0,0,0,0,0,0,0,0,0,0,0,0,0,0,0,0,0,0,0
1964,1,887,M,18.156,Risk:LOW,0,0,0,0,0,0,0,0,0,0,0,0,0,0,0,0,0,0,0,0,0,0,0,0,0,0,0,0
1964,1,888,M,22.2575,Risk:LOW,0,0,0,0,0,0,0,0,0,0,2,0,0,0,0,0,0,0,0,0,0,0,1,0,0,0,2,0
1964,1,889,F,12.3683,Risk:LOW,0,0,0,0,0,0,0,0,0,0,0,0,0,0,0,0,0,0,0,0,0,0,0,0,0,0,0,0
1964,1,890,F,12.1829,Risk:LOW,0,0,0,0,0,0,0,0,0,0,0,0,0,0,0,0,0,0,0,0,0,0,0,0,0,0,0,0
1964,1,891,M,68.613,Risk:LOW,0,0,3,0,0,0,0,0,0,0,8,0,0,0,2,0,0,0,3,0,0,0,7,0,0,0,8,0
1964,1,892,M,38.0079,Risk:LOW,0,0,30,0,0,0,1,0,0,0,43,0,0,0,11,0,0,0,28,0,0,0,33,0,0,0,38,0
1964,1,893,F,11.5735,Risk:LOW,0,0,0,0,0,0,0,0,0,0,0,0,0,0,0,0,0,0,0,0,0,0,0,0,0,0,0,0
1964,1,894,M,46.7668,Risk:LOW,0,0,27,0,0,0,0,0,0,0,50,0,0,0,10,0,0,0,25,0,0,0,35,0,0,0,44,0
1964,1,895,F,5.52778,Risk:LOW,0,0,0,0,0,0,0,0,0,0,0,0,0,0,0,0,0,0,0,0,0,0,0,0,0,0,0,0
1964,1,896,F,7.61645,Risk:LOW,0,0,0,0,0,0,0,0,0,0,0,0,0,0,0,0,0,0,0,0,0,0,0,0,0,0,0,0
1964,1,897,M,6.75886,Risk:LOW,0,0,0,0,0,0,0,0,0,0,0,0,0,0,0,0,0,0,0,0,0,0,0,0,0,0,0,0
1964,1,898,F,9.22639,Risk:LOW,0,0,0,0,0,0,0,0,0,0,0,0,0,0,0,0,0,0,0,0,0,0,0,0,0,0,0,0
1964,1,899,M,46.4644,Risk:LOW,0,0,14,0,0,0,0,0,0,0,42,0,0,0,8,0,0,0,14,0,0,0,24,0,0,0,40,0
1964,1,900,M,53.3935,Risk:LOW,0,0,37,0,0,0,1,0,0,0,79,0,0,0,18,0,0,0,34,0,0,0,49,0,0,0,62,0
1964,1,901,F,68.441,Risk:LOW,0,0,0,0,0,0,0,0,0,0,3,0,0,0,0,0,0,0,0,0,0,0,1,0,0,0,3,0
1964,1,902,F,12.6465,Risk:LOW,0,0,0,0,0,0,0,0,0,0,0,0,0,0,0,0,0,0,0,0,0,0,0,0,0,0,0,0
1964,1,903,F,38.9567,Risk:LOW,0,0,28,0,0,0,1,0,0,0,70,0,0,0,8,0,0,0,28,0,0,0,49,0,0,0,58,0
1964,1,904,M,18.394,Risk:LOW,0,0,1,0,0,0,0,0,0,0,1,0,0,0,0,0,0,0,1,0,0,0,1,0,0,0,1,0
1964,1,905,F,19.3264,Risk:LOW,0,0,0,0,0,0,0,0,0,0,3,0,0,0,0,0,0,0,0,0,0,0,1,0,0,0,4,0
1964,1,906,F,35.2719,Risk:LOW,0,0,16,0,0,0,1,0,0,0,47,0,0,0,8,0,0,0,15,0,0,0,26,0,0,0,43,0
1964,1,907,F,41.2721,Risk:LOW,0,0,22,0,0,0,0,0,0,0,44,0,0,0,9,0,0,0,21,0,0,0,28,0,0,0,37,0
1964,1,908,M,35.584,Risk:LOW,0,0,16,0,0,0,0,0,0,0,34,0,0,0,9,0,0,0,15,0,0,0,21,0,0,0,31,0
1964,1,909,M,44.4826,Risk:LOW,0,0,28,0,0,0,1,0,0,0,48,0,0,0,16,0,0,0,28,0,0,0,39,0,0,0,44,0
1964,1,910,F,45.8989,Risk:LOW,0,0,29,0,0,0,1,0,0,0,52,0,0,0,13,0,0,0,26,0,0,0,29,0,0,0,46,0
1964,1,911,F,46.6772,Risk:LOW,0,0,13,0,0,0,0,0,0,0,34,0,0,0,4,0,0,0,12,0,0,0,22,0,0,0,31,0
1964,1,912,F,16.6076,Risk:LOW,0,0,3,0,0,0,0,0,0,0,7,0,0,0,2,0,0,0,3,0,0,0,5,0,0,0,7,0
1964,1,913,M,4.48405,Risk:HIGH,0,0,0,0,0,0,0,0,0,0,0,0,0,0,0,0,0,0,0,0,0,0,0,0,0,0,0,0
1964,1,914,M,53.1441,Risk:LOW,0,0,34,0,0,0,1,0,0,0,72,0,0,0,18,0,0,0,34,0,0,0,54,0,0,0,64,0
1964,1,915,M,57.9543,Risk:LOW,0,0,29,0,0,0,1,0,0,0,64,0,0,0,18,0,0,0,26,0,0,0,39,0,0,0,51,0
1964,1,916,M,42.4876,Risk:LOW,0,0,20,0,0,0,0,0,0,0,40,0,0,0,9,0,0,0,20,0,0,0,27,0,0,0,35,0
1964,1,917,M,28.7001,Risk:LOW,0,0,10,0,0,0,0,0,0,0,19,0,0,0,5,0,0,0,10,0,0,0,15,0,0,0,19,0
1964,1,918,M,5.85394,Risk:LOW,0,0,0,0,0,0,0,0,0,0,0,0,0,0,0,0,0,0,0,0,0,0,0,0,0,0,0,0
1964,1,919,F,24.1397,Risk:LOW,0,0,8,0,0,0,0,0,0,0,15,0,0,0,7,0,0,0,8,0,0,0,13,0,0,0,15,0
1964,1,920,M,10.8422,Risk:LOW,0,0,0,0,0,0,0,0,0,0,0,0,0,0,0,0,0,0,0,0,0,0,0,0,0,0,0,0
1964,1,921,M,5.59609,Risk:LOW,0,0,0,0,0,0,0,0,0,0,0,0,0,0,0,0,0,0,0,0,0,0,0,0,0,0,0,0
1964,1,922,M,32.8908,Risk:LOW,0,0,9,0,0,0,0,0,0,0,23,0,0,0,6,0,0,0,9,0,0,0,17,0,0,0,23,0
1964,1,923,F,53.3781,Risk:LOW,0,0,16,0,0,0,0,0,0,0,31,0,0,0,9,0,0,0,15,0,0,0,21,0,0,0,26,0
1964,1,924,M,36.4522,Risk:LOW,0,0,11,0,0,0,0,0,0,0,26,0,0,0,4,0,0,0,12,0,0,0,18,0,0,0,26,0
1964,1,925,M,18.4669,Risk:LOW,0,0,1,0,0,0,0,0,0,0,2,0,0,0,1,0,0,0,1,0,0,0,1,0,0,0,2,0
1964,1,926,F,12.2351,Risk:LOW,0,0,0,0,0,0,0,0,0,0,0,0,0,0,0,0,0,0,0,0,0,0,0,0,0,0,0,0
1964,1,927,F,3.59527,Risk:LOW,0,0,0,0,0,0,0,0,0,0,0,0,0,0,0,0,0,0,0,0,0,0,0,0,0,0,0,0
1964,1,928,F,15.3739,Risk:LOW,0,0,0,0,0,0,0,0,0,0,0,0,0,0,0,0,0,0,0,0,0,0,0,0,0,0,0,0
1964,1,929,M,8.44044,Risk:LOW,0,0,0,0,0,0,0,0,0,0,0,0,0,0,0,0,0,0,0,0,0,0,0,0,0,0,0,0
1964,1,930,F,64.7186,Risk:LOW,0,0,3,0,0,0,0,0,0,0,6,0,0,0,3,0,0,0,3,0,0,0,4,0,0,0,5,0
1964,1,931,F,30.1516,Risk:LOW,0,0,11,0,0,0,0,0,0,0,25,0,0,0,7,0,0,0,11,0,0,0,18,0,0,0,26,0
1964,1,932,M,70.6671,Risk:LOW,0,0,6,0,0,0,0,0,0,0,10,0,0,0,3,0,0,0,6,0,0,0,9,0,0,0,11,0
1964,1,933,M,12.4113,Risk:LOW,0,0,0,0,0,0,0,0,0,0,0,0,0,0,0,0,0,0,0,0,0,0,0,0,0,0,0,0
1964,1,934,M,5.42749,Risk:LOW,0,0,0,0,0,0,0,0,0,0,0,0,0,0,0,0,0,0,0,0,0,0,0,0,0,0,0,0
1964,1,935,M,8.18451,Risk:LOW,0,0,0,0,0,0,0,0,0,0,0,0,0,0,0,0,0,0,0,0,0,0,0,0,0,0,0,0
1964,1,936,F,29.5458,Risk:LOW,0,0,14,0,0,0,0,0,0,0,25,0,0,0,5,0,0,0,13,0,0,0,21,0,0,0,24,0
1964,1,937,F,7.31907,Risk:HIGH,0,0,0,0,0,0,0,0,0,0,0,0,0,0,0,0,0,0,0,0,0,0,0,0,0,0,0,0
1964,1,938,M,7.75357,Risk:LOW,0,0,0,0,0,0,0,0,0,0,0,0,0,0,0,0,0,0,0,0,0,0,0,0,0,0,0,0
1964,1,939,F,21.7987,Risk:LOW,0,0,2,0,0,0,0,0,0,0,8,0,0,0,1,0,0,0,2,0,0,0,6,0,0,0,8,0
1964,1,940,M,11.1978,Risk:LOW,0,0,0,0,0,0,0,0,0,0,0,0,0,0,0,0,0,0,0,0,0,0,0,0,0,0,0,0
1964,1,941,F,5.93454,Risk:LOW,0,0,0,0,0,0,0,0,0,0,0,0,0,0,0,0,0,0,0,0,0,0,0,0,0,0,0,0
1964,1,942,M,8.37486,Risk:LOW,0,0,0,0,0,0,0,0,0,0,0,0,0,0,0,0,0,0,0,0,0,0,0,0,0,0,0,0
1964,1,943,M,17.5731,Risk:LOW,0,0,2,0,0,0,0,0,0,0,2,0,0,0,1,0,0,0,2,0,0,0,2,0,0,0,2,0
1964,1,944,F,4.3154,Risk:LOW,0,0,0,0,0,0,0,0,0,0,0,0,0,0,0,0,0,0,0,0,0,0,0,0,0,0,0,0
1964,1,945,F,42.0882,Risk:LOW,0,0,22,0,0,0,0,0,0,0,44,0,0,0,9,0,0,0,19,0,0,0,26,0,0,0,37,0
1964,1,946,F,17.4269,Risk:LOW,0,0,2,0,0,0,0,0,0,0,5,0,0,0,0,0,0,0,2,0,0,0,4,0,0,0,5,0
1964,1,947,F,55.5947,Risk:LOW,0,0,12,0,0,0,0,0,0,0,27,0,0,0,7,0,0,0,11,0,0,0,15,0,0,0,26,0
1964,1,948,M,16.0299,Risk:LOW,0,0,0,0,0,0,0,0,0,0,0,0,0,0,0,0,0,0,0,0,0,0,0,0,0,0,0,0
1964,1,949,M,37.3268,Risk:LOW,0,0,13,0,0,0,0,0,0,0,25,0,0,0,8,0,0,0,13,0,0,0,23,0,0,0,26,0
1964,1,950,M,78.9616,Risk:LOW,0,0,1,0,0,0,0,0,0,0,9,0,0,0,0,0,0,0,1,0,0,0,5,0,0,0,9,0
1964,1,951,M,28.9806,Risk:LOW,0,0,7,0,0,0,0,0,0,0,13,0,0,0,2,0,0,0,8,0,0,0,12,0,0,0,14,0
1964,1,952,M,50.9559,Risk:LOW,0,0,30,0,0,0,2,0,0,0,48,0,0,0,14,0,0,0,28,0,0,0,34,0,0,0,42,0
1964,1,953,M,23.98,Risk:LOW,0,0,6,0,0,0,0,0,0,0,7,0,0,0,2,0,0,0,6,0,0,0,7,0,0,0,7,0
1964,1,954,F,4.36711,Risk:LOW,0,0,0,0,0,0,0,0,0,0,0,0,0,0,0,0,0,0,0,0,0,0,0,0,0,0,0,0
1964,1,955,M,5.61188,Risk:LOW,0,0,0,0,0,0,0,0,0,0,0,0,0,0,0,0,0,0,0,0,0,0,0,0,0,0,0,0
1964,1,956,F,7.22974,Risk:LOW,0,0,0,0,0,0,0,0,0,0,0,0,0,0,0,0,0,0,0,0,0,0,0,0,0,0,0,0
1964,1,957,M,11.1569,Risk:LOW,0,0,0,0,0,0,0,0,0,0,0,0,0,0,0,0,0,0,0,0,0,0,0,0,0,0,0,0
1964,1,958,F,54.6304,Risk:LOW,0,0,12,0,0,0,0,0,0,0,24,0,0,0,4,0,0,0,11,0,0,0,16,0,0,0,20,0
1964,1,959,F,41.0014,Risk:LOW,0,0,18,0,0,0,1,0,0,0,40,0,0,0,13,0,0,0,18,0,0,0,28,0,0,0,34,0
1964,1,960,M,62.5028,Risk:LOW,0,0,20,0,0,0,1,0,0,0,42,0,0,0,10,0,0,0,20,0,0,0,29,0,0,0,38,0
1964,1,961,M,3.5086,Risk:LOW,0,0,0,0,0,0,0,0,0,0,0,0,0,0,0,0,0,0,0,0,0,0,0,0,0,0,0,0
1964,1,962,M,17.8145,Risk:LOW,0,0,0,0,0,0,0,0,0,0,0,0,0,0,0,0,0,0,0,0,0,0,0,0,0,0,0,0
1964,1,963,F,4.91613,Risk:LOW,0,0,0,0,0,0,0,0,0,0,0,0,0,0,0,0,0,0,0,0,0,0,0,0,0,0,0,0
1964,1,964,M,10.0178,Risk:LOW,0,0,0,0,0,0,0,0,0,0,0,0,0,0,0,0,0,0,0,0,0,0,0,0,0,0,0,0
1964,1,965,F,31.2618,Risk:LOW,0,0,18,0,0,0,1,0,0,0,38,0,0,0,9,0,0,0,18,0,0,0,29,0,0,0,39,0
1964,1,966,F,61.1595,Risk:LOW,0,0,10,0,0,0,0,0,0,0,24,0,0,0,6,0,0,0,9,0,0,0,15,0,0,0,21,0
1964,1,967,F,8.32557,Risk:LOW,0,0,0,0,0,0,0,0,0,0,0,0,0,0,0,0,0,0,0,0,0,0,0,0,0,0,0,0
1964,1,968,M,66.677,Risk:LOW,0,0,3,0,0,0,0,0,0,0,10,0,0,0,1,0,0,0,3,0,0,0,7,0,0,0,10,0
1964,1,969,F,55.8374,Risk:LOW,0,0,12,0,0,0,1,0,0,0,27,0,0,0,8,0,0,0,13,0,0,0,15,0,0,0,25,0
1964,1,970,M,38.9817,Risk:LOW,0,0,30,0,0,0,0,0,0,0,54,0,0,0,11,0,0,0,27,0,0,0,37,0,0,0,46,0
1964,1,971,M,46.1174,Risk:LOW,0,0,21,0,0,0,1,0,0,0,48,0,0,0,10,0,0,0,21,0,0,0,33,0,0,0,44,0
1964,1,972,F,10.9102,Risk:LOW,0,0,0,0,0,0,0,0,0,0,0,0,0,0,0,0,0,0,0,0,0,0,0,0,0,0,0,0
1964,1,973,M,25.0925,Risk:LOW,0,0,6,0,0,0,1,0,0,0,9,0,0,0,3,0,0,0,6,0,0,0,6,0,0,0,9,0
1964,1,974,F,3.86993,Risk:LOW,0,0,0,0,0,0,0,0,0,0,0,0,0,0,0,0,0,0,0,0,0,0,0,0,0,0,0,0
1964,1,975,F,44.5175,Risk:LOW,0,0,29,0,0,0,0,0,0,0,63,0,0,0,14,0,0,0,25,0,0,0,38,0,0,0,54,0
1964,1,976,M,11.889,Risk:LOW,0,0,0,0,0,0,0,0,0,0,0,0,0,0,0,0,0,0,0,0,0,0,0,0,0,0,0,0
1964,1,977,M,59.5609,Risk:LOW,0,0,24,0,0,0,0,0,0,0,50,0,0,0,10,0,0,0,23,0,0,0,35,0,0,0,47,0
1964,1,978,M,13.3714,Risk:LOW,0,0,1,0,0,0,0,0,0,0,1,0,0,0,1,0,0,0,1,0,0,0,1,0,0,0,1,0
1964,1,979,F,5.25392,Risk:LOW,0,0,0,0,0,0,0,0,0,0,0,0,0,0,0,0,0,0,0,0,0,0,0,0,0,0,0,0
1964,1,980,M,34.7913,Risk:LOW,0,0,11,0,0,0,0,0,0,0,26,0,0,0,6,0,0,0,12,0,0,0,17,0,0,0,27,0
1964,1,981,F,18.9858,Risk:LOW,0,0,7,0,0,0,0,0,0,0,8,0,0,0,3,0,0,0,7,0,0,0,8,0,0,0,8,0
1964,1,982,F,35.5861,Risk:LOW,0,0,24,0,0,0,1,0,0,0,46,0,0,0,14,0,0,0,23,0,0,0,33,0,0,0,45,0
1964,1,983,F,10.8602,Risk:LOW,0,0,0,0,0,0,0,0,0,0,0,0,0,0,0,0,0,0,0,0,0,0,0,0,0,0,0,0
1964,1,984,M,19.8612,Risk:LOW,0,0,0,0,0,0,0,0,0,0,0,0,0,0,0,0,0,0,0,0,0,0,0,0,0,0,0,0
1964,1,985,M,33.8204,Risk:LOW,0,0,9,0,0,0,0,0,0,0,32,0,0,0,6,0,0,0,9,0,0,0,19,0,0,0,30,0
1964,1,986,M,40.2355,Risk:LOW,0,0,13,0,0,0,0,0,0,0,33,0,0,0,6,0,0,0,13,0,0,0,18,0,0,0,31,0
1964,1,987,F,59.4587,Risk:LOW,0,0,13,0,0,0,0,0,0,0,31,0,0,0,5,0,0,0,12,0,0,0,20,0,0,0,29,0
1964,1,988,F,5.47403,Risk:LOW,0,0,0,0,0,0,0,0,0,0,0,0,0,0,0,0,0,0,0,0,0,0,0,0,0,0,0,0
1964,1,989,M,53.2435,Risk:LOW,0,0,36,0,0,0,1,0,0,0,80,0,0,0,17,0,0,0,28,0,0,0,45,0,0,0,59,0
1964,1,990,F,18.2725,Risk:LOW,0,0,7,0,0,0,1,0,0,0,12,0,0,0,3,0,0,0,7,0,0,0,9,0,0,0,12,0
1964,1,991,F,5.43504,Risk:LOW,0,0,0,0,0,0,0,0,0,0,0,0,0,0,0,0,0,0,0,0,0,0,0,0,0,0,0,0
1964,1,992,F,9.57385,Risk:LOW,0,0,0,0,0,0,0,0,0,0,0,0,0,0,0,0,0,0,0,0,0,0,0,0,0,0,0,0
1964,1,993,F,4.87354,Risk:LOW,0,0,0,0,0,0,0,0,0,0,0,0,0,0,0,0,0,0,0,0,0,0,0,0,0,0,0,0
1964,1,994,M,43.8569,Risk:LOW,0,0,24,0,0,0,1,0,0,0,40,0,0,0,7,0,0,0,24,0,0,0,32,0,0,0,37,0
1964,1,995,F,12.9212,Risk:HIGH,0,0,0,0,0,0,0,0,0,0,0,0,0,0,0,0,0,0,0,0,0,0,0,0,0,0,0,0
1964,1,996,F,27.2373,Risk:LOW,0,0,8,0,0,0,0,0,0,0,22,0,0,0,2,0,0,0,8,0,0,0,17,0,0,0,22,0
1964,1,997,M,54.3868,Risk:LOW,0,0,42,0,0,0,1,0,0,0,88,0,0,0,20,0,0,0,38,0,0,0,52,0,0,0,66,0
1964,1,998,M,10.9085,Risk:LOW,0,0,0,0,0,0,0,0,0,0,0,0,0,0,0,0,0,0,0,0,0,0,0,0,0,0,0,0
1964,1,999,M,44.9959,Risk:LOW,0,0,31,0,0,0,0,0,0,0,63,0,0,0,15,0,0,0,30,0,0,0,47,0,0,0,55,0
1964,1,1000,F,36.4832,Risk:LOW,0,0,31,0,0,0,1,0,0,0,49,0,0,0,13,0,0,0,29,0,0,0,38,0,0,0,42,0
1964,1,1001,F,44.1021,Risk:LOW,0,0,33,0,0,0,1,0,0,0,71,0,0,0,16,0,0,0,33,0,0,0,50,0,0,0,60,0
1964,1,1002,F,12.1695,Risk:LOW,0,0,0,0,0,0,0,0,0,0,0,0,0,0,0,0,0,0,0,0,0,0,0,0,0,0,0,0
1964,1,1003,M,5.56027,Risk:HIGH,0,0,0,0,0,0,0,0,0,0,0,0,0,0,0,0,0,0,0,0,0,0,0,0,0,0,0,0
1964,1,1004,F,14.1154,Risk:LOW,0,0,0,0,0,0,0,0,0,0,0,0,0,0,0,0,0,0,0,0,0,0,0,0,0,0,0,0
1964,1,1005,F,9.15326,Risk:LOW,0,0,0,0,0,0,0,0,0,0,0,0,0,0,0,0,0,0,0,0,0,0,0,0,0,0,0,0
1964,1,1006,M,29.4434,Risk:LOW,0,0,10,0,0,0,0,0,0,0,15,0,0,0,6,0,0,0,10,0,0,0,12,0,0,0,14,0
1964,1,1007,M,51.4678,Risk:LOW,0,0,28,0,0,0,0,0,0,0,53,0,0,0,19,0,0,0,27,0,0,0,39,0,0,0,46,0
1964,1,1008,F,5.00652,Risk:LOW,0,0,0,0,0,0,0,0,0,0,0,0,0,0,0,0,0,0,0,0,0,0,0,0,0,0,0,0
1964,1,1009,F,58.1678,Risk:LOW,0,0,18,0,0,0,1,0,0,0,35,0,0,0,8,0,0,0,19,0,0,0,24,0,0,0,30,0
1964,1,1010,M,30.9064,Risk:LOW,0,0,13,0,0,0,0,0,0,0,19,0,0,0,6,0,0,0,13,0,0,0,16,0,0,0,18,0
1964,1,1011,M,60.6504,Risk:HIGH,2,0,0,0,0,0,0,0,2,0,0,0,0,0,0,0,2,0,0,0,2,0,0,0,2,0,0,0
1964,1,1012,F,47.1377,Risk:LOW,0,0,27,0,0,0,1,0,0,0,58,0,0,0,14,0,0,0,27,0,0,0,36,0,0,0,47,0
1964,1,1013,F,13.8854,Risk:LOW,0,0,0,0,0,0,0,0,0,0,0,0,0,0,0,0,0,0,0,0,0,0,0,0,0,0,0,0
1964,1,1014,M,11.2407,Risk:LOW,0,0,0,0,0,0,0,0,0,0,0,0,0,0,0,0,0,0,0,0,0,0,0,0,0,0,0,0
1964,1,1015,F,20.1532,Risk:LOW,0,0,3,0,0,0,0,0,0,0,5,0,0,0,3,0,0,0,3,0,0,0,5,0,0,0,5,0
1964,1,1016,F,28.2342,Risk:LOW,0,0,13,0,0,0,1,0,0,0,27,0,0,0,7,0,0,0,14,0,0,0,23,0,0,0,28,0
1964,1,1017,M,37.285,Risk:LOW,0,0,18,0,0,0,0,0,0,0,30,0,0,0,5,0,0,0,16,0,0,0,22,0,0,0,25,0
1964,1,1018,F,24.3817,Risk:LOW,0,0,8,0,0,0,1,0,0,0,11,0,0,0,7,0,0,0,9,0,0,0,10,0,0,0,11,0
1964,1,1019,F,4.01722,Risk:LOW,0,0,0,0,0,0,0,0,0,0,0,0,0,0,0,0,0,0,0,0,0,0,0,0,0,0,0,0
1964,1,1020,F,28.4924,Risk:LOW,0,0,12,0,0,0,1,0,0,0,22,0,0,0,7,0,0,0,12,0,0,0,17,0,0,0,22,0
1964,1,1021,F,34.1184,Risk:LOW,0,0,20,0,0,0,0,0,0,0,46,0,0,0,12,0,0,0,20,0,0,0,28,0,0,0,43,0
1964,1,1022,F,29.7478,Risk:LOW,0,0,13,0,0,0,0,0,0,0,26,0,0,0,6,0,0,0,13,0,0,0,18,0,0,0,25,0
1964,1,1023,F,42.2738,Risk:LOW,0,0,25,0,0,0,0,0,0,0,51,0,0,0,13,0,0,0,24,0,0,0,37,0,0,0,48,0
1964,1,1024,F,48.6057,Risk:LOW,0,0,47,0,0,0,2,0,0,0,84,0,0,0,23,0,0,0,45,0,0,0,57,0,0,0,65,0
1964,1,1025,M,27.6095,Risk:LOW,0,0,8,0,0,0,0,0,0,0,12,0,0,0,5,0,0,0,8,0,0,0,8,0,0,0,12,0
1964,1,1026,M,46.9196,Risk:LOW,0,0,20,0,0,0,1,0,0,0,45,0,0,0,12,0,0,0,20,0,0,0,31,0,0,0,43,0
1964,1,1027,F,4.53447,Risk:LOW,0,0,0,0,0,0,0,0,0,0,0,0,0,0,0,0,0,0,0,0,0,0,0,0,0,0,0,0
1964,1,1028,M,62.1829,Risk:LOW,0,0,24,0,0,0,1,0,0,0,46,0,0,0,13,0,0,0,24,0,0,0,35,0,0,0,44,0
1964,1,1029,M,51.6025,Risk:LOW,0,0,46,0,0,0,1,0,0,0,69,0,0,0,23,0,0,0,41,0,0,0,48,0,0,0,54,0
1964,1,1030,F,10.9699,Risk:LOW,0,0,0,0,0,0,0,0,0,0,0,0,0,0,0,0,0,0,0,0,0,0,0,0,0,0,0,0
1964,1,1031,F,56.3882,Risk:LOW,0,0,14,0,0,0,1,0,0,0,26,0,0,0,6,0,0,0,13,0,0,0,18,0,0,0,22,0
1964,1,1032,M,55.6031,Risk:LOW,0,0,48,0,0,0,0,0,0,0,97,0,0,0,21,0,0,0,44,0,0,0,57,0,0,0,79,0
1964,1,1033,M,75.1615,Risk:LOW,0,0,5,0,0,0,0,0,0,0,9,0,0,0,4,0,0,0,5,0,0,0,7,0,0,0,10,0
1964,1,1034,F,42.6905,Risk:LOW,0,0,31,0,0,0,1,0,0,0,51,0,0,0,22,0,0,0,27,0,0,0,35,0,0,0,45,0
1964,1,1035,M,30.7008,Risk:LOW,0,0,9,0,0,0,0,0,0,0,17,0,0,0,2,0,0,0,9,0,0,0,15,0,0,0,17,0
1964,1,1036,M,38.7735,Risk:LOW,0,0,25,0,0,0,1,0,0,0,46,0,0,0,14,0,0,0,24,0,0,0,35,0,0,0,42,0
1964,1,1037,M,12.3498,Risk:LOW,0,0,0,0,0,0,0,0,0,0,0,0,0,0,0,0,0,0,0,0,0,0,0,0,0,0,0,0
1964,1,1038,M,58.4165,Risk:LOW,0,0,28,0,0,0,0,0,0,0,59,0,0,0,17,0,0,0,26,0,0,0,32,0,0,0,50,0
1964,1,1039,M,22.262,Risk:LOW,0,0,2,0,0,0,0,0,0,0,5,0,0,0,1,0,0,0,2,0,0,0,2,0,0,0,5,0
1964,1,1040,M,24.7245,Risk:LOW,0,0,3,0,0,0,0,0,0,0,8,0,0,0,0,0,0,0,3,0,0,0,7,0,0,0,8,0
1964,1,1041,M,82.0188,Risk:LOW,0,0,11,0,0,0,0,0,0,0,15,0,0,0,6,0,0,0,11,0,0,0,13,0,0,0,15,0
1964,1,1042,M,14.1909,Risk:LOW,0,0,0,0,0,0,0,0,0,0,0,0,0,0,0,0,0,0,0,0,0,0,0,0,0,0,0,0
1964,1,1043,M,52.6952,Risk:LOW,0,0,29,0,0,0,0,0,0,0,63,0,0,0,18,0,0,0,29,0,0,0,41,0,0,0,52,0
1964,1,1044,M,13.1379,Risk:LOW,0,0,0,0,0,0,0,0,0,0,0,0,0,0,0,0,0,0,0,0,0,0,0,0,0,0,0,0
1964,1,1045,M,14.4395,Risk:LOW,0,0,0,0,0,0,0,0,0,0,0,0,0,0,0,0,0,0,0,0,0,0,0,0,0,0,0,0
1964,1,1046,M,13.7742,Risk:LOW,0,0,0,0,0,0,0,0,0,0,0,0,0,0,0,0,0,0,0,0,0,0,0,0,0,0,0,0
1964,1,1047,F,9.34317,Risk:LOW,0,0,0,0,0,0,0,0,0,0,0,0,0,0,0,0,0,0,0,0,0,0,0,0,0,0,0,0
1964,1,1048,F,62.796,Risk:LOW,0,0,6,0,0,0,0,0,0,0,17,0,0,0,0,0,0,0,6,0,0,0,10,0,0,0,16,0
1964,1,1049,F,10.2149,Risk:LOW,0,0,0,0,0,0,0,0,0,0,0,0,0,0,0,0,0,0,0,0,0,0,0,0,0,0,0,0
1964,1,1050,M,37.4407,Risk:LOW,0,0,13,0,0,0,0,0,0,0,22,0,0,0,6,0,0,0,14,0,0,0,17,0,0,0,20,0
1964,1,1051,F,75.0274,Risk:LOW,0,0,3,0,0,0,0,0,0,0,5,0,0,0,0,0,0,0,3,0,0,0,4,0,0,0,5,0
1964,1,1052,M,24.2557,Risk:LOW,0,0,0,0,0,0,0,0,0,0,2,0,0,0,0,0,0,0,0,0,0,0,0,0,0,0,2,0
1964,1,1053,F,53.4007,Risk:LOW,0,0,15,0,0,0,0,0,0,0,31,0,0,0,8,0,0,0,15,0,0,0,20,0,0,0,28,0
1964,1,1054,M,29.3184,Risk:LOW,0,0,9,0,0,0,0,0,0,0,18,0,0,0,3,0,0,0,8,0,0,0,13,0,0,0,17,0
1964,1,1055,F,28.3315,Risk:LOW,0,0,12,0,0,0,1,0,0,0,22,0,0,0,5,0,0,0,12,0,0,0,17,0,0,0,21,0
1964,1,1056,M,22.2,Risk:HIGH,7,0,0,0,0,0,0,0,15,0,0,0,2,0,0,0,2,0,0,0,2,0,0,0,3,0,0,0
1964,1,1057,M,24.2634,Risk:LOW,0,0,3,0,0,0,0,0,0,0,5,0,0,0,1,0,0,0,3,0,0,0,4,0,0,0,5,0
1964,1,1058,F,4.17443,Risk:LOW,0,0,0,0,0,0,0,0,0,0,0,0,0,0,0,0,0,0,0,0,0,0,0,0,0,0,0,0
1964,1,1059,M,40.3134,Risk:LOW,0,0,18,0,0,0,0,0,0,0,37,0,0,0,5,0,0,0,18,0,0,0,26,0,0,0,33,0
1964,1,1060,M,25.572,Risk:LOW,0,0,4,0,0,0,0,0,0,0,6,0,0,0,2,0,0,0,4,0,0,0,5,0,0,0,6,0
1964,1,1061,M,24.2247,Risk:LOW,0,0,2,0,0,0,0,0,0,0,5,0,0,0,1,0,0,0,2,0,0,0,4,0,0,0,5,0
1964,1,1062,M,47.5199,Risk:LOW,0,0,22,0,0,0,0,0,0,0,51,0,0,0,15,0,0,0,23,0,0,0,34,0,0,0,44,0
1964,1,1063,M,30.0771,Risk:HIGH,10,0,0,0,0,0,0,0,18,0,0,0,3,0,0,0,5,0,0,0,6,0,0,0,7,0,0,0
1964,1,1064,F,25.9197,Risk:LOW,0,0,15,0,0,0,0,0,0,0,28,0,0,0,10,0,0,0,17,0,0,0,23,0,0,0,28,0
1964,1,1065,F,6.98627,Risk:LOW,0,0,0,0,0,0,0,0,0,0,0,0,0,0,0,0,0,0,0,0,0,0,0,0,0,0,0,0
1964,1,1066,M,13.728,Risk:LOW,0,0,0,0,0,0,0,0,0,0,0,0,0,0,0,0,0,0,0,0,0,0,0,0,0,0,0,0
1964,1,1067,F,41.4966,Risk:LOW,0,0,27,0,0,0,1,0,0,0,57,0,0,0,16,0,0,0,26,0,0,0,36,0,0,0,43,0
1964,1,1068,M,9.51602,Risk:LOW,0,0,0,0,0,0,0,0,0,0,0,0,0,0,0,0,0,0,0,0,0,0,0,0,0,0,0,0
1964,1,1069,F,17.15,Risk:LOW,0,0,5,0,0,0,0,0,0,0,12,0,0,0,4,0,0,0,5,0,0,0,9,0,0,0,12,0
1964,1,1070,M,17.287,Risk:LOW,0,0,0,0,0,0,0,0,0,0,0,0,0,0,0,0,0,0,0,0,0,0,0,0,0,0,0,0
1964,1,1071,F,47.3093,Risk:LOW,0,0,25,0,0,0,0,0,0,0,50,0,0,0,11,0,0,0,23,0,0,0,33,0,0,0,39,0
1964,1,1072,F,4.51638,Risk:LOW,0,0,0,0,0,0,0,0,0,0,0,0,0,0,0,0,0,0,0,0,0,0,0,0,0,0,0,0
1964,1,1073,F,6.26477,Risk:HIGH,0,0,0,0,0,0,0,0,0,0,0,0,0,0,0,0,0,0,0,0,0,0,0,0,0,0,0,0
1964,1,1074,M,17.1541,Risk:LOW,0,0,2,0,0,0,1,0,0,0,2,0,0,0,2,0,0,0,2,0,0,0,2,0,0,0,2,0
1964,1,1075,M,11.2996,Risk:LOW,0,0,0,0,0,0,0,0,0,0,0,0,0,0,0,0,0,0,0,0,0,0,0,0,0,0,0,0
1964,1,1076,F,24.3658,Risk:LOW,0,0,5,0,0,0,0,0,0,0,13,0,0,0,3,0,0,0,5,0,0,0,9,0,0,0,13,0
1964,1,1077,M,5.59963,Risk:LOW,0,0,0,0,0,0,0,0,0,0,0,0,0,0,0,0,0,0,0,0,0,0,0,0,0,0,0,0
1964,1,1078,M,13.7058,Risk:LOW,0,0,0,0,0,0,0,0,0,0,0,0,0,0,0,0,0,0,0,0,0,0,0,0,0,0,0,0
1964,1,1079,M,16.2477,Risk:LOW,0,0,0,0,0,0,0,0,0,0,0,0,0,0,0,0,0,0,0,0,0,0,0,0,0,0,0,0
1964,1,1080,M,39.0824,Risk:LOW,0,0,19,0,0,0,0,0,0,0,37,0,0,0,10,0,0,0,19,0,0,0,29,0,0,0,34,0
1964,1,1081,M,11.8238,Risk:LOW,0,0,0,0,0,0,0,0,0,0,0,0,0,0,0,0,0,0,0,0,0,0,0,0,0,0,0,0
1964,1,1082,F,23.4353,Risk:LOW,0,0,9,0,0,0,0,0,0,0,16,0,0,0,4,0,0,0,10,0,0,0,13,0,0,0,16,0
1964,1,1083,F,63.6176,Risk:HIGH,1,0,0,0,0,0,0,0,1,0,0,0,0,0,0,0,1,0,0,0,1,0,0,0,1,0,0,0
1964,1,1084,M,13.8706,Risk:LOW,0,0,0,0,0,0,0,0,0,0,0,0,0,0,0,0,0,0,0,0,0,0,0,0,0,0,0,0
1964,1,1085,F,14.5301,Risk:LOW,0,0,0,0,0,0,0,0,0,0,0,0,0,0,0,0,0,0,0,0,0,0,0,0,0,0,0,0
1964,1,1086,F,6.90259,Risk:LOW,0,0,0,0,0,0,0,0,0,0,0,0,0,0,0,0,0,0,0,0,0,0,0,0,0,0,0,0
1964,1,1087,M,45.7457,Risk:LOW,0,0,29,0,0,0,0,0,0,0,53,0,0,0,8,0,0,0,27,0,0,0,33,0,0,0,47,0
1964,1,1088,M,5.65185,Risk:LOW,0,0,0,0,0,0,0,0,0,0,0,0,0,0,0,0,0,0,0,0,0,0,0,0,0,0,0,0
1964,1,1089,M,45.9289,Risk:LOW,0,0,21,0,0,0,0,0,0,0,43,0,0,0,13,0,0,0,20,0,0,0,31,0,0,0,38,0
1964,1,1090,F,64.5893,Risk:LOW,0,0,2,0,0,0,0,0,0,0,3,0,0,0,0,0,0,0,2,0,0,0,3,0,0,0,3,0
1964,1,1091,F,23.5113,Risk:LOW,0,0,8,0,0,0,0,0,0,0,16,0,0,0,3,0,0,0,7,0,0,0,11,0,0,0,15,0
1964,1,1092,F,11.2462,Risk:LOW,0,0,0,0,0,0,0,0,0,0,0,0,0,0,0,0,0,0,0,0,0,0,0,0,0,0,0,0
1964,1,1093,M,32.8229,Risk:LOW,0,0,15,0,0,0,0,0,0,0,27,0,0,0,7,0,0,0,14,0,0,0,17,0,0,0,25,0
1964,1,1094,F,27.5115,Risk:LOW,0,0,10,0,0,0,1,0,0,0,19,0,0,0,8,0,0,0,10,0,0,0,16,0,0,0,20,0
1964,1,1095,M,14.3833,Risk:LOW,0,0,0,0,0,0,0,0,0,0,0,0,0,0,0,0,0,0,0,0,0,0,0,0,0,0,0,0
1964,1,1096,F,43.9866,Risk:LOW,0,0,38,0,0,0,1,0,0,0,89,0,0,0,18,0,0,0,37,0,0,0,51,0,0,0,72,0
1964,1,1097,F,33.0815,Risk:LOW,0,0,19,0,0,0,0,0,0,0,41,0,0,0,10,0,0,0,19,0,0,0,31,0,0,0,40,0
1964,1,1098,M,32.6605,Risk:LOW,0,0,15,0,0,0,0,0,0,0,22,0,0,0,8,0,0,0,14,0,0,0,16,0,0,0,19,0
1964,1,1099,F,9.79229,Risk:LOW,0,0,0,0,0,0,0,0,0,0,0,0,0,0,0,0,0,0,0,0,0,0,0,0,0,0,0,0
1964,1,1100,M,52.4139,Risk:LOW,0,0,25,0,0,0,0,0,0,0,46,0,0,0,15,0,0,0,25,0,0,0,34,0,0,0,43,0
1964,1,1101,M,11.104,Risk:LOW,0,0,0,0,0,0,0,0,0,0,0,0,0,0,0,0,0,0,0,0,0,0,0,0,0,0,0,0
1964,1,1102,M,42.1943,Risk:LOW,0,0,18,0,0,0,1,0,0,0,37,0,0,0,8,0,0,0,16,0,0,0,24,0,0,0,35,0
1964,1,1103,F,26.3573,Risk:LOW,0,0,12,0,0,0,0,0,0,0,18,0,0,0,4,0,0,0,12,0,0,0,14,0,0,0,18,0
1964,1,1104,M,20.8975,Risk:LOW,0,0,2,0,0,0,0,0,0,0,4,0,0,0,2,0,0,0,2,0,0,0,3,0,0,0,4,0
1964,1,1105,M,30.6972,Risk:LOW,0,0,13,0,0,0,0,0,0,0,20,0,0,0,4,0,0,0,13,0,0,0,16,0,0,0,19,0
1964,1,1106,F,9.11732,Risk:LOW,0,0,0,0,0,0,0,0,0,0,0,0,0,0,0,0,0,0,0,0,0,0,0,0,0,0,0,0
1964,1,1107,F,37.8529,Risk:LOW,0,0,21,0,0,0,1,0,0,0,45,0,0,0,12,0,0,0,21,0,0,0,32,0,0,0,42,0
1964,1,1108,M,18.2924,Risk:LOW,0,0,1,0,0,0,0,0,0,0,1,0,0,0,1,0,0,0,1,0,0,0,1,0,0,0,1,0
1964,1,1109,F,39.7833,Risk:LOW,0,0,33,0,0,0,2,0,0,0,67,0,0,0,15,0,0,0,32,0,0,0,50,0,0,0,59,0
1964,1,1110,F,6.35176,Risk:LOW,0,0,0,0,0,0,0,0,0,0,0,0,0,0,0,0,0,0,0,0,0,0,0,0,0,0,0,0
1964,1,1111,M,33.4631,Risk:LOW,0,0,16,0,0,0,0,0,0,0,37,0,0,0,8,0,0,0,16,0,0,0,26,0,0,0,33,0
1964,1,1112,M,48.4209,Risk:LOW,0,0,32,0,0,0,1,0,0,0,69,0,0,0,18,0,0,0,29,0,0,0,46,0,0,0,56,0
1964,1,1113,M,41.8195,Risk:LOW,0,0,27,0,0,0,0,0,0,0,40,0,0,0,16,0,0,0,28,0,0,0,33,0,0,0,40,0
1964,1,1114,M,68.6032,Risk:LOW,0,0,3,0,0,0,0,0,0,0,5,0,0,0,1,0,0,0,3,0,0,0,3,0,0,0,5,0
1964,1,1115,M,28.4605,Risk:LOW,0,0,8,0,0,0,0,0,0,0,15,0,0,0,4,0,0,0,8,0,0,0,11,0,0,0,15,0
1964,1,1116,M,25.6403,Risk:LOW,0,0,3,0,0,0,0,0,0,0,5,0,0,0,0,0,0,0,3,0,0,0,4,0,0,0,6,0
1964,1,1117,M,13.2078,Risk:LOW,0,0,0,0,0,0,0,0,0,0,0,0,0,0,0,0,0,0,0,0,0,0,0,0,0,0,0,0
1964,1,1118,M,67.281,Risk:HIGH,1,0,0,0,0,0,0,0,1,0,0,0,0,0,0,0,1,0,0,0,1,0,0,0,1,0,0,0
1964,1,1119,F,10.7636,Risk:LOW,0,0,0,0,0,0,0,0,0,0,0,0,0,0,0,0,0,0,0,0,0,0,0,0,0,0,0,0
1964,1,1120,F,23.3553,Risk:LOW,0,0,8,0,0,0,0,0,0,0,12,0,0,0,5,0,0,0,8,0,0,0,12,0,0,0,12,0
1964,1,1121,M,6.93964,Risk:LOW,0,0,0,0,0,0,0,0,0,0,0,0,0,0,0,0,0,0,0,0,0,0,0,0,0,0,0,0
1964,1,1122,M,12.1888,Risk:LOW,0,0,0,0,0,0,0,0,0,0,0,0,0,0,0,0,0,0,0,0,0,0,0,0,0,0,0,0
1964,1,1123,F,23.3337,Risk:LOW,0,0,3,0,0,0,0,0,0,0,10,0,0,0,1,0,0,0,4,0,0,0,6,0,0,0,9,0
1964,1,1124,M,5.86649,Risk:LOW,0,0,0,0,0,0,0,0,0,0,0,0,0,0,0,0,0,0,0,0,0,0,0,0,0,0,0,0
1964,1,1125,M,6.38107,Risk:LOW,0,0,0,0,0,0,0,0,0,0,0,0,0,0,0,0,0,0,0,0,0,0,0,0,0,0,0,0
1964,1,1126,M,30.6982,Risk:LOW,0,0,10,0,0,0,0,0,0,0,18,0,0,0,3,0,0,0,10,0,0,0,14,0,0,0,18,0
1964,1,1127,M,28.7399,Risk:LOW,0,0,7,0,0,0,0,0,0,0,14,0,0,0,4,0,0,0,7,0,0,0,8,0,0,0,14,0
1964,1,1128,F,45.3734,Risk:LOW,0,0,32,0,0,0,0,0,0,0,81,0,0,0,9,0,0,0,34,0,0,0,56,0,0,0,66,0
1964,1,1129,M,48.282,Risk:LOW,0,0,43,0,0,0,0,0,0,0,75,0,0,0,20,0,0,0,37,0,0,0,48,0,0,0,59,0
1964,1,1130,F,13.5963,Risk:LOW,0,0,0,0,0,0,0,0,0,0,0,0,0,0,0,0,0,0,0,0,0,0,0,0,0,0,0,0
1964,1,1131,M,8.88526,Risk:LOW,0,0,0,0,0,0,0,0,0,0,0,0,0,0,0,0,0,0,0,0,0,0,0,0,0,0,0,0
1964,1,1132,M,22.8642,Risk:LOW,0,0,0,0,0,0,0,0,0,0,2,0,0,0,0,0,0,0,0,0,0,0,2,0,0,0,2,0
1964,1,1133,M,6.97838,Risk:LOW,0,0,0,0,0,0,0,0,0,0,0,0,0,0,0,0,0,0,0,0,0,0,0,0,0,0,0,0
1964,1,1134,M,7.53763,Risk:LOW,0,0,0,0,0,0,0,0,0,0,0,0,0,0,0,0,0,0,0,0,0,0,0,0,0,0,0,0
1964,1,1135,M,36.2888,Risk:LOW,0,0,18,0,0,0,0,0,0,0,35,0,0,0,11,0,0,0,18,0,0,0,26,0,0,0,33,0
1964,1,1136,F,71.9254,Risk:LOW,0,0,3,0,0,0,0,0,0,0,8,0,0,0,1,0,0,0,3,0,0,0,6,0,0,0,7,0
1964,1,1137,F,38.8088,Risk:LOW,0,0,33,0,0,0,1,0,0,0,67,0,0,0,15,0,0,0,30,0,0,0,43,0,0,0,59,0
1964,1,1138,M,14.5469,Risk:LOW,0,0,0,0,0,0,0,0,0,0,0,0,0,0,0,0,0,0,0,0,0,0,0,0,0,0,0,0
1964,1,1139,F,20.9501,Risk:LOW,0,0,5,0,0,0,0,0,0,0,6,0,0,0,2,0,0,0,5,0,0,0,5,0,0,0,6,0
1964,1,1140,M,42.5771,Risk:LOW,0,0,19,0,0,0,1,0,0,0,34,0,0,0,9,0,0,0,19,0,0,0,26,0,0,0,31,0
1964,1,1141,M,21.7575,Risk:LOW,0,0,0,0,0,0,0,0,0,0,2,0,0,0,0,0,0,0,0,0,0,0,1,0,0,0,2,0
1964,1,1142,F,39.4126,Risk:LOW,0,0,21,0,0,0,0,0,0,0,50,0,0,0,8,0,0,0,22,0,0,0,33,0,0,0,46,0
1964,1,1143,M,10.7118,Risk:LOW,0,0,0,0,0,0,0,0,0,0,0,0,0,0,0,0,0,0,0,0,0,0,0,0,0,0,0,0
1964,1,1144,F,39.2973,Risk:LOW,0,0,23,0,0,0,0,0,0,0,56,0,0,0,10,0,0,0,24,0,0,0,41,0,0,0,55,0
1964,1,1145,M,4.61801,Risk:LOW,0,0,0,0,0,0,0,0,0,0,0,0,0,0,0,0,0,0,0,0,0,0,0,0,0,0,0,0
1964,1,1146,F,22.0284,Risk:LOW,0,0,4,0,0,0,0,0,0,0,7,0,0,0,3,0,0,0,4,0,0,0,7,0,0,0,7,0
1964,1,1147,M,16.0691,Risk:LOW,0,0,1,0,0,0,0,0,0,0,1,0,0,0,0,0,0,0,1,0,0,0,1,0,0,0,1,0
1964,1,1148,F,7.42769,Risk:LOW,0,0,0,0,0,0,0,0,0,0,0,0,0,0,0,0,0,0,0,0,0,0,0,0,0,0,0,0
1964,1,1149,M,27.9916,Risk:LOW,0,0,6,0,0,0,0,0,0,0,9,0,0,0,5,0,0,0,6,0,0,0,7,0,0,0,9,0
1964,1,1150,M,25.165,Risk:LOW,0,0,5,0,0,0,0,0,0,0,8,0,0,0,4,0,0,0,5,0,0,0,7,0,0,0,8,0
1964,1,1151,F,20.4357,Risk:LOW,0,0,4,0,0,0,0,0,0,0,8,0,0,0,2,0,0,0,4,0,0,0,6,0,0,0,8,0
1964,1,1152,M,14.0915,Risk:LOW,0,0,0,0,0,0,0,0,0,0,0,0,0,0,0,0,0,0,0,0,0,0,0,0,0,0,0,0
1964,1,1153,M,3.50806,Risk:LOW,0,0,0,0,0,0,0,0,0,0,0,0,0,0,0,0,0,0,0,0,0,0,0,0,0,0,0,0
1964,1,1154,M,61.8212,Risk:LOW,0,0,25,0,0,0,2,0,0,0,47,0,0,0,18,0,0,0,25,0,0,0,35,0,0,0,46,0
1964,1,1155,F,50.6201,Risk:HIGH,2,0,0,0,0,0,0,0,5,0,0,0,0,0,0,0,2,0,0,0,2,0,0,0,5,0,0,0
1964,1,1156,F,21.8045,Risk:LOW,0,0,3,0,0,0,0,0,0,0,9,0,0,0,2,0,0,0,4,0,0,0,5,0,0,0,9,0
1964,1,1157,F,75.5146,Risk:LOW,0,0,3,0,0,0,0,0,0,0,3,0,0,0,1,0,0,0,3,0,0,0,3,0,0,0,4,0
1964,1,1158,F,6.25732,Risk:LOW,0,0,0,0,0,0,0,0,0,0,0,0,0,0,0,0,0,0,0,0,0,0,0,0,0,0,0,0
1964,1,1159,F,11.8832,Risk:LOW,0,0,0,0,0,0,0,0,0,0,0,0,0,0,0,0,0,0,0,0,0,0,0,0,0,0,0,0
1964,1,1160,F,32.3744,Risk:LOW,0,0,21,0,0,0,0,0,0,0,37,0,0,0,11,0,0,0,21,0,0,0,28,0,0,0,34,0
1964,1,1161,F,6.04831,Risk:LOW,0,0,0,0,0,0,0,0,0,0,0,0,0,0,0,0,0,0,0,0,0,0,0,0,0,0,0,0
1964,1,1162,M,14.6599,Risk:LOW,0,0,0,0,0,0,0,0,0,0,0,0,0,0,0,0,0,0,0,0,0,0,0,0,0,0,0,0
1964,1,1163,M,47.3371,Risk:LOW,0,0,28,0,0,0,1,0,0,0,47,0,0,0,14,0,0,0,27,0,0,0,32,0,0,0,44,0
1964,1,1164,F,28.5079,Risk:LOW,0,0,13,0,0,0,0,0,0,0,29,0,0,0,6,0,0,0,13,0,0,0,20,0,0,0,28,0
1964,1,1165,F,50.4952,Risk:LOW,0,0,23,0,0,0,1,0,0,0,55,0,0,0,14,0,0,0,21,0,0,0,38,0,0,0,47,0
1964,1,1166,M,62.8231,Risk:LOW,0,0,10,0,0,0,0,0,0,0,40,0,0,0,2,0,0,0,10,0,0,0,25,0,0,0,37,0
1964,1,1167,F,50.5505,Risk:LOW,0,0,24,0,0,0,1,0,0,0,45,0,0,0,15,0,0,0,21,0,0,0,28,0,0,0,36,0
1964,1,1168,F,16.6874,Risk:LOW,0,0,3,0,0,0,0,0,0,0,5,0,0,0,1,0,0,0,4,0,0,0,5,0,0,0,5,0
1964,1,1169,F,46.5829,Risk:HIGH,1,0,0,0,0,0,0,0,3,0,0,0,1,0,0,0,1,0,0,0,2,0,0,0,3,0,0,0
1964,1,1170,F,42.3911,Risk:LOW,0,0,27,0,0,0,0,0,0,0,50,0,0,0,13,0,0,0,24,0,0,0,34,0,0,0,44,0
1964,1,1171,M,40.9446,Risk:LOW,0,0,24,0,0,0,1,0,0,0,42,0,0,0,12,0,0,0,23,0,0,0,31,0,0,0,38,0
1964,1,1172,M,63.6717,Risk:LOW,0,0,6,0,0,0,1,0,0,0,10,0,0,0,4,0,0,0,7,0,0,0,8,0,0,0,10,0
1964,1,1173,F,30.0261,Risk:LOW,0,0,12,0,0,0,0,0,0,0,26,0,0,0,7,0,0,0,12,0,0,0,20,0,0,0,26,0
1964,1,1174,F,11.6578,Risk:HIGH,0,0,0,0,0,0,0,0,0,0,0,0,0,0,0,0,0,0,0,0,0,0,0,0,0,0,0,0
1964,1,1175,M,12.2244,Risk:LOW,0,0,0,0,0,0,0,0,0,0,0,0,0,0,0,0,0,0,0,0,0,0,0,0,0,0,0,0
1964,1,1176,F,42.5889,Risk:LOW,0,0,23,0,0,0,0,0,0,0,45,0,0,0,10,0,0,0,22,0,0,0,31,0,0,0,40,0
1964,1,1177,M,11.6931,Risk:LOW,0,0,0,0,0,0,0,0,0,0,0,0,0,0,0,0,0,0,0,0,0,0,0,0,0,0,0,0
1964,1,1178,F,33.5897,Risk:LOW,0,0,20,0,0,0,0,0,0,0,45,0,0,0,12,0,0,0,20,0,0,0,29,0,0,0,42,0
1964,1,1179,F,45.7218,Risk:LOW,0,0,22,0,0,0,0,0,0,0,54,0,0,0,11,0,0,0,23,0,0,0,33,0,0,0,45,0
1964,1,1180,M,53.6001,Risk:LOW,0,0,33,0,0,0,0,0,0,0,86,0,0,0,15,0,0,0,31,0,0,0,52,0,0,0,74,0
1964,1,1181,F,29.7763,Risk:LOW,0,0,8,0,0,0,0,0,0,0,19,0,0,0,6,0,0,0,8,0,0,0,9,0,0,0,18,0
1964,1,1182,F,4.24135,Risk:LOW,0,0,0,0,0,0,0,0,0,0,0,0,0,0,0,0,0,0,0,0,0,0,0,0,0,0,0,0
1964,1,1183,F,11.5564,Risk:LOW,0,0,0,0,0,0,0,0,0,0,0,0,0,0,0,0,0,0,0,0,0,0,0,0,0,0,0,0
1964,1,1184,M,33.3786,Risk:LOW,0,0,18,0,0,0,1,0,0,0,35,0,0,0,7,0,0,0,18,0,0,0,26,0,0,0,33,0
1964,1,1185,M,23.4099,Risk:LOW,0,0,0,0,0,0,0,0,0,0,1,0,0,0,0,0,0,0,0,0,0,0,0,0,0,0,1,0
1964,1,1186,F,6.59744,Risk:HIGH,0,0,0,0,0,0,0,0,0,0,0,0,0,0,0,0,0,0,0,0,0,0,0,0,0,0,0,0
1964,1,1187,M,3.90126,Risk:HIGH,0,0,0,0,0,0,0,0,0,0,0,0,0,0,0,0,0,0,0,0,0,0,0,0,0,0,0,0
1964,1,1188,M,40.0704,Risk:LOW,0,0,17,0,0,0,1,0,0,0,35,0,0,0,7,0,0,0,16,0,0,0,24,0,0,0,31,0
1964,1,1189,M,10.5637,Risk:LOW,0,0,0,0,0,0,0,0,0,0,0,0,0,0,0,0,0,0,0,0,0,0,0,0,0,0,0,0
1964,1,1190,F,39.1131,Risk:LOW,0,0,21,0,0,0,0,0,0,0,58,0,0,0,12,0,0,0,21,0,0,0,39,0,0,0,52,0
1964,1,1191,M,20.3703,Risk:LOW,0,0,1,0,0,0,0,0,0,0,1,0,0,0,1,0,0,0,1,0,0,0,1,0,0,0,1,0
1964,1,1192,M,6.29585,Risk:LOW,0,0,0,0,0,0,0,0,0,0,0,0,0,0,0,0,0,0,0,0,0,0,0,0,0,0,0,0
1964,1,1193,M,6.3381,Risk:LOW,0,0,0,0,0,0,0,0,0,0,0,0,0,0,0,0,0,0,0,0,0,0,0,0,0,0,0,0
1964,1,1194,M,26.6859,Risk:LOW,0,0,4,0,0,0,0,0,0,0,9,0,0,0,2,0,0,0,4,0,0,0,8,0,0,0,9,0
1964,1,1195,M,50.9374,Risk:HIGH,1,0,0,0,0,0,0,0,5,0,0,0,1,0,0,0,1,0,0,0,2,0,0,0,5,0,0,0
1964,1,1196,M,24.4346,Risk:LOW,0,0,1,0,0,0,0,0,0,0,4,0,0,0,0,0,0,0,1,0,0,0,3,0,0,0,4,0
1964,1,1197,M,21.5921,Risk:LOW,0,0,1,0,0,0,0,0,0,0,3,0,0,0,1,0,0,0,1,0,0,0,3,0,0,0,3,0
1964,1,1198,M,37.3957,Risk:LOW,0,0,11,0,0,0,0,0,0,0,30,0,0,0,5,0,0,0,10,0,0,0,19,0,0,0,27,0
1964,1,1199,M,11.4338,Risk:LOW,0,0,0,0,0,0,0,0,0,0,0,0,0,0,0,0,0,0,0,0,0,0,0,0,0,0,0,0
1964,1,1200,F,16.6773,Risk:LOW,0,0,2,0,0,0,0,0,0,0,6,0,0,0,1,0,0,0,2,0,0,0,5,0,0,0,6,0
1964,1,1201,M,19.4715,Risk:LOW,0,0,0,0,0,0,0,0,0,0,2,0,0,0,0,0,0,0,0,0,0,0,1,0,0,0,2,0
1964,1,1202,F,14.712,Risk:LOW,0,0,0,0,0,0,0,0,0,0,0,0,0,0,0,0,0,0,0,0,0,0,0,0,0,0,0,0
1964,1,1203,M,18.6223,Risk:LOW,0,0,0,0,0,0,0,0,0,0,1,0,0,0,0,0,0,0,0,0,0,0,1,0,0,0,1,0
1964,1,1204,M,17.4829,Risk:LOW,0,0,0,0,0,0,0,0,0,0,0,0,0,0,0,0,0,0,0,0,0,0,0,0,0,0,0,0
1964,1,1205,M,55.2292,Risk:LOW,0,0,34,0,0,0,1,0,0,0,70,0,0,0,15,0,0,0,35,0,0,0,53,0,0,0,64,0
1964,1,1206,M,41.4863,Risk:LOW,0,0,22,0,0,0,0,0,0,0,47,0,0,0,10,0,0,0,20,0,0,0,29,0,0,0,43,0
1964,1,1207,F,11.253,Risk:LOW,0,0,0,0,0,0,0,0,0,0,0,0,0,0,0,0,0,0,0,0,0,0,0,0,0,0,0,0
1964,1,1208,M,10.1578,Risk:LOW,0,0,0,0,0,0,0,0,0,0,0,0,0,0,0,0,0,0,0,0,0,0,0,0,0,0,0,0
1964,1,1209,F,26.659,Risk:LOW,0,0,9,0,0,0,0,0,0,0,19,0,0,0,5,0,0,0,10,0,0,0,15,0,0,0,19,0
1964,1,1210,M,8.80247,Risk:LOW,0,0,0,0,0,0,0,0,0,0,0,0,0,0,0,0,0,0,0,0,0,0,0,0,0,0,0,0
1964,1,1211,M,28.1195,Risk:LOW,0,0,7,0,0,0,1,0,0,0,11,0,0,0,5,0,0,0,7,0,0,0,9,0,0,0,11,0
1964,1,1212,M,16.3076,Risk:LOW,0,0,0,0,0,0,0,0,0,0,0,0,0,0,0,0,0,0,0,0,0,0,0,0,0,0,0,0
1964,1,1213,F,28.9097,Risk:LOW,0,0,10,0,0,0,1,0,0,0,21,0,0,0,6,0,0,0,10,0,0,0,14,0,0,0,21,0
1964,1,1214,M,62.7089,Risk:LOW,0,0,14,0,0,0,0,0,0,0,36,0,0,0,4,0,0,0,14,0,0,0,27,0,0,0,33,0
1964,1,1215,F,14.6977,Risk:LOW,0,0,0,0,0,0,0,0,0,0,0,0,0,0,0,0,0,0,0,0,0,0,0,0,0,0,0,0
1964,1,1216,M,30.0698,Risk:LOW,0,0,5,0,0,0,0,0,0,0,9,0,0,0,4,0,0,0,5,0,0,0,8,0,0,0,9,0
1964,1,1217,M,17.9064,Risk:LOW,0,0,0,0,0,0,0,0,0,0,0,0,0,0,0,0,0,0,0,0,0,0,0,0,0,0,0,0
1964,1,1218,F,14.8167,Risk:LOW,0,0,0,0,0,0,0,0,0,0,0,0,0,0,0,0,0,0,0,0,0,0,0,0,0,0,0,0
1964,1,1219,M,7.61811,Risk:LOW,0,0,0,0,0,0,0,0,0,0,0,0,0,0,0,0,0,0,0,0,0,0,0,0,0,0,0,0
1964,1,1220,F,12.2183,Risk:LOW,0,0,0,0,0,0,0,0,0,0,0,0,0,0,0,0,0,0,0,0,0,0,0,0,0,0,0,0
1964,1,1221,F,26.816,Risk:LOW,0,0,14,0,0,0,0,0,0,0,25,0,0,0,8,0,0,0,14,0,0,0,16,0,0,0,24,0
1964,1,1222,F,25.372,Risk:LOW,0,0,9,0,0,0,0,0,0,0,16,0,0,0,4,0,0,0,8,0,0,0,11,0,0,0,15,0
1964,1,1223,M,6.64664,Risk:LOW,0,0,0,0,0,0,0,0,0,0,0,0,0,0,0,0,0,0,0,0,0,0,0,0,0,0,0,0
1964,1,1224,M,10.6336,Risk:LOW,0,0,0,0,0,0,0,0,0,0,0,0,0,0,0,0,0,0,0,0,0,0,0,0,0,0,0,0
1964,1,1225,F,7.68668,Risk:LOW,0,0,0,0,0,0,0,0,0,0,0,0,0,0,0,0,0,0,0,0,0,0,0,0,0,0,0,0
1964,1,1226,M,45.0107,Risk:LOW,0,0,24,0,0,0,1,0,0,0,50,0,0,0,12,0,0,0,25,0,0,0,37,0,0,0,45,0
1964,1,1227,F,54.6074,Risk:LOW,0,0,11,0,0,0,0,0,0,0,32,0,0,0,5,0,0,0,11,0,0,0,21,0,0,0,27,0
1964,1,1228,F,22.9219,Risk:LOW,0,0,5,0,0,0,0,0,0,0,8,0,0,0,2,0,0,0,5,0,0,0,6,0,0,0,8,0
1964,1,1229,M,20.379,Risk:HIGH,7,0,0,0,0,0,0,0,14,0,0,0,1,0,0,0,1,0,0,0,2,0,0,0,3,0,0,0
1964,1,1230,M,13.4584,Risk:LOW,0,0,0,0,0,0,0,0,0,0,0,0,0,0,0,0,0,0,0,0,0,0,0,0,0,0,0,0
1964,1,1231,F,16.77,Risk:LOW,0,0,2,0,0,0,0,0,0,0,4,0,0,0,1,0,0,0,2,0,0,0,4,0,0,0,4,0
1964,1,1232,F,49.5873,Risk:LOW,0,0,38,0,0,0,2,0,0,0,75,0,0,0,19,0,0,0,34,0,0,0,51,0,0,0,59,0
1964,1,1233,F,11.8049,Risk:LOW,0,0,0,0,0,0,0,0,0,0,0,0,0,0,0,0,0,0,0,0,0,0,0,0,0,0,0,0
1964,1,1234,F,39.9749,Risk:LOW,0,0,26,0,0,0,1,0,0,0,59,0,0,0,13,0,0,0,25,0,0,0,38,0,0,0,53,0
1964,1,1235,M,9.07593,Risk:LOW,0,0,0,0,0,0,0,0,0,0,0,0,0,0,0,0,0,0,0,0,0,0,0,0,0,0,0,0
1964,1,1236,M,33.718,Risk:LOW,0,0,11,0,0,0,0,0,0,0,24,0,0,0,6,0,0,0,11,0,0,0,16,0,0,0,23,0
1964,1,1237,M,50.9421,Risk:LOW,0,0,35,0,0,0,1,0,0,0,64,0,0,0,18,0,0,0,28,0,0,0,42,0,0,0,51,0
1964,1,1238,F,62.6741,Risk:LOW,0,0,12,0,0,0,0,0,0,0,31,0,0,0,5,0,0,0,10,0,0,0,18,0,0,0,25,0
1964,1,1239,M,72.0074,Risk:LOW,0,0,5,0,0,0,0,0,0,0,7,0,0,0,2,0,0,0,5,0,0,0,6,0,0,0,7,0
1964,1,1240,M,17.1277,Risk:LOW,0,0,0,0,0,0,0,0,0,0,0,0,0,0,0,0,0,0,0,0,0,0,0,0,0,0,0,0
1964,1,1241,F,6.47092,Risk:LOW,0,0,0,0,0,0,0,0,0,0,0,0,0,0,0,0,0,0,0,0,0,0,0,0,0,0,0,0
1964,1,1242,M,52.3347,Risk:LOW,0,0,30,0,0,0,0,0,0,0,58,0,0,0,14,0,0,0,27,0,0,0,37,0,0,0,49,0
1964,1,1243,F,52.5545,Risk:LOW,0,0,27,0,0,0,1,0,0,0,49,0,0,0,15,0,0,0,25,0,0,0,34,0,0,0,42,0
1964,1,1244,M,4.79585,Risk:LOW,0,0,0,0,0,0,0,0,0,0,0,0,0,0,0,0,0,0,0,0,0,0,0,0,0,0,0,0
1964,1,1245,F,11.7004,Risk:LOW,0,0,0,0,0,0,0,0,0,0,0,0,0,0,0,0,0,0,0,0,0,0,0,0,0,0,0,0
1964,1,1246,F,10.3942,Risk:LOW,0,0,0,0,0,0,0,0,0,0,0,0,0,0,0,0,0,0,0,0,0,0,0,0,0,0,0,0
1964,1,1247,F,10.5468,Risk:LOW,0,0,0,0,0,0,0,0,0,0,0,0,0,0,0,0,0,0,0,0,0,0,0,0,0,0,0,0
1964,1,1248,F,62.2559,Risk:LOW,0,0,13,0,0,0,0,0,0,0,30,0,0,0,10,0,0,0,11,0,0,0,20,0,0,0,26,0
1964,1,1249,M,7.59933,Risk:LOW,0,0,0,0,0,0,0,0,0,0,0,0,0,0,0,0,0,0,0,0,0,0,0,0,0,0,0,0
1964,1,1250,F,46.5334,Risk:LOW,0,0,19,0,0,0,1,0,0,0,36,0,0,0,13,0,0,0,20,0,0,0,25,0,0,0,34,0
1964,1,1251,F,6.20288,Risk:LOW,0,0,0,0,0,0,0,0,0,0,0,0,0,0,0,0,0,0,0,0,0,0,0,0,0,0,0,0
1964,1,1252,M,9.98185,Risk:LOW,0,0,0,0,0,0,0,0,0,0,0,0,0,0,0,0,0,0,0,0,0,0,0,0,0,0,0,0
1964,1,1253,F,49.8007,Risk:LOW,0,0,50,0,0,0,3,0,0,0,83,0,0,0,24,0,0,0,43,0,0,0,56,0,0,0,61,0
1964,1,1254,F,18.6371,Risk:LOW,0,0,3,0,0,0,0,0,0,0,4,0,0,0,1,0,0,0,3,0,0,0,3,0,0,0,4,0
1964,1,1255,F,5.60131,Risk:LOW,0,0,0,0,0,0,0,0,0,0,0,0,0,0,0,0,0,0,0,0,0,0,0,0,0,0,0,0
1964,1,1256,M,58.1427,Risk:LOW,0,0,26,0,0,0,1,0,0,0,67,0,0,0,10,0,0,0,26,0,0,0,37,0,0,0,57,0
1964,1,1257,F,54.9897,Risk:LOW,0,0,16,0,0,0,0,0,0,0,33,0,0,0,9,0,0,0,13,0,0,0,20,0,0,0,29,0
1964,1,1258,M,5.1689,Risk:LOW,0,0,0,0,0,0,0,0,0,0,0,0,0,0,0,0,0,0,0,0,0,0,0,0,0,0,0,0
1964,1,1259,M,86.3926,Risk:LOW,0,0,1,0,0,0,0,0,0,0,8,0,0,0,1,0,0,0,1,0,0,0,6,0,0,0,8,0
1964,1,1260,F,6.10826,Risk:LOW,0,0,0,0,0,0,0,0,0,0,0,0,0,0,0,0,0,0,0,0,0,0,0,0,0,0,0,0
1964,1,1261,M,8.39018,Risk:LOW,0,0,0,0,0,0,0,0,0,0,0,0,0,0,0,0,0,0,0,0,0,0,0,0,0,0,0,0
1964,1,1262,F,60.6505,Risk:LOW,0,0,16,0,0,0,0,0,0,0,32,0,0,0,10,0,0,0,15,0,0,0,22,0,0,0,26,0
1964,1,1263,M,49.9675,Risk:LOW,0,0,32,0,0,0,0,0,0,0,64,0,0,0,18,0,0,0,29,0,0,0,44,0,0,0,54,0
1964,1,1264,M,46.9439,Risk:LOW,0,0,24,0,0,0,1,0,0,0,45,0,0,0,15,0,0,0,23,0,0,0,32,0,0,0,42,0
1964,1,1265,F,7.31831,Risk:LOW,0,0,0,0,0,0,0,0,0,0,0,0,0,0,0,0,0,0,0,0,0,0,0,0,0,0,0,0
1964,1,1266,M,48.5511,Risk:LOW,0,0,34,0,0,0,0,0,0,0,79,0,0,0,20,0,0,0,32,0,0,0,56,0,0,0,66,0
1964,1,1267,M,21.5099,Risk:LOW,0,0,0,0,0,0,0,0,0,0,2,0,0,0,0,0,0,0,0,0,0,0,1,0,0,0,2,0
1964,1,1268,M,14.2057,Risk:LOW,0,0,0,0,0,0,0,0,0,0,0,0,0,0,0,0,0,0,0,0,0,0,0,0,0,0,0,0
1964,1,1269,M,80.7129,Risk:LOW,0,0,4,0,0,0,0,0,0,0,6,0,0,0,3,0,0,0,4,0,0,0,5,0,0,0,6,0
1964,1,1270,F,37.0792,Risk:HIGH,7,0,0,0,0,0,0,0,13,0,0,0,3,0,0,0,4,0,0,0,6,0,0,0,6,0,0,0
1964,1,1271,M,29.873,Risk:LOW,0,0,6,0,0,0,0,0,0,0,11,0,0,0,3,0,0,0,6,0,0,0,8,0,0,0,11,0
1964,1,1272,M,11.4636,Risk:LOW,0,0,0,0,0,0,0,0,0,0,0,0,0,0,0,0,0,0,0,0,0,0,0,0,0,0,0,0
1964,1,1273,F,6.23083,Risk:LOW,0,0,0,0,0,0,0,0,0,0,0,0,0,0,0,0,0,0,0,0,0,0,0,0,0,0,0,0
1964,1,1274,M,10.7563,Risk:LOW,0,0,0,0,0,0,0,0,0,0,0,0,0,0,0,0,0,0,0,0,0,0,0,0,0,0,0,0
1964,1,1275,F,38.8964,Risk:LOW,0,0,27,0,0,0,3,0,0,0,57,0,0,0,11,0,0,0,24,0,0,0,34,0,0,0,50,0
1964,1,1276,M,11.9874,Risk:LOW,0,0,0,0,0,0,0,0,0,0,0,0,0,0,0,0,0,0,0,0,0,0,0,0,0,0,0,0
1964,1,1277,F,6.27735,Risk:LOW,0,0,0,0,0,0,0,0,0,0,0,0,0,0,0,0,0,0,0,0,0,0,0,0,0,0,0,0
1964,1,1278,F,8.74582,Risk:HIGH,0,0,0,0,0,0,0,0,0,0,0,0,0,0,0,0,0,0,0,0,0,0,0,0,0,0,0,0
1964,1,1279,F,51.3081,Risk:LOW,0,0,20,0,0,0,0,0,0,0,52,0,0,0,11,0,0,0,18,0,0,0,28,0,0,0,39,0
1964,1,1280,F,40.8449,Risk:LOW,0,0,27,0,0,0,0,0,0,0,47,0,0,0,14,0,0,0,27,0,0,0,32,0,0,0,43,0
1964,1,1281,F,29.0508,Risk:LOW,0,0,16,0,0,0,0,0,0,0,31,0,0,0,7,0,0,0,16,0,0,0,23,0,0,0,30,0
1964,1,1282,F,37.211,Risk:LOW,0,0,26,0,0,0,0,0,0,0,53,0,0,0,15,0,0,0,25,0,0,0,42,0,0,0,47,0
1964,1,1283,F,12.2789,Risk:LOW,0,0,0,0,0,0,0,0,0,0,0,0,0,0,0,0,0,0,0,0,0,0,0,0,0,0,0,0
1964,1,1284,F,6.19889,Risk:LOW,0,0,0,0,0,0,0,0,0,0,0,0,0,0,0,0,0,0,0,0,0,0,0,0,0,0,0,0
1964,1,1285,F,6.8165,Risk:LOW,0,0,0,0,0,0,0,0,0,0,0,0,0,0,0,0,0,0,0,0,0,0,0,0,0,0,0,0
1964,1,1286,F,12.1015,Risk:LOW,0,0,0,0,0,0,0,0,0,0,0,0,0,0,0,0,0,0,0,0,0,0,0,0,0,0,0,0
1964,1,1287,F,9.6009,Risk:LOW,0,0,0,0,0,0,0,0,0,0,0,0,0,0,0,0,0,0,0,0,0,0,0,0,0,0,0,0
1964,1,1288,F,33.2184,Risk:LOW,0,0,20,0,0,0,0,0,0,0,38,0,0,0,12,0,0,0,20,0,0,0,27,0,0,0,37,0
1964,1,1289,M,17.0646,Risk:LOW,0,0,0,0,0,0,0,0,0,0,0,0,0,0,0,0,0,0,0,0,0,0,0,0,0,0,0,0
1964,1,1290,F,30.3469,Risk:LOW,0,0,21,0,0,0,1,0,0,0,35,0,0,0,14,0,0,0,20,0,0,0,30,0,0,0,34,0
1964,1,1291,M,17.7845,Risk:LOW,0,0,0,0,0,0,0,0,0,0,0,0,0,0,0,0,0,0,0,0,0,0,0,0,0,0,0,0
1964,1,1292,F,36.7723,Risk:LOW,0,0,22,0,0,0,0,0,0,0,41,0,0,0,7,0,0,0,23,0,0,0,29,0,0,0,41,0
1964,1,1293,F,25.1188,Risk:LOW,0,0,10,0,0,0,0,0,0,0,19,0,0,0,3,0,0,0,11,0,0,0,16,0,0,0,19,0
1964,1,1294,M,54.4902,Risk:LOW,0,0,44,0,0,0,1,0,0,0,97,0,0,0,18,0,0,0,42,0,0,0,59,0,0,0,74,0
1964,1,1295,F,10.1501,Risk:LOW,0,0,0,0,0,0,0,0,0,0,0,0,0,0,0,0,0,0,0,0,0,0,0,0,0,0,0,0
1964,1,1296,F,42.9756,Risk:LOW,0,0,34,0,0,0,2,0,0,0,53,0,0,0,17,0,0,0,33,0,0,0,39,0,0,0,49,0
1964,1,1297,F,34.6916,Risk:LOW,0,0,30,0,0,0,1,0,0,0,55,0,0,0,17,0,0,0,30,0,0,0,40,0,0,0,52,0
1964,1,1298,M,15.3272,Risk:LOW,0,0,0,0,0,0,0,0,0,0,0,0,0,0,0,0,0,0,0,0,0,0,0,0,0,0,0,0
1964,1,1299,M,33.0743,Risk:LOW,0,0,11,0,0,0,0,0,0,0,23,0,0,0,6,0,0,0,11,0,0,0,18,0,0,0,23,0
1964,1,1300,M,20.3344,Risk:LOW,0,0,2,0,0,0,0,0,0,0,4,0,0,0,1,0,0,0,2,0,0,0,3,0,0,0,4,0
1964,1,1301,F,8.02896,Risk:LOW,0,0,0,0,0,0,0,0,0,0,0,0,0,0,0,0,0,0,0,0,0,0,0,0,0,0,0,0
1964,1,1302,M,40.6345,Risk:LOW,0,0,13,0,0,0,1,0,0,0,34,0,0,0,7,0,0,0,13,0,0,0,23,0,0,0,34,0
1964,1,1303,F,76.7409,Risk:LOW,0,0,1,0,0,0,0,0,0,0,7,0,0,0,1,0,0,0,1,0,0,0,3,0,0,0,7,0
1964,1,1304,M,4.1996,Risk:LOW,0,0,0,0,0,0,0,0,0,0,0,0,0,0,0,0,0,0,0,0,0,0,0,0,0,0,0,0
1964,1,1305,M,5.15469,Risk:LOW,0,0,0,0,0,0,0,0,0,0,0,0,0,0,0,0,0,0,0,0,0,0,0,0,0,0,0,0
1964,1,1306,F,4.68354,Risk:LOW,0,0,0,0,0,0,0,0,0,0,0,0,0,0,0,0,0,0,0,0,0,0,0,0,0,0,0,0
1964,1,1307,F,58.1327,Risk:LOW,0,0,20,0,0,0,1,0,0,0,30,0,0,0,9,0,0,0,19,0,0,0,23,0,0,0,26,0
1964,1,1308,F,8.20805,Risk:LOW,0,0,0,0,0,0,0,0,0,0,0,0,0,0,0,0,0,0,0,0,0,0,0,0,0,0,0,0
1964,1,1309,F,27.433,Risk:LOW,0,0,11,0,0,0,0,0,0,0,19,0,0,0,6,0,0,0,11,0,0,0,14,0,0,0,20,0
1964,1,1310,F,45.859,Risk:LOW,0,0,26,0,0,0,1,0,0,0,55,0,0,0,15,0,0,0,25,0,0,0,36,0,0,0,49,0
1964,1,1311,F,28.3406,Risk:LOW,0,0,17,0,0,0,0,0,0,0,37,0,0,0,7,0,0,0,17,0,0,0,23,0,0,0,36,0
1964,1,1312,F,16.4542,Risk:LOW,0,0,3,0,0,0,0,0,0,0,8,0,0,0,2,0,0,0,3,0,0,0,5,0,0,0,8,0
1964,1,1313,M,6.98187,Risk:LOW,0,0,0,0,0,0,0,0,0,0,0,0,0,0,0,0,0,0,0,0,0,0,0,0,0,0,0,0
1964,1,1314,F,19.3212,Risk:LOW,0,0,0,0,0,0,0,0,0,0,2,0,0,0,0,0,0,0,0,0,0,0,0,0,0,0,2,0
1964,1,1315,F,14.829,Risk:LOW,0,0,0,0,0,0,0,0,0,0,0,0,0,0,0,0,0,0,0,0,0,0,0,0,0,0,0,0
1964,1,1316,M,21.7697,Risk:LOW,0,0,2,0,0,0,0,0,0,0,2,0,0,0,2,0,0,0,2,0,0,0,2,0,0,0,2,0
1964,1,1317,M,9.35422,Risk:LOW,0,0,0,0,0,0,0,0,0,0,0,0,0,0,0,0,0,0,0,0,0,0,0,0,0,0,0,0
1964,1,1318,M,43.4172,Risk:LOW,0,0,26,0,0,0,1,0,0,0,50,0,0,0,14,0,0,0,21,0,0,0,28,0,0,0,39,0
1964,1,1319,M,49.217,Risk:LOW,0,0,33,0,0,0,1,0,0,0,70,0,0,0,14,0,0,0,31,0,0,0,45,0,0,0,60,0
1964,1,1320,M,14.9416,Risk:LOW,0,0,1,0,0,0,0,0,0,0,4,0,0,0,0,0,0,0,2,0,0,0,3,0,0,0,4,0
1964,1,1321,F,21.2052,Risk:LOW,0,0,2,0,0,0,0,0,0,0,8,0,0,0,1,0,0,0,2,0,0,0,6,0,0,0,8,0
1964,1,1322,M,22.3218,Risk:LOW,0,0,4,0,0,0,0,0,0,0,5,0,0,0,1,0,0,0,4,0,0,0,5,0,0,0,5,0
1964,1,1323,M,41.2702,Risk:LOW,0,0,25,0,0,0,0,0,0,0,42,0,0,0,10,0,0,0,24,0,0,0,33,0,0,0,37,0
1964,1,1324,F,15.7588,Risk:LOW,0,0,5,0,0,0,0,0,0,0,11,0,0,0,2,0,0,0,5,0,0,0,6,0,0,0,11,0
1964,1,1325,F,7.2959,Risk:LOW,0,0,0,0,0,0,0,0,0,0,0,0,0,0,0,0,0,0,0,0,0,0,0,0,0,0,0,0
1964,1,1326,F,14.6369,Risk:LOW,0,0,0,0,0,0,0,0,0,0,0,0,0,0,0,0,0,0,0,0,0,0,0,0,0,0,0,0
1964,1,1327,F,19.6356,Risk:LOW,0,0,3,0,0,0,1,0,0,0,4,0,0,0,3,0,0,0,3,0,0,0,3,0,0,0,4,0
1964,1,1328,F,5.7053,Risk:LOW,0,0,0,0,0,0,0,0,0,0,0,0,0,0,0,0,0,0,0,0,0,0,0,0,0,0,0,0
1964,1,1329,F,45.5815,Risk:LOW,0,0,29,0,0,0,0,0,0,0,54,0,0,0,10,0,0,0,28,0,0,0,41,0,0,0,48,0
1964,1,1330,F,50.1154,Risk:LOW,0,0,41,0,0,0,1,0,0,0,60,0,0,0,15,0,0,0,33,0,0,0,42,0,0,0,47,0
1964,1,1331,M,6.30048,Risk:LOW,0,0,0,0,0,0,0,0,0,0,0,0,0,0,0,0,0,0,0,0,0,0,0,0,0,0,0,0
1964,1,1332,F,8.63797,Risk:LOW,0,0,0,0,0,0,0,0,0,0,0,0,0,0,0,0,0,0,0,0,0,0,0,0,0,0,0,0
1964,1,1333,F,12.1195,Risk:LOW,0,0,0,0,0,0,0,0,0,0,0,0,0,0,0,0,0,0,0,0,0,0,0,0,0,0,0,0
1964,1,1334,F,6.1524,Risk:LOW,0,0,0,0,0,0,0,0,0,0,0,0,0,0,0,0,0,0,0,0,0,0,0,0,0,0,0,0
1964,1,1335,F,20.2803,Risk:LOW,0,0,4,0,0,0,0,0,0,0,6,0,0,0,3,0,0,0,4,0,0,0,5,0,0,0,6,0
1964,1,1336,F,13.5906,Risk:LOW,0,0,0,0,0,0,0,0,0,0,0,0,0,0,0,0,0,0,0,0,0,0,0,0,0,0,0,0
1964,1,1337,M,9.28403,Risk:LOW,0,0,0,0,0,0,0,0,0,0,0,0,0,0,0,0,0,0,0,0,0,0,0,0,0,0,0,0
1964,1,1338,F,50.6875,Risk:LOW,0,0,19,0,0,0,0,0,0,0,42,0,0,0,8,0,0,0,17,0,0,0,29,0,0,0,36,0
1964,1,1339,M,12.1643,Risk:LOW,0,0,0,0,0,0,0,0,0,0,0,0,0,0,0,0,0,0,0,0,0,0,0,0,0,0,0,0
1964,1,1340,F,10.5753,Risk:LOW,0,0,0,0,0,0,0,0,0,0,0,0,0,0,0,0,0,0,0,0,0,0,0,0,0,0,0,0
1964,1,1341,F,27.6928,Risk:LOW,0,0,18,0,0,0,0,0,0,0,30,0,0,0,9,0,0,0,19,0,0,0,22,0,0,0,30,0
1964,1,1342,M,4.96689,Risk:LOW,0,0,0,0,0,0,0,0,0,0,0,0,0,0,0,0,0,0,0,0,0,0,0,0,0,0,0,0
1964,1,1343,F,6.07419,Risk:LOW,0,0,0,0,0,0,0,0,0,0,0,0,0,0,0,0,0,0,0,0,0,0,0,0,0,0,0,0
1964,1,1344,M,32.6677,Risk:LOW,0,0,13,0,0,0,0,0,0,0,21,0,0,0,5,0,0,0,13,0,0,0,15,0,0,0,20,0
1964,1,1345,M,20.6822,Risk:HIGH,6,0,0,0,0,0,0,0,14,0,0,0,2,0,0,0,2,0,0,0,2,0,0,0,2,0,0,0
1964,1,1346,M,57.2859,Risk:LOW,0,0,41,0,0,0,1,0,0,0,85,0,0,0,21,0,0,0,38,0,0,0,58,0,0,0,74,0
1964,1,1347,M,20.9203,Risk:LOW,0,0,3,0,0,0,0,0,0,0,5,0,0,0,3,0,0,0,3,0,0,0,4,0,0,0,5,0
1964,1,1348,F,7.83397,Risk:LOW,0,0,0,0,0,0,0,0,0,0,0,0,0,0,0,0,0,0,0,0,0,0,0,0,0,0,0,0
1964,1,1349,F,7.48651,Risk:LOW,0,0,0,0,0,0,0,0,0,0,0,0,0,0,0,0,0,0,0,0,0,0,0,0,0,0,0,0
1964,1,1350,F,36.1322,Risk:LOW,0,0,29,0,0,0,0,0,0,0,48,0,0,0,14,0,0,0,28,0,0,0,35,0,0,0,44,0
1964,1,1351,F,26.1105,Risk:LOW,0,0,8,0,0,0,1,0,0,0,17,0,0,0,5,0,0,0,8,0,0,0,13,0,0,0,18,0
1964,1,1352,F,30.9511,Risk:LOW,0,0,18,0,0,0,0,0,0,0,39,0,0,0,9,0,0,0,16,0,0,0,26,0,0,0,37,0
1964,1,1353,M,33.0465,Risk:LOW,0,0,12,0,0,0,0,0,0,0,22,0,0,0,8,0,0,0,12,0,0,0,17,0,0,0,21,0
1964,1,1354,M,10.2415,Risk:LOW,0,0,0,0,0,0,0,0,0,0,0,0,0,0,0,0,0,0,0,0,0,0,0,0,0,0,0,0
1964,1,1355,M,32.0709,Risk:LOW,0,0,12,0,0,0,0,0,0,0,21,0,0,0,6,0,0,0,12,0,0,0,17,0,0,0,21,0
1964,1,1356,M,16.786,Risk:LOW,0,0,0,0,0,0,0,0,0,0,0,0,0,0,0,0,0,0,0,0,0,0,0,0,0,0,0,0
1964,1,1357,F,31.9447,Risk:LOW,0,0,14,0,0,0,0,0,0,0,32,0,0,0,7,0,0,0,15,0,0,0,26,0,0,0,32,0
1964,1,1358,M,9.2998,Risk:LOW,0,0,0,0,0,0,0,0,0,0,0,0,0,0,0,0,0,0,0,0,0,0,0,0,0,0,0,0
1964,1,1359,M,26.6491,Risk:HIGH,8,0,0,0,0,0,0,0,16,0,0,0,2,0,0,0,4,0,0,0,4,0,0,0,4,0,0,0
1964,1,1360,F,4.1511,Risk:LOW,0,0,0,0,0,0,0,0,0,0,0,0,0,0,0,0,0,0,0,0,0,0,0,0,0,0,0,0
1964,1,1361,M,39.9678,Risk:LOW,0,0,20,0,0,0,0,0,0,0,33,0,0,0,10,0,0,0,18,0,0,0,24,0,0,0,29,0
1964,1,1362,F,63.4511,Risk:LOW,0,0,5,0,0,0,1,0,0,0,7,0,0,0,3,0,0,0,5,0,0,0,6,0,0,0,7,0
1964,1,1363,F,20.3363,Risk:LOW,0,0,1,0,0,0,0,0,0,0,2,0,0,0,1,0,0,0,1,0,0,0,1,0,0,0,2,0
1964,1,1364,F,14.3057,Risk:LOW,0,0,0,0,0,0,0,0,0,0,0,0,0,0,0,0,0,0,0,0,0,0,0,0,0,0,0,0
1964,1,1365,F,50.5979,Risk:LOW,0,0,19,0,0,0,0,0,0,0,43,0,0,0,12,0,0,0,18,0,0,0,30,0,0,0,39,0
1964,1,1366,F,36.423,Risk:LOW,0,0,26,0,0,0,1,0,0,0,44,0,0,0,18,0,0,0,25,0,0,0,34,0,0,0,41,0
1964,1,1367,F,57.6627,Risk:LOW,0,0,10,0,0,0,0,0,0,0,15,0,0,0,5,0,0,0,10,0,0,0,11,0,0,0,14,0
1964,1,1368,M,19.1642,Risk:LOW,0,0,1,0,0,0,0,0,0,0,1,0,0,0,0,0,0,0,1,0,0,0,1,0,0,0,1,0
1964,1,1369,F,61.7427,Risk:LOW,0,0,13,0,0,0,0,0,0,0,20,0,0,0,6,0,0,0,11,0,0,0,14,0,0,0,17,0
1964,1,1370,M,21.2185,Risk:HIGH,6,0,0,0,0,0,0,0,15,0,0,0,1,0,0,0,1,0,0,0,2,0,0,0,2,0,0,0
1964,1,1371,F,7.20444,Risk:LOW,0,0,0,0,0,0,0,0,0,0,0,0,0,0,0,0,0,0,0,0,0,0,0,0,0,0,0,0
1964,1,1372,M,19.4569,Risk:LOW,0,0,2,0,0,0,0,0,0,0,4,0,0,0,1,0,0,0,2,0,0,0,3,0,0,0,4,0
1964,1,1373,F,47.0856,Risk:LOW,0,0,32,0,0,0,1,0,0,0,60,0,0,0,15,0,0,0,30,0,0,0,40,0,0,0,54,0
1964,1,1374,F,75.7153,Risk:LOW,0,0,7,0,0,0,0,0,0,0,11,0,0,0,2,0,0,0,7,0,0,0,9,0,0,0,11,0
1964,1,1375,M,9.77963,Risk:LOW,0,0,0,0,0,0,0,0,0,0,0,0,0,0,0,0,0,0,0,0,0,0,0,0,0,0,0,0
1964,1,1376,F,24.6417,Risk:LOW,0,0,5,0,0,0,0,0,0,0,10,0,0,0,3,0,0,0,5,0,0,0,8,0,0,0,10,0
1964,1,1377,M,44.6209,Risk:LOW,0,0,22,0,0,0,1,0,0,0,43,0,0,0,14,0,0,0,21,0,0,0,32,0,0,0,40,0
1964,1,1378,M,39.6373,Risk:LOW,0,0,15,0,0,0,0,0,0,0,32,0,0,0,8,0,0,0,15,0,0,0,21,0,0,0,31,0
1964,1,1379,F,4.1471,Risk:LOW,0,0,0,0,0,0,0,0,0,0,0,0,0,0,0,0,0,0,0,0,0,0,0,0,0,0,0,0
1964,1,1380,F,46.2766,Risk:LOW,0,0,16,0,0,0,1,0,0,0,33,0,0,0,10,0,0,0,16,0,0,0,23,0,0,0,28,0
1964,1,1381,M,34.3761,Risk:LOW,0,0,11,0,0,0,1,0,0,0,28,0,0,0,5,0,0,0,11,0,0,0,19,0,0,0,27,0
1964,1,1382,M,40.8015,Risk:LOW,0,0,18,0,0,0,0,0,0,0,40,0,0,0,12,0,0,0,18,0,0,0,27,0,0,0,35,0
1964,1,1383,M,13.4371,Risk:LOW,0,0,0,0,0,0,0,0,0,0,0,0,0,0,0,0,0,0,0,0,0,0,0,0,0,0,0,0
1964,1,1384,M,27.0943,Risk:LOW,0,0,4,0,0,0,0,0,0,0,10,0,0,0,3,0,0,0,5,0,0,0,8,0,0,0,10,0
1964,1,1385,M,51.4568,Risk:LOW,0,0,44,0,0,0,2,0,0,0,76,0,0,0,24,0,0,0,41,0,0,0,50,0,0,0,62,0
1964,1,1386,F,16.9246,Risk:LOW,0,0,0,0,0,0,0,0,0,0,0,0,0,0,0,0,0,0,0,0,0,0,0,0,0,0,0,0
1964,1,1387,M,3.57466,Risk:LOW,0,0,0,0,0,0,0,0,0,0,0,0,0,0,0,0,0,0,0,0,0,0,0,0,0,0,0,0
1964,1,1388,F,60.5489,Risk:LOW,0,0,9,0,0,0,0,0,0,0,24,0,0,0,5,0,0,0,9,0,0,0,17,0,0,0,22,0
1964,1,1389,M,20.3074,Risk:LOW,0,0,1,0,0,0,0,0,0,0,1,0,0,0,1,0,0,0,1,0,0,0,1,0,0,0,1,0
1964,1,1390,F,19.5295,Risk:LOW,0,0,2,0,0,0,0,0,0,0,4,0,0,0,1,0,0,0,2,0,0,0,3,0,0,0,4,0
1964,1,1391,F,3.8766,Risk:LOW,0,0,0,0,0,0,0,0,0,0,0,0,0,0,0,0,0,0,0,0,0,0,0,0,0,0,0,0
1964,1,1392,F,23.3416,Risk:LOW,0,0,8,0,0,0,0,0,0,0,14,0,0,0,3,0,0,0,9,0,0,0,12,0,0,0,14,0
1964,1,1393,F,64.7245,Risk:LOW,0,0,3,0,0,0,0,0,0,0,9,0,0,0,1,0,0,0,3,0,0,0,5,0,0,0,9,0
1964,1,1394,M,10.6735,Risk:LOW,0,0,0,0,0,0,0,0,0,0,0,0,0,0,0,0,0,0,0,0,0,0,0,0,0,0,0,0
1964,1,1395,M,7.55205,Risk:LOW,0,0,0,0,0,0,0,0,0,0,0,0,0,0,0,0,0,0,0,0,0,0,0,0,0,0,0,0
1964,1,1396,F,36.9006,Risk:LOW,0,0,23,0,0,0,1,0,0,0,47,0,0,0,9,0,0,0,24,0,0,0,31,0,0,0,44,0
1964,1,1397,F,22.2563,Risk:LOW,0,0,6,0,0,0,0,0,0,0,11,0,0,0,2,0,0,0,6,0,0,0,7,0,0,0,12,0
1964,1,1398,M,28.6972,Risk:LOW,0,0,4,0,0,0,0,0,0,0,10,0,0,0,2,0,0,0,4,0,0,0,7,0,0,0,10,0
1964,1,1399,M,19.8187,Risk:LOW,0,0,1,0,0,0,0,0,0,0,1,0,0,0,0,0,0,0,1,0,0,0,1,0,0,0,1,0
1964,1,1400,M,15.7221,Risk:LOW,0,0,0,0,0,0,0,0,0,0,0,0,0,0,0,0,0,0,0,0,0,0,0,0,0,0,0,0
1964,1,1401,M,46.7835,Risk:LOW,0,0,29,0,0,0,1,0,0,0,49,0,0,0,16,0,0,0,27,0,0,0,37,0,0,0,44,0
1964,1,1402,F,10.226,Risk:HIGH,0,0,0,0,0,0,0,0,0,0,0,0,0,0,0,0,0,0,0,0,0,0,0,0,0,0,0,0
1964,1,1403,M,24.4739,Risk:LOW,0,0,2,0,0,0,0,0,0,0,4,0,0,0,1,0,0,0,2,0,0,0,3,0,0,0,4,0
1964,1,1404,M,41.6469,Risk:LOW,0,0,24,0,0,0,2,0,0,0,48,0,0,0,11,0,0,0,22,0,0,0,35,0,0,0,44,0
1964,1,1405,F,11.4858,Risk:HIGH,0,0,0,0,0,0,0,0,0,0,0,0,0,0,0,0,0,0,0,0,0,0,0,0,0,0,0,0
1964,1,1406,M,26.5015,Risk:LOW,0,0,3,0,0,0,0,0,0,0,15,0,0,0,3,0,0,0,3,0,0,0,10,0,0,0,15,0
1964,1,1407,F,19.9605,Risk:LOW,0,0,0,0,0,0,0,0,0,0,4,0,0,0,0,0,0,0,0,0,0,0,3,0,0,0,4,0
1964,1,1408,F,29.0251,Risk:LOW,0,0,11,0,0,0,0,0,0,0,22,0,0,0,5,0,0,0,12,0,0,0,16,0,0,0,22,0
1964,1,1409,M,34.8347,Risk:LOW,0,0,12,0,0,0,0,0,0,0,33,0,0,0,5,0,0,0,13,0,0,0,24,0,0,0,31,0
1964,1,1410,M,12.4207,Risk:LOW,0,0,0,0,0,0,0,0,0,0,0,0,0,0,0,0,0,0,0,0,0,0,0,0,0,0,0,0
1964,1,1411,M,28.3061,Risk:LOW,0,0,6,0,0,0,0,0,0,0,10,0,0,0,2,0,0,0,6,0,0,0,8,0,0,0,10,0
1964,1,1412,F,16.213,Risk:LOW,0,0,3,0,0,0,0,0,0,0,4,0,0,0,2,0,0,0,3,0,0,0,3,0,0,0,4,0
1964,1,1413,F,35.2981,Risk:LOW,0,0,25,0,0,0,0,0,0,0,48,0,0,0,12,0,0,0,23,0,0,0,29,0,0,0,44,0
1964,1,1414,F,9.7383,Risk:LOW,0,0,0,0,0,0,0,0,0,0,0,0,0,0,0,0,0,0,0,0,0,0,0,0,0,0,0,0
1964,1,1415,F,27.5323,Risk:LOW,0,0,12,0,0,0,1,0,0,0,16,0,0,0,7,0,0,0,12,0,0,0,15,0,0,0,16,0
1964,1,1416,M,35.1233,Risk:LOW,0,0,10,0,0,0,0,0,0,0,29,0,0,0,4,0,0,0,10,0,0,0,16,0,0,0,26,0
1964,1,1417,M,45.6215,Risk:LOW,0,0,25,0,0,0,1,0,0,0,47,0,0,0,11,0,0,0,23,0,0,0,31,0,0,0,40,0
1964,1,1418,F,15.8137,Risk:LOW,0,0,3,0,0,0,0,0,0,0,8,0,0,0,1,0,0,0,3,0,0,0,5,0,0,0,8,0
1964,1,1419,M,26.5738,Risk:LOW,0,0,5,0,0,0,0,0,0,0,9,0,0,0,3,0,0,0,5,0,0,0,7,0,0,0,9,0
1964,1,1420,F,25.887,Risk:LOW,0,0,6,0,0,0,0,0,0,0,14,0,0,0,2,0,0,0,6,0,0,0,11,0,0,0,14,0
1964,1,1421,F,56.9116,Risk:LOW,0,0,12,0,0,0,0,0,0,0,21,0,0,0,4,0,0,0,12,0,0,0,15,0,0,0,20,0
1964,1,1422,M,8.06152,Risk:LOW,0,0,0,0,0,0,0,0,0,0,0,0,0,0,0,0,0,0,0,0,0,0,0,0,0,0,0,0
1964,1,1423,F,19.2432,Risk:LOW,0,0,8,0,0,0,0,0,0,0,11,0,0,0,3,0,0,0,8,0,0,0,11,0,0,0,11,0
1964,1,1424,M,37.1602,Risk:LOW,0,0,12,0,0,0,0,0,0,0,26,0,0,0,6,0,0,0,12,0,0,0,18,0,0,0,24,0
1964,1,1425,F,46.5005,Risk:HIGH,1,0,0,0,0,0,0,0,4,0,0,0,1,0,0,0,1,0,0,0,3,0,0,0,3,0,0,0
1964,1,1426,M,14.5869,Risk:LOW,0,0,0,0,0,0,0,0,0,0,0,0,0,0,0,0,0,0,0,0,0,0,0,0,0,0,0,0
1964,1,1427,M,5.85794,Risk:LOW,0,0,0,0,0,0,0,0,0,0,0,0,0,0,0,0,0,0,0,0,0,0,0,0,0,0,0,0
1964,1,1428,F,7.3088,Risk:LOW,0,0,0,0,0,0,0,0,0,0,0,0,0,0,0,0,0,0,0,0,0,0,0,0,0,0,0,0
1964,1,1429,M,21.2151,Risk:LOW,0,0,0,0,0,0,0,0,0,0,2,0,0,0,0,0,0,0,0,0,0,0,2,0,0,0,2,0
1964,1,1430,M,3.71415,Risk:LOW,0,0,0,0,0,0,0,0,0,0,0,0,0,0,0,0,0,0,0,0,0,0,0,0,0,0,0,0
1964,1,1431,M,42.5838,Risk:LOW,0,0,21,0,0,0,0,0,0,0,46,0,0,0,12,0,0,0,18,0,0,0,29,0,0,0,42,0
1964,1,1432,M,23.5496,Risk:LOW,0,0,2,0,0,0,0,0,0,0,6,0,0,0,1,0,0,0,2,0,0,0,4,0,0,0,6,0
1964,1,1433,M,55.7098,Risk:LOW,0,0,33,0,0,0,0,0,0,0,81,0,0,0,19,0,0,0,32,0,0,0,53,0,0,0,69,0
1964,1,1434,M,36.087,Risk:LOW,0,0,18,0,0,0,0,0,0,0,31,0,0,0,9,0,0,0,18,0,0,0,26,0,0,0,32,0
1964,1,1435,F,60.7268,Risk:LOW,0,0,10,0,0,0,0,0,0,0,25,0,0,0,4,0,0,0,9,0,0,0,14,0,0,0,22,0
1964,1,1436,F,13.1642,Risk:LOW,0,0,0,0,0,0,0,0,0,0,0,0,0,0,0,0,0,0,0,0,0,0,0,0,0,0,0,0
1964,1,1437,M,7.94155,Risk:LOW,0,0,0,0,0,0,0,0,0,0,0,0,0,0,0,0,0,0,0,0,0,0,0,0,0,0,0,0
1964,1,1438,F,4.52605,Risk:LOW,0,0,0,0,0,0,0,0,0,0,0,0,0,0,0,0,0,0,0,0,0,0,0,0,0,0,0,0
1964,1,1439,F,10.407,Risk:LOW,0,0,0,0,0,0,0,0,0,0,0,0,0,0,0,0,0,0,0,0,0,0,0,0,0,0,0,0
1964,1,1440,M,11.9129,Risk:LOW,0,0,0,0,0,0,0,0,0,0,0,0,0,0,0,0,0,0,0,0,0,0,0,0,0,0,0,0
1964,1,1441,M,21.5412,Risk:LOW,0,0,1,0,0,0,0,0,0,0,1,0,0,0,1,0,0,0,1,0,0,0,1,0,0,0,1,0
1964,1,1442,F,16.528,Risk:LOW,0,0,2,0,0,0,0,0,0,0,2,0,0,0,2,0,0,0,2,0,0,0,2,0,0,0,2,0
1964,1,1443,F,23.0725,Risk:LOW,0,0,4,0,0,0,0,0,0,0,5,0,0,0,2,0,0,0,4,0,0,0,5,0,0,0,5,0
1964,1,1444,F,27.0889,Risk:LOW,0,0,10,0,0,0,0,0,0,0,16,0,0,0,6,0,0,0,9,0,0,0,13,0,0,0,14,0
1964,1,1445,F,7.91038,Risk:LOW,0,0,0,0,0,0,0,0,0,0,0,0,0,0,0,0,0,0,0,0,0,0,0,0,0,0,0,0
1964,1,1446,M,12.4323,Risk:LOW,0,0,0,0,0,0,0,0,0,0,0,0,0,0,0,0,0,0,0,0,0,0,0,0,0,0,0,0
1964,1,1447,F,6.78394,Risk:LOW,0,0,0,0,0,0,0,0,0,0,0,0,0,0,0,0,0,0,0,0,0,0,0,0,0,0,0,0
1964,1,1448,F,36.7314,Risk:LOW,0,0,19,0,0,0,0,0,0,0,40,0,0,0,11,0,0,0,18,0,0,0,28,0,0,0,36,0
1964,1,1449,F,65.0928,Risk:HIGH,0,0,0,0,0,0,0,0,1,0,0,0,0,0,0,0,0,0,0,0,0,0,0,0,1,0,0,0
1964,1,1450,M,36.8581,Risk:LOW,0,0,22,0,0,0,1,0,0,0,35,0,0,0,10,0,0,0,20,0,0,0,25,0,0,0,32,0
1964,1,1451,M,6.50738,Risk:HIGH,0,0,0,0,0,0,0,0,0,0,0,0,0,0,0,0,0,0,0,0,0,0,0,0,0,0,0,0
1964,1,1452,M,52.2208,Risk:LOW,0,0,30,0,0,0,0,0,0,0,54,0,0,0,16,0,0,0,29,0,0,0,39,0,0,0,50,0
1964,1,1453,M,43.9544,Risk:LOW,0,0,28,0,0,0,2,0,0,0,54,0,0,0,11,0,0,0,24,0,0,0,36,0,0,0,46,0
1964,1,1454,M,4.86792,Risk:LOW,0,0,0,0,0,0,0,0,0,0,0,0,0,0,0,0,0,0,0,0,0,0,0,0,0,0,0,0
1964,1,1455,M,16.7681,Risk:LOW,0,0,0,0,0,0,0,0,0,0,0,0,0,0,0,0,0,0,0,0,0,0,0,0,0,0,0,0
1964,1,1456,F,18.747,Risk:LOW,0,0,1,0,0,0,0,0,0,0,3,0,0,0,1,0,0,0,1,0,0,0,1,0,0,0,4,0
1964,1,1457,F,53.6153,Risk:LOW,0,0,12,0,0,0,0,0,0,0,25,0,0,0,7,0,0,0,12,0,0,0,17,0,0,0,21,0
1964,1,1458,F,30.19,Risk:LOW,0,0,20,0,0,0,0,0,0,0,29,0,0,0,10,0,0,0,19,0,0,0,23,0,0,0,28,0
1964,1,1459,F,20.03,Risk:LOW,0,0,3,0,0,0,0,0,0,0,5,0,0,0,2,0,0,0,3,0,0,0,4,0,0,0,5,0
1964,1,1460,M,13.3978,Risk:LOW,0,0,0,0,0,0,0,0,0,0,0,0,0,0,0,0,0,0,0,0,0,0,0,0,0,0,0,0
1964,1,1461,M,36.0959,Risk:LOW,0,0,9,0,0,0,0,0,0,0,23,0,0,0,3,0,0,0,8,0,0,0,16,0,0,0,23,0
1964,1,1462,F,20.2359,Risk:LOW,0,0,2,0,0,0,0,0,0,0,3,0,0,0,1,0,0,0,2,0,0,0,2,0,0,0,3,0
1964,1,1463,F,30.5429,Risk:LOW,0,0,25,0,0,0,1,0,0,0,41,0,0,0,11,0,0,0,25,0,0,0,34,0,0,0,41,0
1964,1,1464,M,43.5246,Risk:LOW,0,0,27,0,0,0,0,0,0,0,56,0,0,0,12,0,0,0,27,0,0,0,38,0,0,0,50,0
1964,1,1465,M,66.102,Risk:LOW,0,0,4,0,0,0,0,0,0,0,8,0,0,0,1,0,0,0,4,0,0,0,7,0,0,0,8,0
1964,1,1466,F,16.9892,Risk:LOW,0,0,0,0,0,0,0,0,0,0,0,0,0,0,0,0,0,0,0,0,0,0,0,0,0,0,0,0
1964,1,1467,M,6.79376,Risk:HIGH,0,0,0,0,0,0,0,0,0,0,0,0,0,0,0,0,0,0,0,0,0,0,0,0,0,0,0,0
1964,1,1468,F,9.95952,Risk:LOW,0,0,0,0,0,0,0,0,0,0,0,0,0,0,0,0,0,0,0,0,0,0,0,0,0,0,0,0
1964,1,1469,F,39.9905,Risk:LOW,0,0,41,0,0,0,1,0,0,0,79,0,0,0,14,0,0,0,40,0,0,0,54,0,0,0,69,0
1964,1,1470,M,10.9085,Risk:LOW,0,0,0,0,0,0,0,0,0,0,0,0,0,0,0,0,0,0,0,0,0,0,0,0,0,0,0,0
1964,1,1471,F,44.9942,Risk:LOW,0,0,44,0,0,0,1,0,0,0,78,0,0,0,19,0,0,0,38,0,0,0,48,0,0,0,59,0
1964,1,1472,M,42.8902,Risk:LOW,0,0,28,0,0,0,1,0,0,0,48,0,0,0,16,0,0,0,27,0,0,0,32,0,0,0,41,0
1964,1,1473,M,14.6259,Risk:LOW,0,0,0,0,0,0,0,0,0,0,0,0,0,0,0,0,0,0,0,0,0,0,0,0,0,0,0,0
1964,1,1474,M,5.42817,Risk:LOW,0,0,0,0,0,0,0,0,0,0,0,0,0,0,0,0,0,0,0,0,0,0,0,0,0,0,0,0
1964,1,1475,M,22.0353,Risk:LOW,0,0,0,0,0,0,0,0,0,0,4,0,0,0,0,0,0,0,0,0,0,0,1,0,0,0,4,0
1964,1,1476,F,9.78579,Risk:LOW,0,0,0,0,0,0,0,0,0,0,0,0,0,0,0,0,0,0,0,0,0,0,0,0,0,0,0,0
1964,1,1477,F,14.2115,Risk:LOW,0,0,0,0,0,0,0,0,0,0,0,0,0,0,0,0,0,0,0,0,0,0,0,0,0,0,0,0
1964,1,1478,F,12.9264,Risk:LOW,0,0,0,0,0,0,0,0,0,0,0,0,0,0,0,0,0,0,0,0,0,0,0,0,0,0,0,0
1964,1,1479,M,48.5073,Risk:LOW,0,0,47,0,0,0,0,0,0,0,101,0,0,0,23,0,0,0,45,0,0,0,67,0,0,0,80,0
1964,1,1480,F,40.453,Risk:LOW,0,0,28,0,0,0,0,0,0,0,66,0,0,0,16,0,0,0,28,0,0,0,42,0,0,0,55,0
1964,1,1481,F,41.9041,Risk:LOW,0,0,24,0,0,0,1,0,0,0,42,0,0,0,17,0,0,0,23,0,0,0,31,0,0,0,40,0
1964,1,1482,F,27.0595,Risk:LOW,0,0,13,0,0,0,0,0,0,0,20,0,0,0,4,0,0,0,13,0,0,0,14,0,0,0,20,0
1964,1,1483,F,23.451,Risk:LOW,0,0,5,0,0,0,1,0,0,0,14,0,0,0,3,0,0,0,5,0,0,0,10,0,0,0,14,0
1964,1,1484,M,10.2989,Risk:LOW,0,0,0,0,0,0,0,0,0,0,0,0,0,0,0,0,0,0,0,0,0,0,0,0,0,0,0,0
1964,1,1485,F,36.5752,Risk:LOW,0,0,23,0,0,0,0,0,0,0,51,0,0,0,8,0,0,0,23,0,0,0,37,0,0,0,48,0
1964,1,1486,M,9.17333,Risk:LOW,0,0,0,0,0,0,0,0,0,0,0,0,0,0,0,0,0,0,0,0,0,0,0,0,0,0,0,0
1964,1,1487,M,40.4231,Risk:LOW,0,0,19,0,0,0,1,0,0,0,34,0,0,0,8,0,0,0,19,0,0,0,29,0,0,0,32,0
1964,1,1488,F,65.8408,Risk:LOW,0,0,4,0,0,0,0,0,0,0,8,0,0,0,1,0,0,0,4,0,0,0,5,0,0,0,8,0
1964,1,1489,M,55.0766,Risk:LOW,0,0,34,0,0,0,1,0,0,0,73,0,0,0,18,0,0,0,30,0,0,0,42,0,0,0,61,0
1964,1,1490,F,3.8583,Risk:LOW,0,0,0,0,0,0,0,0,0,0,0,0,0,0,0,0,0,0,0,0,0,0,0,0,0,0,0,0
1964,1,1491,M,42.2184,Risk:LOW,0,0,21,0,0,0,0,0,0,0,47,0,0,0,10,0,0,0,22,0,0,0,36,0,0,0,43,0
1964,1,1492,M,42.8051,Risk:LOW,0,0,27,0,0,0,1,0,0,0,45,0,0,0,13,0,0,0,26,0,0,0,38,0,0,0,43,0
1964,1,1493,F,14.2394,Risk:LOW,0,0,0,0,0,0,0,0,0,0,0,0,0,0,0,0,0,0,0,0,0,0,0,0,0,0,0,0
1964,1,1494,F,69.8483,Risk:HIGH,0,0,0,0,0,0,0,0,0,0,0,0,0,0,0,0,0,0,0,0,0,0,0,0,0,0,0,0
1964,1,1495,M,32.5162,Risk:LOW,0,0,11,0,0,0,0,0,0,0,16,0,0,0,6,0,0,0,12,0,0,0,15,0,0,0,16,0
1964,1,1496,F,4.86616,Risk:HIGH,0,0,0,0,0,0,0,0,0,0,0,0,0,0,0,0,0,0,0,0,0,0,0,0,0,0,0,0
1964,1,1497,M,51.618,Risk:LOW,0,0,44,0,0,0,1,0,0,0,74,0,0,0,25,0,0,0,38,0,0,0,50,0,0,0,60,0
1964,1,1498,M,5.2671,Risk:LOW,0,0,0,0,0,0,0,0,0,0,0,0,0,0,0,0,0,0,0,0,0,0,0,0,0,0,0,0
1964,1,1499,F,7.66505,Risk:LOW,0,0,0,0,0,0,0,0,0,0,0,0,0,0,0,0,0,0,0,0,0,0,0,0,0,0,0,0
1964,1,1500,M,48.9818,Risk:LOW,0,0,39,0,0,0,1,0,0,0,88,0,0,0,22,0,0,0,33,0,0,0,47,0,0,0,63,0
1964,1,1501,F,42.9925,Risk:HIGH,1,0,0,0,0,0,0,0,1,0,0,0,0,0,0,0,1,0,0,0,1,0,0,0,1,0,0,0
1964,1,1502,F,46.0732,Risk:LOW,0,0,20,0,0,0,0,0,0,0,44,0,0,0,10,0,0,0,19,0,0,0,32,0,0,0,39,0
1964,1,1503,F,44.3888,Risk:LOW,0,0,32,0,0,0,1,0,0,0,73,0,0,0,11,0,0,0,29,0,0,0,43,0,0,0,53,0
1964,1,1504,M,15.3764,Risk:LOW,0,0,0,0,0,0,0,0,0,0,0,0,0,0,0,0,0,0,0,0,0,0,0,0,0,0,0,0
1964,1,1505,F,61.014,Risk:LOW,0,0,8,0,0,0,0,0,0,0,25,0,0,0,7,0,0,0,8,0,0,0,15,0,0,0,19,0
1964,1,1506,F,21.875,Risk:LOW,0,0,8,0,0,0,0,0,0,0,11,0,0,0,4,0,0,0,8,0,0,0,9,0,0,0,11,0
1964,1,1507,M,32.9842,Risk:LOW,0,0,12,0,0,0,0,0,0,0,28,0,0,0,7,0,0,0,13,0,0,0,20,0,0,0,25,0
1964,1,1508,M,8.44583,Risk:LOW,0,0,0,0,0,0,0,0,0,0,0,0,0,0,0,0,0,0,0,0,0,0,0,0,0,0,0,0
1964,1,1509,M,5.5788,Risk:LOW,0,0,0,0,0,0,0,0,0,0,0,0,0,0,0,0,0,0,0,0,0,0,0,0,0,0,0,0
1964,1,1510,M,10.2892,Risk:LOW,0,0,0,0,0,0,0,0,0,0,0,0,0,0,0,0,0,0,0,0,0,0,0,0,0,0,0,0
1964,1,1511,M,22.6156,Risk:LOW,0,0,0,0,0,0,0,0,0,0,1,0,0,0,0,0,0,0,0,0,0,0,1,0,0,0,1,0
1964,1,1512,M,20.3796,Risk:LOW,0,0,4,0,0,0,0,0,0,0,4,0,0,0,3,0,0,0,4,0,0,0,4,0,0,0,4,0
1964,1,1513,M,17.0773,Risk:LOW,0,0,1,0,0,0,0,0,0,0,1,0,0,0,0,0,0,0,1,0,0,0,1,0,0,0,1,0
1964,1,1514,M,42.6735,Risk:LOW,0,0,19,0,0,0,1,0,0,0,41,0,0,0,7,0,0,0,18,0,0,0,33,0,0,0,38,0
1964,1,1515,F,50.7985,Risk:LOW,0,0,23,0,0,0,0,0,0,0,43,0,0,0,11,0,0,0,21,0,0,0,25,0,0,0,35,0
1964,1,1516,F,15.7405,Risk:LOW,0,0,3,0,0,0,0,0,0,0,4,0,0,0,2,0,0,0,3,0,0,0,3,0,0,0,4,0
1964,1,1517,F,5.15814,Risk:HIGH,0,0,0,0,0,0,0,0,0,0,0,0,0,0,0,0,0,0,0,0,0,0,0,0,0,0,0,0
1964,1,1518,M,64.5839,Risk:LOW,0,0,4,0,0,0,0,0,0,0,7,0,0,0,0,0,0,0,4,0,0,0,7,0,0,0,7,0
1964,1,1519,F,7.82527,Risk:LOW,0,0,0,0,0,0,0,0,0,0,0,0,0,0,0,0,0,0,0,0,0,0,0,0,0,0,0,0
1964,1,1520,F,48.9119,Risk:LOW,0,0,34,0,0,0,1,0,0,0,68,0,0,0,14,0,0,0,30,0,0,0,43,0,0,0,51,0
1964,1,1521,F,31.8276,Risk:LOW,0,0,18,0,0,0,1,0,0,0,35,0,0,0,9,0,0,0,15,0,0,0,23,0,0,0,30,0
1964,1,1522,F,5.87407,Risk:LOW,0,0,0,0,0,0,0,0,0,0,0,0,0,0,0,0,0,0,0,0,0,0,0,0,0,0,0,0
1964,1,1523,F,54.3394,Risk:LOW,0,0,13,0,0,0,1,0,0,0,32,0,0,0,7,0,0,0,13,0,0,0,20,0,0,0,27,0
1964,1,1524,M,28.6132,Risk:LOW,0,0,4,0,0,0,1,0,0,0,8,0,0,0,2,0,0,0,4,0,0,0,7,0,0,0,8,0
1964,1,1525,M,30.2443,Risk:LOW,0,0,11,0,0,0,0,0,0,0,20,0,0,0,5,0,0,0,11,0,0,0,16,0,0,0,20,0
1964,1,1526,F,4.4947,Risk:LOW,0,0,0,0,0,0,0,0,0,0,0,0,0,0,0,0,0,0,0,0,0,0,0,0,0,0,0,0
1964,1,1527,F,57.0155,Risk:LOW,0,0,10,0,0,0,0,0,0,0,22,0,0,0,8,0,0,0,11,0,0,0,16,0,0,0,24,0
1964,1,1528,M,7.61709,Risk:LOW,0,0,0,0,0,0,0,0,0,0,0,0,0,0,0,0,0,0,0,0,0,0,0,0,0,0,0,0
1964,1,1529,M,39.375,Risk:LOW,0,0,18,0,0,0,2,0,0,0,41,0,0,0,8,0,0,0,17,0,0,0,24,0,0,0,37,0
1964,1,1530,F,6.44725,Risk:LOW,0,0,0,0,0,0,0,0,0,0,0,0,0,0,0,0,0,0,0,0,0,0,0,0,0,0,0,0
1964,1,1531,F,17.6701,Risk:LOW,0,0,0,0,0,0,0,0,0,0,5,0,0,0,0,0,0,0,0,0,0,0,2,0,0,0,5,0
1964,1,1532,M,60.1274,Risk:HIGH,1,0,0,0,0,0,0,0,2,0,0,0,0,0,0,0,1,0,0,0,2,0,0,0,2,0,0,0
1964,1,1533,M,23.0543,Risk:LOW,0,0,4,0,0,0,0,0,0,0,6,0,0,0,4,0,0,0,4,0,0,0,5,0,0,0,6,0
1964,1,1534,M,14.68,Risk:LOW,0,0,0,0,0,0,0,0,0,0,0,0,0,0,0,0,0,0,0,0,0,0,0,0,0,0,0,0
1964,1,1535,M,8.90873,Risk:LOW,0,0,0,0,0,0,0,0,0,0,0,0,0,0,0,0,0,0,0,0,0,0,0,0,0,0,0,0
1964,1,1536,F,12.1095,Risk:LOW,0,0,0,0,0,0,0,0,0,0,0,0,0,0,0,0,0,0,0,0,0,0,0,0,0,0,0,0
1964,1,1537,F,67.695,Risk:LOW,0,0,5,0,0,0,0,0,0,0,6,0,0,0,2,0,0,0,5,0,0,0,6,0,0,0,6,0
1964,1,1538,F,9.68796,Risk:LOW,0,0,0,0,0,0,0,0,0,0,0,0,0,0,0,0,0,0,0,0,0,0,0,0,0,0,0,0
1964,1,1539,M,59.7473,Risk:LOW,0,0,34,0,0,0,1,0,0,0,57,0,0,0,14,0,0,0,29,0,0,0,36,0,0,0,49,0
1964,1,1540,M,9.08838,Risk:LOW,0,0,0,0,0,0,0,0,0,0,0,0,0,0,0,0,0,0,0,0,0,0,0,0,0,0,0,0
1964,1,1541,F,55.2134,Risk:LOW,0,0,19,0,0,0,1,0,0,0,42,0,0,0,11,0,0,0,17,0,0,0,28,0,0,0,36,0
1964,1,1542,F,23.4615,Risk:LOW,0,0,5,0,0,0,0,0,0,0,10,0,0,0,2,0,0,0,5,0,0,0,7,0,0,0,10,0
1964,1,1543,F,15.6514,Risk:HIGH,0,0,0,0,0,0,0,0,0,0,0,0,0,0,0,0,0,0,0,0,0,0,0,0,0,0,0,0
1964,1,1544,M,37.7105,Risk:LOW,0,0,22,0,0,0,1,0,0,0,39,0,0,0,16,0,0,0,22,0,0,0,31,0,0,0,37,0
1964,1,1545,M,23.3737,Risk:LOW,0,0,2,0,0,0,0,0,0,0,2,0,0,0,1,0,0,0,2,0,0,0,2,0,0,0,2,0
1964,1,1546,F,5.2881,Risk:LOW,0,0,0,0,0,0,0,0,0,0,0,0,0,0,0,0,0,0,0,0,0,0,0,0,0,0,0,0
1964,1,1547,M,9.90624,Risk:LOW,0,0,0,0,0,0,0,0,0,0,0,0,0,0,0,0,0,0,0,0,0,0,0,0,0,0,0,0
1964,1,1548,F,6.11237,Risk:LOW,0,0,0,0,0,0,0,0,0,0,0,0,0,0,0,0,0,0,0,0,0,0,0,0,0,0,0,0
1964,1,1549,F,20.4626,Risk:LOW,0,0,1,0,0,0,0,0,0,0,2,0,0,0,0,0,0,0,1,0,0,0,2,0,0,0,2,0
1964,1,1550,F,4.5155,Risk:LOW,0,0,0,0,0,0,0,0,0,0,0,0,0,0,0,0,0,0,0,0,0,0,0,0,0,0,0,0
1964,1,1551,M,31.9096,Risk:LOW,0,0,11,0,0,0,0,0,0,0,16,0,0,0,8,0,0,0,11,0,0,0,13,0,0,0,16,0
1964,1,1552,F,5.73484,Risk:LOW,0,0,0,0,0,0,0,0,0,0,0,0,0,0,0,0,0,0,0,0,0,0,0,0,0,0,0,0
1964,1,1553,M,24.6958,Risk:LOW,0,0,1,0,0,0,0,0,0,0,4,0,0,0,0,0,0,0,1,0,0,0,2,0,0,0,4,0
1964,1,1554,F,75.6725,Risk:LOW,0,0,3,0,0,0,0,0,0,0,7,0,0,0,0,0,0,0,3,0,0,0,5,0,0,0,7,0
1964,1,1555,M,12.4039,Risk:LOW,0,0,0,0,0,0,0,0,0,0,0,0,0,0,0,0,0,0,0,0,0,0,0,0,0,0,0,0
1964,1,1556,M,24.2239,Risk:LOW,0,0,4,0,0,0,0,0,0,0,5,0,0,0,2,0,0,0,4,0,0,0,5,0,0,0,5,0
1964,1,1557,M,42.1888,Risk:LOW,0,0,22,0,0,0,1,0,0,0,41,0,0,0,11,0,0,0,21,0,0,0,29,0,0,0,40,0
1964,1,1558,M,5.10503,Risk:LOW,0,0,0,0,0,0,0,0,0,0,0,0,0,0,0,0,0,0,0,0,0,0,0,0,0,0,0,0
1964,1,1559,F,49.799,Risk:LOW,0,0,41,0,0,0,3,0,0,0,60,0,0,0,17,0,0,0,34,0,0,0,42,0,0,0,47,0
1964,1,1560,F,56.4945,Risk:LOW,0,0,9,0,0,0,0,0,0,0,18,0,0,0,4,0,0,0,8,0,0,0,14,0,0,0,17,0
1964,1,1561,M,14.291,Risk:LOW,0,0,0,0,0,0,0,0,0,0,0,0,0,0,0,0,0,0,0,0,0,0,0,0,0,0,0,0
1964,1,1562,M,16.5264,Risk:LOW,0,0,0,0,0,0,0,0,0,0,0,0,0,0,0,0,0,0,0,0,0,0,0,0,0,0,0,0
1964,1,1563,F,20.0815,Risk:LOW,0,0,3,0,0,0,0,0,0,0,3,0,0,0,1,0,0,0,3,0,0,0,3,0,0,0,3,0
1964,1,1564,M,61.6989,Risk:LOW,0,0,29,0,0,0,2,0,0,0,49,0,0,0,16,0,0,0,25,0,0,0,36,0,0,0,43,0
1964,1,1565,F,43.1153,Risk:LOW,0,0,21,0,0,0,0,0,0,0,40,0,0,0,7,0,0,0,22,0,0,0,34,0,0,0,39,0
1964,1,1566,F,57.8751,Risk:LOW,0,0,17,0,0,0,0,0,0,0,30,0,0,0,10,0,0,0,18,0,0,0,23,0,0,0,27,0
1964,1,1567,F,5.37507,Risk:HIGH,0,0,0,0,0,0,0,0,0,0,0,0,0,0,0,0,0,0,0,0,0,0,0,0,0,0,0,0
1964,1,1568,M,63.7584,Risk:LOW,0,0,5,0,0,0,0,0,0,0,8,0,0,0,2,0,0,0,5,0,0,0,6,0,0,0,8,0
1964,1,1569,F,11.8584,Risk:HIGH,0,0,0,0,0,0,0,0,0,0,0,0,0,0,0,0,0,0,0,0,0,0,0,0,0,0,0,0
1964,1,1570,F,37.8915,Risk:LOW,0,0,33,0,0,0,1,0,0,0,59,0,0,0,18,0,0,0,32,0,0,0,45,0,0,0,54,0
1964,1,1571,F,16.6142,Risk:LOW,0,0,1,0,0,0,0,0,0,0,3,0,0,0,0,0,0,0,1,0,0,0,2,0,0,0,3,0
1964,1,1572,F,58.4409,Risk:LOW,0,0,13,0,0,0,0,0,0,0,29,0,0,0,4,0,0,0,13,0,0,0,22,0,0,0,26,0
1964,1,1573,M,42.5126,Risk:HIGH,5,0,0,0,0,0,0,0,9,0,0,0,3,0,0,0,4,0,0,0,6,0,0,0,6,0,0,0
1964,1,1574,M,13.6009,Risk:LOW,0,0,0,0,0,0,0,0,0,0,0,0,0,0,0,0,0,0,0,0,0,0,0,0,0,0,0,0
1964,1,1575,M,27.7057,Risk:LOW,0,0,9,0,0,0,1,0,0,0,13,0,0,0,4,0,0,0,9,0,0,0,11,0,0,0,13,0
1964,1,1576,F,16.4222,Risk:LOW,0,0,1,0,0,0,0,0,0,0,5,0,0,0,1,0,0,0,1,0,0,0,3,0,0,0,5,0
1964,1,1577,M,58.5446,Risk:LOW,0,0,36,0,0,0,1,0,0,0,69,0,0,0,23,0,0,0,32,0,0,0,45,0,0,0,55,0
1964,1,1578,F,83.3498,Risk:LOW,0,0,8,0,0,0,0,0,0,0,10,0,0,0,2,0,0,0,7,0,0,0,9,0,0,0,10,0
1964,1,1579,M,47.1016,Risk:LOW,0,0,16,0,0,0,0,0,0,0,41,0,0,0,8,0,0,0,16,0,0,0,30,0,0,0,39,0
1964,1,1580,M,6.16237,Risk:LOW,0,0,0,0,0,0,0,0,0,0,0,0,0,0,0,0,0,0,0,0,0,0,0,0,0,0,0,0
1964,1,1581,F,32.9737,Risk:HIGH,14,0,0,0,0,0,0,0,20,0,0,0,6,0,0,0,10,0,0,0,10,0,0,0,10,0,0,0
1964,1,1582,M,47.5403,Risk:LOW,0,0,22,0,0,0,0,0,0,0,47,0,0,0,17,0,0,0,22,0,0,0,31,0,0,0,44,0
1964,1,1583,M,90.4889,Risk:LOW,0,0,5,0,0,0,0,0,0,0,9,0,0,0,3,0,0,0,6,0,0,0,8,0,0,0,9,0
1964,1,1584,F,29.2283,Risk:HIGH,19,0,0,0,0,0,0,0,40,0,0,0,7,0,0,0,9,0,0,0,13,0,0,0,14,0,0,0
1964,1,1585,M,35.8885,Risk:LOW,0,0,14,0,0,0,1,0,0,0,30,0,0,0,6,0,0,0,14,0,0,0,20,0,0,0,29,0
1964,1,1586,M,18.3671,Risk:LOW,0,0,2,0,0,0,0,0,0,0,2,0,0,0,0,0,0,0,2,0,0,0,2,0,0,0,2,0
1964,1,1587,M,41.3177,Risk:LOW,0,0,21,0,0,0,1,0,0,0,42,0,0,0,9,0,0,0,21,0,0,0,28,0,0,0,38,0
1964,1,1588,F,12.1915,Risk:LOW,0,0,0,0,0,0,0,0,0,0,0,0,0,0,0,0,0,0,0,0,0,0,0,0,0,0,0,0
1964,1,1589,F,31.1778,Risk:LOW,0,0,27,0,0,0,0,0,0,0,44,0,0,0,10,0,0,0,27,0,0,0,35,0,0,0,43,0
1964,1,1590,M,18.3969,Risk:LOW,0,0,3,0,0,0,0,0,0,0,3,0,0,0,2,0,0,0,3,0,0,0,3,0,0,0,3,0
1964,1,1591,M,5.49717,Risk:LOW,0,0,0,0,0,0,0,0,0,0,0,0,0,0,0,0,0,0,0,0,0,0,0,0,0,0,0,0
1964,1,1592,F,3.5627,Risk:LOW,0,0,0,0,0,0,0,0,0,0,0,0,0,0,0,0,0,0,0,0,0,0,0,0,0,0,0,0
1964,1,1593,M,36.3526,Risk:LOW,0,0,15,0,0,0,0,0,0,0,30,0,0,0,5,0,0,0,15,0,0,0,20,0,0,0,30,0
1964,1,1594,M,41.9607,Risk:LOW,0,0,17,0,0,0,0,0,0,0,37,0,0,0,11,0,0,0,17,0,0,0,23,0,0,0,33,0
1964,1,1595,M,45.8453,Risk:LOW,0,0,28,0,0,0,0,0,0,0,50,0,0,0,10,0,0,0,25,0,0,0,39,0,0,0,45,0
1964,1,1596,M,17.1906,Risk:LOW,0,0,0,0,0,0,0,0,0,0,0,0,0,0,0,0,0,0,0,0,0,0,0,0,0,0,0,0
1964,1,1597,F,12.0779,Risk:LOW,0,0,0,0,0,0,0,0,0,0,0,0,0,0,0,0,0,0,0,0,0,0,0,0,0,0,0,0
1964,1,1598,M,59.0404,Risk:LOW,0,0,20,0,0,0,1,0,0,0,56,0,0,0,13,0,0,0,21,0,0,0,38,0,0,0,50,0
1964,1,1599,M,50.6152,Risk:LOW,0,0,35,0,0,0,1,0,0,0,75,0,0,0,19,0,0,0,32,0,0,0,44,0,0,0,60,0
1964,1,1600,F,27.1197,Risk:LOW,0,0,11,0,0,0,0,0,0,0,21,0,0,0,4,0,0,0,11,0,0,0,16,0,0,0,19,0
1964,1,1601,F,50.3482,Risk:LOW,0,0,33,0,0,0,0,0,0,0,69,0,0,0,14,0,0,0,28,0,0,0,44,0,0,0,51,0
1964,1,1602,F,41.2908,Risk:LOW,0,0,22,0,0,0,1,0,0,0,39,0,0,0,12,0,0,0,21,0,0,0,29,0,0,0,33,0
1964,1,1603,F,6.2548,Risk:LOW,0,0,0,0,0,0,0,0,0,0,0,0,0,0,0,0,0,0,0,0,0,0,0,0,0,0,0,0
1964,1,1604,F,6.29459,Risk:LOW,0,0,0,0,0,0,0,0,0,0,0,0,0,0,0,0,0,0,0,0,0,0,0,0,0,0,0,0
1964,1,1605,M,27.7944,Risk:LOW,0,0,3,0,0,0,0,0,0,0,7,0,0,0,2,0,0,0,4,0,0,0,6,0,0,0,7,0
1964,1,1606,M,9.64486,Risk:LOW,0,0,0,0,0,0,0,0,0,0,0,0,0,0,0,0,0,0,0,0,0,0,0,0,0,0,0,0
1964,1,1607,F,21.8417,Risk:LOW,0,0,4,0,0,0,0,0,0,0,13,0,0,0,2,0,0,0,5,0,0,0,10,0,0,0,13,0
1964,1,1608,F,55.9862,Risk:LOW,0,0,9,0,0,0,0,0,0,0,15,0,0,0,6,0,0,0,9,0,0,0,9,0,0,0,14,0
1964,1,1609,F,18.5862,Risk:LOW,0,0,4,0,0,0,0,0,0,0,8,0,0,0,2,0,0,0,4,0,0,0,6,0,0,0,8,0
1964,1,1610,F,10.381,Risk:LOW,0,0,0,0,0,0,0,0,0,0,0,0,0,0,0,0,0,0,0,0,0,0,0,0,0,0,0,0
1964,1,1611,M,9.45549,Risk:LOW,0,0,0,0,0,0,0,0,0,0,0,0,0,0,0,0,0,0,0,0,0,0,0,0,0,0,0,0
1964,1,1612,F,17.9041,Risk:LOW,0,0,2,0,0,0,0,0,0,0,6,0,0,0,1,0,0,0,2,0,0,0,5,0,0,0,6,0
1964,1,1613,M,39.1265,Risk:LOW,0,0,23,0,0,0,0,0,0,0,41,0,0,0,11,0,0,0,24,0,0,0,31,0,0,0,39,0
1964,1,1614,M,40.8648,Risk:LOW,0,0,15,0,0,0,0,0,0,0,34,0,0,0,6,0,0,0,15,0,0,0,21,0,0,0,33,0
1964,1,1615,F,6.29088,Risk:LOW,0,0,0,0,0,0,0,0,0,0,0,0,0,0,0,0,0,0,0,0,0,0,0,0,0,0,0,0
1964,1,1616,F,89.7498,Risk:LOW,0,0,2,0,0,0,0,0,0,0,6,0,0,0,0,0,0,0,2,0,0,0,5,0,0,0,6,0
1964,1,1617,M,23.0459,Risk:LOW,0,0,1,0,0,0,0,0,0,0,2,0,0,0,1,0,0,0,1,0,0,0,2,0,0,0,2,0
1964,1,1618,F,32.4445,Risk:LOW,0,0,17,0,0,0,0,0,0,0,37,0,0,0,6,0,0,0,19,0,0,0,28,0,0,0,37,0
1964,1,1619,F,6.63818,Risk:LOW,0,0,0,0,0,0,0,0,0,0,0,0,0,0,0,0,0,0,0,0,0,0,0,0,0,0,0,0
1964,1,1620,M,67.7779,Risk:LOW,0,0,3,0,0,0,0,0,0,0,10,0,0,0,1,0,0,0,3,0,0,0,7,0,0,0,10,0
1964,1,1621,F,13.7162,Risk:LOW,0,0,0,0,0,0,0,0,0,0,0,0,0,0,0,0,0,0,0,0,0,0,0,0,0,0,0,0
1964,1,1622,F,53.4908,Risk:LOW,0,0,12,0,0,0,0,0,0,0,29,0,0,0,4,0,0,0,12,0,0,0,18,0,0,0,25,0
1964,1,1623,F,34.3219,Risk:LOW,0,0,26,0,0,0,0,0,0,0,51,0,0,0,13,0,0,0,26,0,0,0,35,0,0,0,47,0
1964,1,1624,F,13.2604,Risk:LOW,0,0,0,0,0,0,0,0,0,0,0,0,0,0,0,0,0,0,0,0,0,0,0,0,0,0,0,0
1964,1,1625,F,36.916,Risk:LOW,0,0,31,0,0,0,1,0,0,0,61,0,0,0,17,0,0,0,28,0,0,0,39,0,0,0,50,0
1964,1,1626,F,8.6432,Risk:LOW,0,0,0,0,0,0,0,0,0,0,0,0,0,0,0,0,0,0,0,0,0,0,0,0,0,0,0,0
1964,1,1627,M,5.47823,Risk:LOW,0,0,0,0,0,0,0,0,0,0,0,0,0,0,0,0,0,0,0,0,0,0,0,0,0,0,0,0
1964,1,1628,M,13.884,Risk:LOW,0,0,0,0,0,0,0,0,0,0,0,0,0,0,0,0,0,0,0,0,0,0,0,0,0,0,0,0
1964,1,1629,M,43.2935,Risk:LOW,0,0,29,0,0,0,1,0,0,0,47,0,0,0,16,0,0,0,29,0,0,0,38,0,0,0,43,0
1964,1,1630,F,31.3143,Risk:LOW,0,0,31,0,0,0,2,0,0,0,48,0,0,0,19,0,0,0,32,0,0,0,36,0,0,0,45,0
1964,1,1631,F,13.4502,Risk:LOW,0,0,0,0,0,0,0,0,0,0,0,0,0,0,0,0,0,0,0,0,0,0,0,0,0,0,0,0
1964,1,1632,F,34.0651,Risk:LOW,0,0,23,0,0,0,0,0,0,0,49,0,0,0,12,0,0,0,22,0,0,0,33,0,0,0,45,0
1964,1,1633,F,59.1494,Risk:LOW,0,0,13,0,0,0,1,0,0,0,23,0,0,0,8,0,0,0,13,0,0,0,17,0,0,0,20,0
1964,1,1634,M,76.372,Risk:LOW,0,0,4,0,0,0,0,0,0,0,11,0,0,0,2,0,0,0,4,0,0,0,6,0,0,0,10,0
1964,1,1635,M,21.6781,Risk:LOW,0,0,1,0,0,0,0,0,0,0,1,0,0,0,0,0,0,0,1,0,0,0,1,0,0,0,1,0
1964,1,1636,M,26.3989,Risk:LOW,0,0,9,0,0,0,0,0,0,0,17,0,0,0,4,0,0,0,9,0,0,0,11,0,0,0,16,0
1964,1,1637,F,56.073,Risk:LOW,0,0,14,0,0,0,1,0,0,0,22,0,0,0,8,0,0,0,13,0,0,0,16,0,0,0,19,0
1964,1,1638,F,14.4257,Risk:LOW,0,0,0,0,0,0,0,0,0,0,0,0,0,0,0,0,0,0,0,0,0,0,0,0,0,0,0,0
1964,1,1639,F,22.4773,Risk:LOW,0,0,5,0,0,0,1,0,0,0,8,0,0,0,2,0,0,0,5,0,0,0,6,0,0,0,8,0
1964,1,1640,M,39.0628,Risk:HIGH,11,0,0,0,0,0,0,0,19,0,0,0,5,0,0,0,5,0,0,0,7,0,0,0,8,0,0,0
1964,1,1641,F,13.7034,Risk:HIGH,0,0,0,0,0,0,0,0,0,0,0,0,0,0,0,0,0,0,0,0,0,0,0,0,0,0,0,0
1964,1,1642,M,14.0618,Risk:LOW,0,0,0,0,0,0,0,0,0,0,0,0,0,0,0,0,0,0,0,0,0,0,0,0,0,0,0,0
1964,1,1643,F,13.186,Risk:LOW,0,0,0,0,0,0,0,0,0,0,0,0,0,0,0,0,0,0,0,0,0,0,0,0,0,0,0,0
1964,1,1644,M,11.2289,Risk:HIGH,0,0,0,0,0,0,0,0,0,0,0,0,0,0,0,0,0,0,0,0,0,0,0,0,0,0,0,0
1964,1,1645,M,24.8747,Risk:HIGH,8,0,0,0,0,0,0,0,16,0,0,0,2,0,0,0,2,0,0,0,4,0,0,0,4,0,0,0
1964,1,1646,F,15.9891,Risk:LOW,0,0,4,0,0,0,0,0,0,0,5,0,0,0,3,0,0,0,4,0,0,0,5,0,0,0,5,0
1964,1,1647,F,33.1157,Risk:LOW,0,0,18,0,0,0,0,0,0,0,36,0,0,0,8,0,0,0,17,0,0,0,26,0,0,0,35,0
1964,1,1648,F,29.9513,Risk:LOW,0,0,20,0,0,0,1,0,0,0,33,0,0,0,10,0,0,0,18,0,0,0,24,0,0,0,31,0
1964,1,1649,M,24.85,Risk:LOW,0,0,1,0,0,0,0,0,0,0,2,0,0,0,1,0,0,0,1,0,0,0,2,0,0,0,2,0
1964,1,1650,M,12.6119,Risk:LOW,0,0,0,0,0,0,0,0,0,0,0,0,0,0,0,0,0,0,0,0,0,0,0,0,0,0,0,0
1964,1,1651,M,4.92138,Risk:LOW,0,0,0,0,0,0,0,0,0,0,0,0,0,0,0,0,0,0,0,0,0,0,0,0,0,0,0,0
1964,1,1652,F,8.22788,Risk:LOW,0,0,0,0,0,0,0,0,0,0,0,0,0,0,0,0,0,0,0,0,0,0,0,0,0,0,0,0
1964,1,1653,M,12.3721,Risk:LOW,0,0,0,0,0,0,0,0,0,0,0,0,0,0,0,0,0,0,0,0,0,0,0,0,0,0,0,0
1964,1,1654,F,69.0192,Risk:LOW,0,0,5,0,0,0,0,0,0,0,8,0,0,0,2,0,0,0,4,0,0,0,5,0,0,0,7,0
1964,1,1655,M,78.3742,Risk:LOW,0,0,5,0,0,0,0,0,0,0,12,0,0,0,2,0,0,0,5,0,0,0,6,0,0,0,11,0
1964,1,1656,M,9.47147,Risk:LOW,0,0,0,0,0,0,0,0,0,0,0,0,0,0,0,0,0,0,0,0,0,0,0,0,0,0,0,0
1964,1,1657,M,29.4527,Risk:HIGH,9,0,0,0,0,0,0,0,16,0,0,0,4,0,0,0,6,0,0,0,6,0,0,0,6,0,0,0
1964,1,1658,M,13.0666,Risk:LOW,0,0,0,0,0,0,0,0,0,0,0,0,0,0,0,0,0,0,0,0,0,0,0,0,0,0,0,0
1964,1,1659,F,14.8529,Risk:LOW,0,0,0,0,0,0,0,0,0,0,0,0,0,0,0,0,0,0,0,0,0,0,0,0,0,0,0,0
1964,1,1660,M,5.24521,Risk:LOW,0,0,0,0,0,0,0,0,0,0,0,0,0,0,0,0,0,0,0,0,0,0,0,0,0,0,0,0
1964,1,1661,F,42.2119,Risk:HIGH,1,0,0,0,0,0,0,0,4,0,0,0,0,0,0,0,1,0,0,0,2,0,0,0,4,0,0,0
1964,1,1662,M,4.72789,Risk:LOW,0,0,0,0,0,0,0,0,0,0,0,0,0,0,0,0,0,0,0,0,0,0,0,0,0,0,0,0
1964,1,1663,M,3.73245,Risk:LOW,0,0,0,0,0,0,0,0,0,0,0,0,0,0,0,0,0,0,0,0,0,0,0,0,0,0,0,0
1964,1,1664,M,53.3215,Risk:LOW,0,0,39,0,0,0,1,0,0,0,78,0,0,0,18,0,0,0,35,0,0,0,49,0,0,0,62,0
1964,1,1665,F,46.1673,Risk:LOW,0,0,20,0,0,0,0,0,0,0,46,0,0,0,10,0,0,0,20,0,0,0,30,0,0,0,39,0
1964,1,1666,F,22.0046,Risk:LOW,0,0,3,0,0,0,0,0,0,0,4,0,0,0,0,0,0,0,3,0,0,0,4,0,0,0,4,0
1964,1,1667,M,60.6112,Risk:LOW,0,0,23,0,0,0,1,0,0,0,54,0,0,0,13,0,0,0,22,0,0,0,39,0,0,0,52,0
1964,1,1668,M,26.3315,Risk:LOW,0,0,4,0,0,0,0,0,0,0,11,0,0,0,1,0,0,0,4,0,0,0,10,0,0,0,11,0
1964,1,1669,M,10.8674,Risk:LOW,0,0,0,0,0,0,0,0,0,0,0,0,0,0,0,0,0,0,0,0,0,0,0,0,0,0,0,0
1964,1,1670,M,5.44015,Risk:LOW,0,0,0,0,0,0,0,0,0,0,0,0,0,0,0,0,0,0,0,0,0,0,0,0,0,0,0,0
1964,1,1671,F,6.06374,Risk:LOW,0,0,0,0,0,0,0,0,0,0,0,0,0,0,0,0,0,0,0,0,0,0,0,0,0,0,0,0
1964,1,1672,F,28.44,Risk:LOW,0,0,18,0,0,0,0,0,0,0,25,0,0,0,9,0,0,0,18,0,0,0,21,0,0,0,24,0
1964,1,1673,M,40.2059,Risk:LOW,0,0,18,0,0,0,0,0,0,0,38,0,0,0,13,0,0,0,18,0,0,0,27,0,0,0,37,0
1964,1,1674,F,7.29184,Risk:HIGH,0,0,0,0,0,0,0,0,0,0,0,0,0,0,0,0,0,0,0,0,0,0,0,0,0,0,0,0
1964,1,1675,M,5.61744,Risk:LOW,0,0,0,0,0,0,0,0,0,0,0,0,0,0,0,0,0,0,0,0,0,0,0,0,0,0,0,0
1964,1,1676,M,3.54152,Risk:LOW,0,0,0,0,0,0,0,0,0,0,0,0,0,0,0,0,0,0,0,0,0,0,0,0,0,0,0,0
1964,1,1677,F,32.071,Risk:LOW,0,0,16,0,0,0,1,0,0,0,30,0,0,0,6,0,0,0,15,0,0,0,23,0,0,0,27,0
1964,1,1678,F,65.677,Risk:HIGH,1,0,0,0,0,0,0,0,1,0,0,0,0,0,0,0,1,0,0,0,1,0,0,0,1,0,0,0
1964,1,1679,F,9.50909,Risk:LOW,0,0,0,0,0,0,0,0,0,0,0,0,0,0,0,0,0,0,0,0,0,0,0,0,0,0,0,0
1964,1,1680,F,12.7692,Risk:LOW,0,0,0,0,0,0,0,0,0,0,0,0,0,0,0,0,0,0,0,0,0,0,0,0,0,0,0,0
1964,1,1681,F,14.6917,Risk:LOW,0,0,0,0,0,0,0,0,0,0,0,0,0,0,0,0,0,0,0,0,0,0,0,0,0,0,0,0
1964,1,1682,F,57.6924,Risk:LOW,0,0,12,0,0,0,0,0,0,0,22,0,0,0,6,0,0,0,13,0,0,0,16,0,0,0,20,0
1964,1,1683,F,21.2658,Risk:LOW,0,0,2,0,0,0,0,0,0,0,4,0,0,0,0,0,0,0,2,0,0,0,2,0,0,0,4,0
1964,1,1684,F,27.0462,Risk:LOW,0,0,11,0,0,0,0,0,0,0,18,0,0,0,7,0,0,0,12,0,0,0,15,0,0,0,18,0
1964,1,1685,F,19.9952,Risk:LOW,0,0,5,0,0,0,0,0,0,0,7,0,0,0,4,0,0,0,5,0,0,0,6,0,0,0,7,0
1964,1,1686,F,7.52925,Risk:LOW,0,0,0,0,0,0,0,0,0,0,0,0,0,0,0,0,0,0,0,0,0,0,0,0,0,0,0,0
1964,1,1687,M,61.1473,Risk:LOW,0,0,18,0,0,0,1,0,0,0,39,0,0,0,7,0,0,0,19,0,0,0,27,0,0,0,36,0
1964,1,1688,F,4.47385,Risk:LOW,0,0,0,0,0,0,0,0,0,0,0,0,0,0,0,0,0,0,0,0,0,0,0,0,0,0,0,0
1964,1,1689,F,16.5971,Risk:LOW,0,0,0,0,0,0,0,0,0,0,0,0,0,0,0,0,0,0,0,0,0,0,0,0,0,0,0,0
1964,1,1690,F,15.7698,Risk:HIGH,0,0,0,0,0,0,0,0,0,0,0,0,0,0,0,0,0,0,0,0,0,0,0,0,0,0,0,0
1964,1,1691,M,42.082,Risk:LOW,0,0,16,0,0,0,0,0,0,0,36,0,0,0,6,0,0,0,16,0,0,0,23,0,0,0,35,0
1964,1,1692,F,8.85435,Risk:LOW,0,0,0,0,0,0,0,0,0,0,0,0,0,0,0,0,0,0,0,0,0,0,0,0,0,0,0,0
1964,1,1693,M,59.8661,Risk:LOW,0,0,35,0,0,0,0,0,0,0,64,0,0,0,20,0,0,0,34,0,0,0,44,0,0,0,54,0
1964,1,1694,M,4.2802,Risk:LOW,0,0,0,0,0,0,0,0,0,0,0,0,0,0,0,0,0,0,0,0,0,0,0,0,0,0,0,0
1964,1,1695,F,30.2164,Risk:LOW,0,0,12,0,0,0,0,0,0,0,26,0,0,0,8,0,0,0,12,0,0,0,18,0,0,0,27,0
1964,1,1696,M,32.281,Risk:LOW,0,0,7,0,0,0,0,0,0,0,14,0,0,0,4,0,0,0,7,0,0,0,9,0,0,0,15,0
1964,1,1697,M,20.4511,Risk:HIGH,7,0,0,0,0,0,0,0,13,0,0,0,1,0,0,0,3,0,0,0,3,0,0,0,3,0,0,0
1964,1,1698,M,22.0314,Risk:LOW,0,0,3,0,0,0,0,0,0,0,3,0,0,0,1,0,0,0,3,0,0,0,3,0,0,0,3,0
1964,1,1699,M,41.1543,Risk:LOW,0,0,24,0,0,0,1,0,0,0,38,0,0,0,14,0,0,0,25,0,0,0,31,0,0,0,38,0
1964,1,1700,M,43.767,Risk:HIGH,7,0,0,0,0,0,0,0,13,0,0,0,1,0,0,0,7,0,0,0,9,0,0,0,12,0,0,0
1964,1,1701,F,23.0661,Risk:LOW,0,0,6,0,0,0,1,0,0,0,9,0,0,0,3,0,0,0,6,0,0,0,9,0,0,0,9,0
1964,1,1702,F,50.7087,Risk:LOW,0,0,25,0,0,0,1,0,0,0,52,0,0,0,8,0,0,0,23,0,0,0,32,0,0,0,44,0
1964,1,1703,M,10.1977,Risk:LOW,0,0,0,0,0,0,0,0,0,0,0,0,0,0,0,0,0,0,0,0,0,0,0,0,0,0,0,0
1964,1,1704,F,52.9993,Risk:LOW,0,0,10,0,0,0,0,0,0,0,37,0,0,0,5,0,0,0,9,0,0,0,21,0,0,0,28,0
1964,1,1705,M,11.0628,Risk:LOW,0,0,0,0,0,0,0,0,0,0,0,0,0,0,0,0,0,0,0,0,0,0,0,0,0,0,0,0
1964,1,1706,M,9.48359,Risk:LOW,0,0,0,0,0,0,0,0,0,0,0,0,0,0,0,0,0,0,0,0,0,0,0,0,0,0,0,0
1964,1,1707,M,15.5799,Risk:LOW,0,0,0,0,0,0,0,0,0,0,0,0,0,0,0,0,0,0,0,0,0,0,0,0,0,0,0,0
1964,1,1708,F,5.10258,Risk:LOW,0,0,0,0,0,0,0,0,0,0,0,0,0,0,0,0,0,0,0,0,0,0,0,0,0,0,0,0
1964,1,1709,M,19.4418,Risk:LOW,0,0,0,0,0,0,0,0,0,0,1,0,0,0,0,0,0,0,0,0,0,0,0,0,0,0,1,0
1964,1,1710,M,5.36476,Risk:LOW,0,0,0,0,0,0,0,0,0,0,0,0,0,0,0,0,0,0,0,0,0,0,0,0,0,0,0,0
1964,1,1711,F,44.3581,Risk:LOW,0,0,38,0,0,0,2,0,0,0,78,0,0,0,15,0,0,0,35,0,0,0,52,0,0,0,62,0
1964,1,1712,F,80.8705,Risk:LOW,0,0,3,0,0,0,0,0,0,0,5,0,0,0,1,0,0,0,3,0,0,0,5,0,0,0,5,0
1964,1,1713,M,16.063,Risk:LOW,0,0,0,0,0,0,0,0,0,0,0,0,0,0,0,0,0,0,0,0,0,0,0,0,0,0,0,0
1964,1,1714,M,19.5075,Risk:LOW,0,0,0,0,0,0,0,0,0,0,1,0,0,0,0,0,0,0,0,0,0,0,0,0,0,0,1,0
1964,1,1715,F,5.87417,Risk:LOW,0,0,0,0,0,0,0,0,0,0,0,0,0,0,0,0,0,0,0,0,0,0,0,0,0,0,0,0
1964,1,1716,F,44.948,Risk:HIGH,2,0,0,0,0,0,0,0,5,0,0,0,1,0,0,0,2,0,0,0,4,0,0,0,5,0,0,0
1964,1,1717,M,8.59848,Risk:LOW,0,0,0,0,0,0,0,0,0,0,0,0,0,0,0,0,0,0,0,0,0,0,0,0,0,0,0,0
1964,1,1718,F,18.0982,Risk:LOW,0,0,4,0,0,0,0,0,0,0,7,0,0,0,1,0,0,0,4,0,0,0,4,0,0,0,7,0
1964,1,1719,M,18.9877,Risk:LOW,0,0,1,0,0,0,0,0,0,0,2,0,0,0,0,0,0,0,1,0,0,0,1,0,0,0,3,0
1964,1,1720,M,19.4939,Risk:LOW,0,0,1,0,0,0,0,0,0,0,1,0,0,0,1,0,0,0,1,0,0,0,1,0,0,0,1,0
1964,1,1721,F,21.5094,Risk:LOW,0,0,3,0,0,0,0,0,0,0,6,0,0,0,2,0,0,0,4,0,0,0,4,0,0,0,6,0
1964,1,1722,F,11.0919,Risk:LOW,0,0,0,0,0,0,0,0,0,0,0,0,0,0,0,0,0,0,0,0,0,0,0,0,0,0,0,0
1964,1,1723,M,24.171,Risk:LOW,0,0,3,0,0,0,1,0,0,0,5,0,0,0,3,0,0,0,3,0,0,0,3,0,0,0,5,0
1964,1,1724,F,9.03799,Risk:LOW,0,0,0,0,0,0,0,0,0,0,0,0,0,0,0,0,0,0,0,0,0,0,0,0,0,0,0,0
1964,1,1725,F,14.7656,Risk:LOW,0,0,0,0,0,0,0,0,0,0,0,0,0,0,0,0,0,0,0,0,0,0,0,0,0,0,0,0
1964,1,1726,M,31.7962,Risk:LOW,0,0,11,0,0,0,0,0,0,0,19,0,0,0,7,0,0,0,11,0,0,0,12,0,0,0,16,0
1964,1,1727,M,14.2337,Risk:LOW,0,0,0,0,0,0,0,0,0,0,0,0,0,0,0,0,0,0,0,0,0,0,0,0,0,0,0,0
1964,1,1728,F,12.7024,Risk:LOW,0,0,0,0,0,0,0,0,0,0,0,0,0,0,0,0,0,0,0,0,0,0,0,0,0,0,0,0
1964,1,1729,M,28.5509,Risk:LOW,0,0,8,0,0,0,1,0,0,0,12,0,0,0,4,0,0,0,9,0,0,0,11,0,0,0,12,0
1964,1,1730,M,14.4248,Risk:LOW,0,0,0,0,0,0,0,0,0,0,0,0,0,0,0,0,0,0,0,0,0,0,0,0,0,0,0,0
1964,1,1731,M,47.8043,Risk:LOW,0,0,28,0,0,0,1,0,0,0,52,0,0,0,15,0,0,0,27,0,0,0,36,0,0,0,48,0
1964,1,1732,F,37.2035,Risk:LOW,0,0,21,0,0,0,0,0,0,0,39,0,0,0,14,0,0,0,19,0,0,0,28,0,0,0,35,0
1964,1,1733,F,21.6453,Risk:LOW,0,0,3,0,0,0,0,0,0,0,5,0,0,0,1,0,0,0,4,0,0,0,4,0,0,0,5,0
1964,1,1734,F,47.8756,Risk:LOW,0,0,28,0,0,0,0,0,0,0,51,0,0,0,15,0,0,0,25,0,0,0,33,0,0,0,44,0
1964,1,1735,M,28.6665,Risk:LOW,0,0,3,0,0,0,0,0,0,0,8,0,0,0,1,0,0,0,3,0,0,0,7,0,0,0,8,0
1964,1,1736,M,40.4858,Risk:LOW,0,0,20,0,0,0,0,0,0,0,36,0,0,0,7,0,0,0,20,0,0,0,29,0,0,0,37,0
1964,1,1737,F,8.41526,Risk:LOW,0,0,0,0,0,0,0,0,0,0,0,0,0,0,0,0,0,0,0,0,0,0,0,0,0,0,0,0
1964,1,1738,M,11.4174,Risk:LOW,0,0,0,0,0,0,0,0,0,0,0,0,0,0,0,0,0,0,0,0,0,0,0,0,0,0,0,0
1964,1,1739,M,30.8216,Risk:LOW,0,0,10,0,0,0,0,0,0,0,21,0,0,0,6,0,0,0,11,0,0,0,17,0,0,0,21,0
1964,1,1740,F,47.0121,Risk:LOW,0,0,15,0,0,0,0,0,0,0,43,0,0,0,5,0,0,0,15,0,0,0,28,0,0,0,39,0
