{
    "Metadata": {
        "Author": "dbridenbecker", 
        "NodeCount": 1, 
        "Tool": "notepad", 
        "IdReference": "0", 
        "DateCreated": "2015-3-21"
    },
    "Defaults": {
        "Society" : {
            "COMMERCIAL" :
            {
                "Pair_Formation_Parameters" :
                {
                    "Formation_Rate_Type" : "CONSTANT",
                    "Formation_Rate_Constant": 0.001,
                    "Update_Period" : 1.0,
                    "Number_Age_Bins_Male"   : 6,
                    "Number_Age_Bins_Female" : 6,
                    "Age_of_First_Bin_Edge_Male"   : 15,
                    "Age_of_First_Bin_Edge_Female" : 15,
                    "Years_Between_Bin_Edges_Male"   : 10,
                    "Years_Between_Bin_Edges_Female" : 10,
                    "Joint_Probabilities" :
                    [
                        [ 0.019607843, 0.019607843, 0.019607843, 0,           0,           0           ],
                        [ 0.039215686, 0.039215686, 0.019607843, 0.019607843, 0,           0           ],
                        [ 0.058823529, 0.039215686, 0.039215686, 0.019607843, 0.019607843, 0           ],
                        [ 0.058823529, 0.058823529, 0.039215686, 0.019607843, 0.019607843, 0           ],
                        [ 0.058823529, 0.058823529, 0.058823529, 0.039215686, 0.019607843, 0.019607843 ],
                        [ 0.019607843, 0.039215686, 0.058823529, 0.039215686, 0.019607843, 0.019607843 ]
                    ]
                }
            }
        }
    }
}