{
	"Age Bins" : [
		1,
		2,
		3,
		4,
		5,
		6,
		7,
		8,
		9,
		10,
		11,
		12,
		13,
		14,
		15,
		20,
		25,
		30,
		40,
		50,
		60,
		1000
	],
	"MSP Mean by Age Bin" : [
		[
			0.236983,
			0.564518,
			0.780671,
			0.898682,
			0.906251,
			0.933527,
			0.948814,
			0.993659,
			1,
			1,
			1,
			1,
			1,
			1,
			1,
			1,
			1,
			1,
			1,
			1,
			1,
			1
		]
	],
	"Non-Specific Mean by Age Bin" : [
		[
			0.0226628,
			0.0696043,
			0.123278,
			0.176279,
			0.220333,
			0.272298,
			0.312727,
			0.359481,
			0.401972,
			0.435629,
			0.49477,
			0.532781,
			0.565356,
			0.612648,
			0.643718,
			0.74396,
			0.854206,
			0.929377,
			0.966984,
			0.991347,
			0.995525,
			0.995862
		]
	],
	"PfEMP1 Mean by Age Bin" : [
		[
			0.034336,
			0.114068,
			0.207128,
			0.295396,
			0.371154,
			0.448813,
			0.506384,
			0.565994,
			0.619357,
			0.658775,
			0.709419,
			0.742306,
			0.77031,
			0.802844,
			0.821973,
			0.869069,
			0.92114,
			0.953434,
			0.973951,
			0.989104,
			0.994189,
			0.995064
		]
	],
	"MSP StdDev by Age Bin" : [
		[
			0.19457,
			0.169101,
			0.121539,
			0.0940629,
			0.0856602,
			0.0712565,
			0.0685001,
			0.0294214,
			0,
			0,
			0,
			0,
			0,
			0,
			0,
			0,
			0,
			0,
			0,
			0,
			0,
			0
		]
	],
	"Non-Specific StdDev by Age Bin" : [
		[
			0.0180443,
			0.0238117,
			0.0266697,
			0.023765,
			0.0260194,
			0.028065,
			0.029033,
			0.0275984,
			0.0368483,
			0.0387942,
			0.0477546,
			0.0371841,
			0.0376997,
			0.0426192,
			0.0366591,
			0.0658354,
			0.0541541,
			0.0283178,
			0.0209521,
			0.00765421,
			0.00510685,
			0.00386034
		]
	],
	"PfEMP1 StdDev by Age Bin" : [
		[
			0.0283998,
			0.0382849,
			0.0425395,
			0.0350384,
			0.0368017,
			0.0309503,
			0.0298808,
			0.0268572,
			0.0280133,
			0.0233341,
			0.0279785,
			0.0207229,
			0.0171815,
			0.0163391,
			0.0119265,
			0.0283516,
			0.0222146,
			0.00975027,
			0.00976851,
			0.00498634,
			0.003177,
			0.0021665
		]
	]
}