{
    "ntsteps": 73,
    "patient_array": [
        {
            "id": 29,
            "node_id": 340461476,
            "initial_age": 362.6461181641,
            "local_birthday": -331.6461181641,
            "strain_ids": [
                [
                    0,
                    0
                ]
            ],
            "true_asexual_parasites": [
                [
                    961.5959472656
                ]
            ],
            "true_gametocytes": [
                [
                    5476.301757813
                ]
            ],
            "asexual_parasites": [
                [
                    920
                ]
            ],
            "gametocytes": [
                [
                    5260
                ]
            ],
            "infectiousness": [
                [
                    0.9999998807907
                ]
            ],
            "pos_asexual_fields": [
                [
                    185
                ]
            ],
            "pos_gametocyte_fields": [
                [
                    200
                ]
            ],
            "temps": [
                [
                    38.10043334961
                ]
            ],
            "rdt": [
                [
                    1
                ]
            ]
        },
        {
            "id": 143,
            "node_id": 340461476,
            "initial_age": 460.5679016113,
            "local_birthday": -448.5679016113,
            "strain_ids": [
                [
                    0,
                    6310225
                ],
                [
                    0,
                    15980977
                ],
                [
                    0,
                    16254469
                ]
            ],
            "true_asexual_parasites": [
                [
                    535.5586547852
                ]
            ],
            "true_gametocytes": [
                [
                    584.8842773438
                ]
            ],
            "asexual_parasites": [
                [
                    640
                ]
            ],
            "gametocytes": [
                [
                    510
                ]
            ],
            "infectiousness": [
                [
                    0.8595262169838
                ]
            ],
            "pos_asexual_fields": [
                [
                    141
                ]
            ],
            "pos_gametocyte_fields": [
                [
                    156
                ]
            ],
            "temps": [
                [
                    38.03341674805
                ]
            ],
            "rdt": [
                [
                    1
                ]
            ]
        },
        {
            "id": 152,
            "node_id": 340461476,
            "initial_age": 1929.383544922,
            "local_birthday": -1880.383544922,
            "strain_ids": [
                [
                    0,
                    9045468
                ]
            ],
            "true_asexual_parasites": [
                [
                    602.9905395508,
                    1331.720336914
                ]
            ],
            "true_gametocytes": [
                [
                    0,
                    292.2590026855
                ]
            ],
            "asexual_parasites": [
                [
                    810,
                    190
                ]
            ],
            "gametocytes": [
                [
                    0,
                    500
                ]
            ],
            "infectiousness": [
                [
                    0,
                    0.7266830205917
                ]
            ],
            "pos_asexual_fields": [
                [
                    150,
                    193
                ]
            ],
            "pos_gametocyte_fields": [
                [
                    0,
                    103
                ]
            ],
            "temps": [
                [
                    38.07255554199,
                    38.13465881348
                ]
            ],
            "rdt": [
                [
                    1,
                    1
                ]
            ]
        },
        {
            "id": 203,
            "node_id": 340461476,
            "initial_age": 5999.66796875,
            "local_birthday": -5935.66796875,
            "strain_ids": [
                [
                    0,
                    0
                ]
            ],
            "true_asexual_parasites": [
                [
                    914.44921875
                ]
            ],
            "true_gametocytes": [
                [
                    15.66659832001
                ]
            ],
            "asexual_parasites": [
                [
                    940
                ]
            ],
            "gametocytes": [
                [
                    0
                ]
            ],
            "infectiousness": [
                [
                    0.04387046024203
                ]
            ],
            "pos_asexual_fields": [
                [
                    174
                ]
            ],
            "pos_gametocyte_fields": [
                [
                    10
                ]
            ],
            "temps": [
                [
                    38.16554641724
                ]
            ],
            "rdt": [
                [
                    1
                ]
            ]
        },
        {
            "id": 383,
            "node_id": 340461476,
            "initial_age": 1063.527587891,
            "local_birthday": -1060.527587891,
            "strain_ids": [
                [
                    0,
                    0
                ],
                [
                    0,
                    0
                ]
            ],
            "true_asexual_parasites": [
                [
                    975.1551513672
                ]
            ],
            "true_gametocytes": [
                [
                    193.9864196777
                ]
            ],
            "asexual_parasites": [
                [
                    1070
                ]
            ],
            "gametocytes": [
                [
                    200
                ]
            ],
            "infectiousness": [
                [
                    0.4736677706242
                ]
            ],
            "pos_asexual_fields": [
                [
                    184
                ]
            ],
            "pos_gametocyte_fields": [
                [
                    60
                ]
            ],
            "temps": [
                [
                    38.01131820679
                ]
            ],
            "rdt": [
                [
                    1
                ]
            ]
        },
        {
            "id": 499,
            "node_id": 340461476,
            "initial_age": 5386.94140625,
            "local_birthday": -5381.94140625,
            "strain_ids": [
                [
                    0,
                    9616907
                ]
            ],
            "true_asexual_parasites": [
                [
                    1779.862426758
                ]
            ],
            "true_gametocytes": [
                [
                    4.71191788165e-06
                ]
            ],
            "asexual_parasites": [
                [
                    200
                ]
            ],
            "gametocytes": [
                [
                    0
                ]
            ],
            "infectiousness": [
                [
                    2.177695179739e-08
                ]
            ],