{
	"Age Bins" : [
		0,
		10,
		20,
		30,
		40,
		50,
		60,
		70,
		80,
		90,
		100,
		1000
	],
	"MSP Mean by Age Bin" : [
		[
			0,
			0.341335,
			0.778446,
			0.87114,
			0.868896,
			0.8649,
			0.859802,
			0.858984,
			0.85982,
			0.860396,
			0.873636,
			0.875321
		],
		[
			0,
			0.334509,
			0.777844,
			0.871877,
			0.869674,
			0.867299,
			0.859877,
			0.858865,
			0.86228,
			0.862085,
			0.873848,
			0.876777
		],
		[
			0,
			0.32964,
			0.77575,
			0.87256,
			0.871886,
			0.869347,
			0.861003,
			0.860411,
			0.868474,
			0.860391,
			0.874129,
			0.877742
		],
		[
			0,
			0.313815,
			0.769678,
			0.872739,
			0.871992,
			0.869596,
			0.861938,
			0.860433,
			0.87,
			0.861,
			0.874,
			0.878
		],
		[
			0,
			0.297737,
			0.764647,
			0.871585,
			0.872254,
			0.869075,
			0.862553,
			0.860294,
			0.87,
			0.861,
			0.874,
			0.878
		],
		[
			0,
			0.288943,
			0.761117,
			0.871207,
			0.873102,
			0.868359,
			0.862578,
			0.860308,
			0.870695,
			0.861,
			0.874,
			0.878
		],
		[
			0,
			0.281195,
			0.757475,
			0.870927,
			0.873574,
			0.868082,
			0.863574,
			0.860268,
			0.871846,
			0.861342,
			0.878328,
			0.876356
		],
		[
			0,
			0.270684,
			0.753502,
			0.869236,
			0.874537,
			0.867775,
			0.864989,
			0.860492,
			0.871333,
			0.863,
			0.879861,
			0.87666
		],
		[
			0,
			0.260836,
			0.747366,
			0.869127,
			0.875221,
			0.867537,
			0.866398,
			0.860558,
			0.871333,
			0.863,
			0.883556,
			0.875672
		],
		[
			0,
			0.248638,
			0.741816,
			0.867035,
			0.875923,
			0.867153,
			0.867225,
			0.860199,
			0.871595,
			0.863,
			0.891429,
			0.87302
		],
		[
			0,
			0.238598,
			0.73795,
			0.864516,
			0.876996,
			0.867352,
			0.867764,
			0.860685,
			0.872103,
			0.864791,
			0.888,
			0.872273
		],
		[
			0,
			0.234208,
			0.736282,
			0.863336,
			0.87773,
			0.868309,
			0.868329,
			0.861137,
			0.874623,
			0.866,
			0.887568,
			0.873144
		],
		[
			0,
			0.22939,
			0.731595,
			0.864113,
			0.877958,
			0.869286,
			0.870134,
			0.862084,
			0.876221,
			0.866,
			0.889007,
			0.873636
		],
		[
			0,
			0.218389,
			0.725044,
			0.864456,
			0.878407,
			0.869429,
			0.870296,
			0.8625,
			0.877795,
			0.86553,
			0.89,
			0.873636
		],
		[
			0,
			0.21004,
			0.720022,
			0.864525,
			0.878646,
			0.869783,
			0.869771,
			0.863061,
			0.878049,
			0.868378,
			0.884665,
			0.875237
		]
	],
	"Non-Specific Mean by Age Bin" : [
		[
			0,
			0.758214,
			0.989662,
			0.997113,
			1,
			1,
			1,
			1,
			1,
			1,
			1,
			1
		],
		[
			0,
			0.744041,
			0.989827,
			0.997104,
			1,
			1,
			1,
			1,
			1,
			1,
			1,
			1
		],
		[
			0,
			0.736426,
			0.989984,
			0.99689,
			1,
			1,
			1,
			1,
			1,
			1,
			1,
			1
		],
		[
			0,
			0.7083,
			0.989424,
			0.996739,
			1,
			1,
			1,
			1,
			1,
			1,
			1,
			1
		],
		[
			0,
			0.682358,
			0.989213,
			0.996534,
			1,
			1,
			1,
			1,
			1,
			1,
			1,
			1
		],
		[
			0,
			0.666117,
			0.988984,
			0.996472,
			1,
			1,
			1,
			1,
			1,
			1,
			1,
			1
		],
		[
			0,
			0.653472,
			0.988862,
			0.996416,
			1,
			1,
			1,
			1,
			1,
			1,
			1,
			1
		],
		[
			0,
			0.634327,
			0.98867,
			0.996298,
			1,
			1,
			1,
			1,
			1,
			1,
			1,
			1
		],
		[
			0,
			0.619555,
			0.988407,
			0.996238,
			1,
			1,
			1,
			1,
			1,
			1,
			1,
			1
		],
		[
			0,
			0.600401,
			0.988075,
			0.996231,
			1,
			1,
			1,
			1,
			1,
			1,
			1,
			1
		],
		[
			0,
			0.580817,
			0.987762,
			0.996048,
			1,
			1,
			1,
			1,
			1,
			1,
			1,
			1
		],
		[
			0,
			0.575355,
			0.987755,
			0.995971,
			1,
			1,
			1,
			1,
			1,
			1,
			1,
			1
		],
		[
			0,
			0.571247,
			0.987633,
			0.996037,
			1,
			1,
			1,
			1,
			1,
			1,
			1,
			1
		],
		[
			0,
			0.558548,
			0.987064,
			0.995984,
			1,
			1,
			1,
			1,
			1,
			1,
			1,
			1
		],
		[
			0,
			0.545777,
			0.986624,
			0.996006,
			1,
			1,
			1,
			1,
			1,
			1,
			1,
			1
		]
	],
	"PfEMP1 Mean by Age Bin" : [
		[
			0,
			0.560298,
			0.91991,
			0.971949,
			0.978351,
			0.978546,
			0.978189,
			0.978296,
			0.978186,
			0.978559,
			0.980636,
			0.980986
		],
		[
			0,
			0.548418,
			0.919344,
			0.971873,
			0.978442,
			0.978895,
			0.97816,
			0.978184,
			0.978389,
			0.978685,
			0.980704,
			0.981084
		],
		[
			0,
			0.541342,
			0.918229,
			0.971576,
			0.978728,
			0.979213,
			0.978409,
			0.978449,
			0.979315,
			0.978258,
			0.980995,
			0.98139
		],
		[
			0,
			0.52339,
			0.915639,
			0.971352,
			0.978781,
			0.979298,
			0.97867,
			0.978643,
			0.979763,
			0.978212,
			0.9811,
			0.981599
		],
		[
			0,
			0.503387,
			0.913377,
			0.970656,
			0.978825,
			0.979238,
			0.978766,
			0.978676,
			0.979806,
			0.9783,
			0.9811,
			0.98165
		],
		[
			0,
			0.490476,
			0.911682,
			0.9701,
			0.978886,
			0.979154,
			0.978772,
			0.978676,
			0.979857,
			0.9783,
			0.9811,
			0.981684
		],
		[
			0,
			0.479078,
			0.909866,
			0.969644,
			0.97884,
			0.979147,
			0.978879,
			0.978689,
			0.979825,
			0.9783,
			0.981508,
			0.981555
		],
		[
			0,
			0.462654,
			0.907615,
			0.968673,
			0.978934,
			0.979045,
			0.979025,
			0.978759,
			0.979733,
			0.9783,
			0.981494,
			0.981605
		],
		[
			0,
			0.450057,
			0.904583,
			0.968404,
			0.979002,
			0.978968,
			0.979205,
			0.978781,
			0.979748,
			0.97837,
			0.981704,
			0.981585
		],
		[
			0,
			0.433754,
			0.901931,
			0.967302,
			0.979056,
			0.978892,
			0.979334,
			0.978654,
			0.980008,
			0.9784,
			0.982857,
			0.981165
		],
		[
			0,
			0.41772,
			0.899825,
			0.966156,
			0.979112,
			0.978903,
			0.979392,
			0.978594,
			0.980248,
			0.978678,
			0.98237,
			0.981068
		],
		[
			0,
			0.410814,
			0.898576,
			0.965456,
			0.979189,
			0.978976,
			0.97936,
			0.978715,
			0.980295,
			0.978995,
			0.98225,
			0.981224
		],
		[
			0,
			0.404509,
			0.896263,
			0.965429,
			0.979257,
			0.979131,
			0.97963,
			0.978806,
			0.98058,
			0.979337,
			0.982353,
			0.981387
		],
		[
			0,
			0.396435,
			0.893566,
			0.96523,
			0.979323,
			0.979244,
			0.979716,
			0.978892,
			0.980731,
			0.979525,
			0.982457,
			0.981451
		],
		[
			0,
			0.388377,
			0.891194,
			0.96497,
			0.979297,
			0.979332,
			0.979667,
			0.979012,
			0.98078,
			0.979969,
			0.981761,
			0.981698
		]
	],