{
    "ntsteps": 73,
    "patient_array": [
        {
            "id": 127,
            "node_id": 340461476,
            "initial_age": 1096.826171875,
            "local_birthday": -1043.826171875,
            "strain_ids": [
                [
                    0,
                    9045468
                ]
            ],
            "true_asexual_parasites": [
                [
                    2821.506835938,
                    1442.213256836
                ]
            ],
            "true_gametocytes": [
                [
                    0,
                    2951.769287109
                ]
            ],
            "asexual_parasites": [
                [
                    210,
                    110
                ]
            ],
            "gametocytes": [
                [
                    0,
                    2740
                ]
            ],
            "infectiousness": [
                [
                    0,
                    0.9999994635582
                ]
            ],
            "pos_asexual_fields": [
                [
                    200,
                    194
                ]
            ],
            "pos_gametocyte_fields": [
                [
                    0,
                    200
                ]
            ],
            "temps": [
                [
                    38.9268913269,
                    38.23840332031
                ]
            ],
            "rdt": [
                [
                    1,
                    1
                ]
            ]
        },
        {
            "id": 152,
            "node_id": 340461476,
            "initial_age": 1969.383544922,
            "local_birthday": -1953.383544922,
            "strain_ids": [
                [
                    0,
                    9045468
                ]
            ],
            "true_asexual_parasites": [
                [
                    616.9578857422
                ]
            ],
            "true_gametocytes": [
                [
                    197.9293670654
                ]
            ],
            "asexual_parasites": [
                [
                    670
                ]
            ],
            "gametocytes": [
                [
                    180
                ]
            ],
            "infectiousness": [
                [
                    0.4774387478828
                ]
            ],
            "pos_asexual_fields": [
                [
                    157
                ]
            ],
            "pos_gametocyte_fields": [
                [
                    81
                ]
            ],
            "temps": [
                [
                    38.08963012695
                ]
            ],
            "rdt": [
                [
                    1
                ]
            ]
        },
        {
            "id": 187,
            "node_id": 340461476,
            "initial_age": 8702.936523438,
            "local_birthday": -8652.936523438,
            "strain_ids": [
                [
                    0,
                    6310225
                ]
            ],
            "true_asexual_parasites": [
                [
                    642.1834716797
                ]
            ],
            "true_gametocytes": [
                [
                    0
                ]
            ],
            "asexual_parasites": [
                [
                    720
                ]
            ],
            "gametocytes": [
                [
                    0
                ]
            ],
            "infectiousness": [
                [
                    0
                ]
            ],
            "pos_asexual_fields": [
                [
                    163
                ]
            ],
            "pos_gametocyte_fields": [
                [
                    0
                ]
            ],
            "temps": [
                [
                    38.10570526123
                ]
            ],
            "rdt": [
                [
                    1
                ]
            ]
        },
        {
            "id": 435,
            "node_id": 340461476,
            "initial_age": 2288.463378906,
            "local_birthday": -2239.463378906,
            "strain_ids": [
                [
                    0,
                    6310225
                ]
            ],
            "true_asexual_parasites": [
                [
                    1366.025024414
                ]
            ],
            "true_gametocytes": [
                [
                    0
                ]
            ],
            "asexual_parasites": [
                [
                    150
                ]
            ],
            "gametocytes": [
                [
                    0
                ]
            ],
            "infectiousness": [
                [
                    0
                ]
            ],
            "pos_asexual_fields": [
                [
                    192
                ]
            ],
            "pos_gametocyte_fields": [
                [
                    0
                ]
            ],
            "temps": [
                [
                    38.15737533569
                ]
            ],
            "rdt": [
                [
                    1
                ]
            ]
        },
        {
            "id": 513,
            "node_id": 340461476,
            "initial_age": 1934.767456055,
            "local_birthday": -1890.767456055,
            "strain_ids": [
                [
                    0,
                    0
                ]
            ],
            "true_asexual_parasites": [
                [
                    2032.962890625
                ]
            ],
            "true_gametocytes": [
                [
                    0.0002588578208815
                ]
            ],
            "asexual_parasites": [
                [
                    180
                ]
            ],
            "gametocytes": [
                [
                    0
                ]
            ],
            "infectiousness": [
                [
                    7.513038440266e-07
                ]
            ],
            "pos_asexual_fields": [
                [
                    200
                ]
            ],
            "pos_gametocyte_fields": [
                [
                    0
                ]
            ],
            "temps": [
                [
                    38.43681335449
                ]
            ],
            "rdt": [
                [
                    0
                ]
            ]
        },
        {
            "id": 552,
            "node_id": 340461476,
            "initial_age": 499.1202087402,
            "local_birthday": -451.1202087402,
            "strain_ids": [
                [
                    0,
                    6310225
                ]
            ],
            "true_asexual_parasites": [
                [
                    2982.118652344
                ]
            ],
            "true_gametocytes": [
                [
                    0
                ]
            ],
            "asexual_parasites": [
                [
                    180
                ]
            ],
            "gametocytes": [
                [
                    0
                ]
            ],
            "infectiousness": [
                [
                    0
                ]
            ],
            "pos_asexual_fields": [
                [
                    200
                ]
            ],
            "pos_gametocyte_fields": [
                [
                    0
                ]
            ],
            "temps": [
                [
                    38.97623825073
                ]
            ],