{
	"Age Bins" : [
		0,
		10,
		20,
		30,
		40,
		50,
		60,
		70,
		80,
		90,
		100,
		1000
	],
	"MSP Mean by Age Bin" : [
		[
			0,
			0.356591,
			0.775905,
			0.869002,
			0.870753,
			0.870049,
			0.870006,
			0.86667,
			0.864856,
			0.855,
			0.865714,
			0.876364
		],
		[
			0,
			0.353433,
			0.774261,
			0.869026,
			0.872159,
			0.871218,
			0.870572,
			0.867971,
			0.865516,
			0.856219,
			0.86771,
			0.876663
		],
		[
			0,
			0.350378,
			0.772601,
			0.87085,
			0.873989,
			0.872557,
			0.873315,
			0.867846,
			0.867275,
			0.858808,
			0.871174,
			0.878182
		],
		[
			0,
			0.339347,
			0.768816,
			0.870373,
			0.87484,
			0.872647,
			0.873696,
			0.867778,
			0.867473,
			0.859,
			0.871429,
			0.878182
		],
		[
			0,
			0.328334,
			0.763935,
			0.868333,
			0.875663,
			0.872822,
			0.873832,
			0.868205,
			0.868079,
			0.858149,
			0.872195,
			0.878182
		],
		[
			0,
			0.311242,
			0.759345,
			0.86747,
			0.875926,
			0.873179,
			0.873703,
			0.868197,
			0.868245,
			0.855967,
			0.87375,
			0.878182
		],
		[
			0,
			0.295096,
			0.755478,
			0.867982,
			0.875436,
			0.87461,
			0.874377,
			0.869216,
			0.869407,
			0.855455,
			0.868913,
			0.880098
		],
		[
			0,
			0.285146,
			0.75109,
			0.869222,
			0.875477,
			0.875613,
			0.873959,
			0.870761,
			0.869381,
			0.856497,
			0.871667,
			0.878462
		],
		[
			0,
			0.277411,
			0.746125,
			0.868788,
			0.875752,
			0.875879,
			0.873836,
			0.87,
			0.869375,
			0.856667,
			0.871667,
			0.878462
		],
		[
			0,
			0.266952,
			0.738806,
			0.8692,
			0.876183,
			0.875902,
			0.87396,
			0.870708,
			0.869475,
			0.857574,
			0.871667,
			0.878462
		],
		[
			0,
			0.251139,
			0.731996,
			0.868787,
			0.876838,
			0.876166,
			0.873659,
			0.871613,
			0.870667,
			0.857777,
			0.871849,
			0.878462
		],
		[
			0,
			0.244362,
			0.727076,
			0.868021,
			0.878161,
			0.876526,
			0.874818,
			0.873344,
			0.868925,
			0.858751,
			0.873333,
			0.878472
		],
		[
			0,
			0.240842,
			0.723578,
			0.868291,
			0.87952,
			0.876986,
			0.87653,
			0.874315,
			0.870594,
			0.859207,
			0.873832,
			0.879394
		],
		[
			0,
			0.231968,
			0.71683,
			0.868329,
			0.880154,
			0.877393,
			0.877076,
			0.874237,
			0.872633,
			0.859822,
			0.875342,
			0.879286
		],
		[
			0,
			0.222307,
			0.70926,
			0.865844,
			0.880966,
			0.877226,
			0.877504,
			0.874194,
			0.873288,
			0.863961,
			0.87285,
			0.879286
		]
	],
	"Non-Specific Mean by Age Bin" : [
		[
			0,
			0.782261,
			0.988893,
			0.99693,
			1,
			1,
			1,
			1,
			1,
			1,
			1,
			1
		],
		[
			0,
			0.776398,
			0.989175,
			0.996804,
			1,
			1,
			1,
			1,
			1,
			1,
			1,
			1
		],
		[
			0,
			0.772295,
			0.989438,
			0.996803,
			1,
			1,
			1,
			1,
			1,
			1,
			1,
			1
		],
		[
			0,
			0.756951,
			0.98916,
			0.996774,
			1,
			1,
			1,
			1,
			1,
			1,
			1,
			1
		],
		[
			0,
			0.736356,
			0.988455,
			0.996746,
			1,
			1,
			1,
			1,
			1,
			1,
			1,
			1
		],
		[
			0,
			0.703427,
			0.988137,
			0.99663,
			1,
			1,
			1,
			1,
			1,
			1,
			1,
			1
		],
		[
			0,
			0.675836,
			0.987785,
			0.996517,
			1,
			1,
			1,
			1,
			1,
			1,
			1,
			1
		],
		[
			0,
			0.65793,
			0.987402,
			0.996556,
			1,
			1,
			1,
			1,
			1,
			1,
			1,
			1
		],
		[
			0,
			0.648388,
			0.987295,
			0.99647,
			1,
			1,
			1,
			1,
			1,
			1,
			1,
			1
		],
		[
			0,
			0.634533,
			0.987014,
			0.996469,
			1,
			1,
			1,
			1,
			1,
			1,
			1,
			1
		],
		[
			0,
			0.610124,
			0.986654,
			0.99646,
			1,
			1,
			1,
			1,
			1,
			1,
			1,
			1
		],
		[
			0,
			0.601821,
			0.986416,
			0.996423,
			1,
			1,
			1,
			1,
			1,
			1,
			1,
			1
		],
		[
			0,
			0.601363,
			0.986404,
			0.996386,
			1,
			1,
			1,
			1,
			1,
			1,
			1,
			1
		],
		[
			0,
			0.587725,
			0.98588,
			0.996459,
			1,
			1,
			1,
			1,
			1,
			1,
			1,
			1
		],
		[
			0,
			0.568783,
			0.984947,
			0.996322,
			1,
			1,
			1,
			1,
			1,
			1,
			1,
			1
		]
	],
	"PfEMP1 Mean by Age Bin" : [
		[
			0,
			0.580591,
			0.918869,
			0.970703,
			0.978578,
			0.979477,
			0.979848,
			0.979496,
			0.97935,
			0.9776,
			0.979286,
			0.980984
		],
		[
			0,
			0.57411,
			0.917958,
			0.970373,
			0.978765,
			0.97969,
			0.97987,
			0.979703,
			0.979619,
			0.97777,
			0.979286,
			0.981107
		],
		[
			0,
			0.570282,
			0.917231,
			0.970503,
			0.979155,
			0.979886,
			0.980425,
			0.979748,
			0.980261,
			0.978353,
			0.979787,
			0.981182
		],
		[
			0,
			0.561857,
			0.915683,
			0.970148,
			0.979324,
			0.979996,
			0.980604,
			0.979896,
			0.980437,
			0.978708,
			0.980084,
			0.981268
		],
		[
			0,
			0.547698,
			0.913259,
			0.969316,
			0.979446,
			0.980011,
			0.980589,
			0.980091,
			0.980616,
			0.978519,
			0.980261,
			0.981273
		],
		[
			0,
			0.521747,
			0.910965,
			0.968769,
			0.979413,
			0.980066,
			0.980565,
			0.980093,
			0.980611,
			0.978204,
			0.980526,
			0.981273
		],
		[
			0,
			0.497834,
			0.909035,
			0.968525,
			0.979263,
			0.980217,
			0.980578,
			0.980251,
			0.980652,
			0.978273,
			0.980226,
			0.981586
		],
		[
			0,
			0.48199,
			0.90677,
			0.968586,
			0.979179,
			0.980359,
			0.980501,
			0.980412,
			0.980576,
			0.97854,
			0.980667,
			0.981395
		],
		[
			0,
			0.473319,
			0.904247,
			0.968012,
			0.97921,
			0.980486,
			0.980387,
			0.980267,
			0.980562,
			0.978656,
			0.980667,
			0.981462
		],
		[
			0,
			0.460434,
			0.900938,
			0.967801,
			0.979159,
			0.980519,
			0.980423,
			0.980313,
			0.980653,
			0.978748,
			0.980667,
			0.981462
		],
		[
			0,
			0.438119,
			0.897649,
			0.967352,
			0.979128,
			0.980552,
			0.980428,
			0.9805,
			0.980667,
			0.978769,
			0.980667,
			0.981462
		],
		[
			0,
			0.428656,
			0.895161,
			0.966517,
			0.979141,
			0.980602,
			0.980568,
			0.980865,
			0.980423,
			0.978805,
			0.980822,
			0.981537
		],
		[
			0,
			0.42658,
			0.893651,
			0.966242,
			0.979246,
			0.98069,
			0.980864,
			0.981042,
			0.9804,
			0.978968,
			0.980958,
			0.981897
		],
		[
			0,
			0.419339,
			0.890787,
			0.966037,
			0.979338,
			0.980693,
			0.981008,
			0.981174,
			0.980473,
			0.979181,
			0.98114,
			0.982
		],
		[
			0,
			0.407504,
			0.886899,
			0.964906,
			0.979362,
			0.980688,
			0.981125,
			0.981252,
			0.9805,
			0.980014,
			0.980832,
			0.982056
		]
	],